File_Path,Original_Text,Target_Translation
Impact\Content\Assets\Audio\DialogueVoices\DV_Speaker_Alex.json,Alex,
Impact\Content\Assets\Audio\DialogueVoices\DV_Speaker_Evgeniy.json,Evgeniy,
Impact\Content\Assets\Audio\DialogueVoices\DV_Speaker_GenghisKhan.json,Genghis Khan,
Impact\Content\Assets\Audio\DialogueVoices\DV_Speaker_Max.json,Max,
Impact\Content\Assets\Audio\DialogueVoices\DV_Speaker_Oksana.json,Oksana,
Impact\Content\Assets\Audio\DialogueVoices\DV_Speaker_OldMan.json,Old Man,
Impact\Content\Assets\Audio\DialogueVoices\DV_Speaker_Petya.json,Petya,
Impact\Content\Assets\Audio\DialogueVoices\DV_Speaker_Priest.json,Priest,
Impact\Content\Assets\Audio\DialogueVoices\DV_Speaker_Serdar.json,Serdar,
Impact\Content\Assets\Audio\DialogueVoices\DV_Speaker_Sergey.json,Sergey,
Impact\Content\Assets\Audio\DialogueVoices\DV_Speaker_Tamir.json,Tamir,
Impact\Content\Assets\Audio\DialogueVoices\DV_Speaker_Tasia.json,Tasia,
Impact\Content\Assets\Audio\DialogueVoices\DV_Speaker_Yana.json,Yana,
Impact\Content\Assets\Audio\VO\PlayerVO\Barks_Generic\PlayerBark_General_Narrative_CurseDamn_Sub.json,Damn.,
Impact\Content\Assets\Audio\VO\PlayerVO\Barks_Generic\PlayerBark_General_Narrative_CurseDamnIt_Sub.json,Damn it!,
Impact\Content\Assets\Audio\VO\PlayerVO\Barks_Generic\PlayerBark_General_Narrative_CurseHell_Sub.json,Hell.,
Impact\Content\Assets\Audio\VO\PlayerVO\Barks_Generic\PlayerBark_General_Narrative_CurseShit_Sub.json,Shit.,
Impact\Content\Assets\Audio\VO\PlayerVO\Barks_Generic\PlayerBark_General_Narrative_Ohno_Sub.json,Oh no.,
Impact\Content\Assets\Audio\VO\PlayerVO\Barks_Spiders\PlayerBark_General_Narrative_Spiders_Sub.json,Spiders?,
Impact\Content\Assets\Audio\VO\PlayerVO\Barks_Spiders\PlayerBark_General_Narrative_SpiderScream_Sub.json,Aaahh!,
Impact\Content\Assets\Audio\VO\PlayerVO\Inventory\Disabled\PlayerBark_Inventory_Disabled_01_Sub.json,They took my backpack.,
Impact\Content\Assets\Audio\VO\PlayerVO\Inventory\Disabled\PlayerBark_Inventory_Disabled_02_Sub.json,They took my backpack.,
Impact\Content\Assets\Audio\VO\PlayerVO\Inventory\Disabled\PlayerBark_Inventory_Disabled_03_Sub.json,They took my backpack.,
Impact\Content\Assets\Audio\VO\PlayerVO\Inventory\FullOnItem\PlayerBark_Inventory_Full_ICantCarryAnyMore_1_Sub.json,I can’t carry any more.,
Impact\Content\Assets\Audio\VO\PlayerVO\Inventory\FullOnItem\PlayerBark_Inventory_Full_ICantCarryAnyMore_2_Sub.json,I can’t carry any more.,
Impact\Content\Assets\Audio\VO\PlayerVO\Inventory\FullOnItem\PlayerBark_Inventory_Full_ICantCarryAnyMoreItems_1_Sub.json,I can’t carry any more items.,
Impact\Content\Assets\Audio\VO\PlayerVO\Inventory\FullOnItem\PlayerBark_Inventory_Full_ICantCarryAnyMoreItems_2_Sub.json,I can’t carry any more items.,
Impact\Content\Assets\Audio\VO\PlayerVO\Inventory\FullOnItem\PlayerBark_Inventory_Full_ImFullOnThese_1_Sub.json,I’m full on these.,
Impact\Content\Assets\Audio\VO\PlayerVO\Inventory\FullOnItem\PlayerBark_Inventory_Full_ImFullOnThese_2_Sub.json,I’m full on these.,
Impact\Content\Assets\Audio\VO\PlayerVO\Inventory\FullOnItem\PlayerBark_Inventory_Full_MyBagIsFull_1_Sub.json,My bag is full.,
Impact\Content\Assets\Audio\VO\PlayerVO\Inventory\FullOnItem\PlayerBark_Inventory_Full_MyBagIsFull_2_Sub.json,My bag is full.,
Impact\Content\Assets\Audio\VO\PlayerVO\Inventory\FullOnItemBlowgun\PlayerBark_Inventory_Full_ICantCarryAnyMoreDarts_1_Sub.json,I can’t carry any more darts.,
Impact\Content\Assets\Audio\VO\PlayerVO\Inventory\FullOnItemBlowgun\PlayerBark_Inventory_Full_ICantCarryAnyMoreDarts_2_Sub.json,I can’t carry any more darts.,
Impact\Content\Assets\Audio\VO\PlayerVO\Inventory\FullOnItemFilters\PlayerBark_Inventory_Full_ICantCarryAnyMoreFilters_1_Sub.json,I can’t carry any more filters.,
Impact\Content\Assets\Audio\VO\PlayerVO\Inventory\FullOnItemFilters\PlayerBark_Inventory_Full_ICantCarryAnyMoreFilters_2_Sub.json,I can’t carry any more filters.,
Impact\Content\Assets\Audio\VO\PlayerVO\Inventory\FullOnItemGrenades\PlayerBark_Inventory_Full_ICantCarryAnyMoreGrenades_1_Sub.json,I can’t carry any more grenades.,
Impact\Content\Assets\Audio\VO\PlayerVO\Inventory\FullOnItemGrenades\PlayerBark_Inventory_Full_ICantCarryAnyMoreGrenades_2_Sub.json,I can’t carry any more grenades.,
Impact\Content\Assets\Audio\VO\PlayerVO\Inventory\FullOnItemPistol\PlayerBark_Inventory_Full_ICantCarryAnyMoreClips_1_Sub.json,I can’t carry any more clips.,
Impact\Content\Assets\Audio\VO\PlayerVO\Inventory\FullOnItemPistol\PlayerBark_Inventory_Full_ICantCarryAnyMoreClips_2_Sub.json,I can’t carry any more clips.,
Impact\Content\Assets\Audio\VO\PlayerVO\Inventory\FullOnItemRifle\PlayerBark_Inventory_Full_ICantCarryAnyMoreMagazines_1_Sub.json,I can’t carry any more magazines.,
Impact\Content\Assets\Audio\VO\PlayerVO\Inventory\FullOnItemRifle\PlayerBark_Inventory_Full_ICantCarryAnyMoreMagazines_2_Sub.json,I can’t carry any more magazines.,
Impact\Content\Assets\Audio\VO\PlayerVO\Inventory\FullOnItemShotgun\PlayerBark_Inventory_Full_ICantCarryAnyMoreShells_1_Sub.json,I can’t carry any more shells.,
Impact\Content\Assets\Audio\VO\PlayerVO\Inventory\FullOnItemShotgun\PlayerBark_Inventory_Full_ICantCarryAnyMoreShells_2_Sub.json,I can’t carry any more shells.,
Impact\Content\Assets\Audio\VO\PlayerVO\Inventory\FullOnItemSyringes\PlayerBark_Inventory_Full_ICantCarryAnyMoreVials_1_Sub.json,I can’t carry any more vials.,
Impact\Content\Assets\Audio\VO\PlayerVO\Inventory\FullOnItemSyringes\PlayerBark_Inventory_Full_ICantCarryAnyMoreVials_2_Sub.json,I can’t carry any more vials.,
Impact\Content\Assets\Audio\VO\PlayerVO\Inventory\FullOnItemSyringes\PlayerBark_Inventory_Full_MyMedkitIsFull_1_Sub.json,My medkit is full.,
Impact\Content\Assets\Audio\VO\PlayerVO\Inventory\FullOnItemSyringes\PlayerBark_Inventory_Full_MyMedkitIsFull_2_Sub.json,My medkit is full.,
Impact\Content\Assets\Audio\VO\PlayerVO\Inventory\LastItem\PlayerBark_Inventory_LastItem_AlmostEmpty_1_Sub.json,Almost empty.,
Impact\Content\Assets\Audio\VO\PlayerVO\Inventory\LastItem\PlayerBark_Inventory_LastItem_AlmostEmpty_2_Sub.json,Almost empty.,
Impact\Content\Assets\Audio\VO\PlayerVO\Inventory\LastItem\PlayerBark_Inventory_LastItem_AlmostOut_1_Sub.json,Almost out.,
Impact\Content\Assets\Audio\VO\PlayerVO\Inventory\LastItem\PlayerBark_Inventory_LastItem_AlmostOut_2_Sub.json,Almost out.,
Impact\Content\Assets\Audio\VO\PlayerVO\Inventory\LastItem\PlayerBark_Inventory_LastItem_AlmostOut_3_Sub.json,Almost out.,
Impact\Content\Assets\Audio\VO\PlayerVO\Inventory\LastItem\PlayerBark_Inventory_LastItem_LastItem_1_Sub.json,Last item.,
Impact\Content\Assets\Audio\VO\PlayerVO\Inventory\LastItem\PlayerBark_Inventory_LastItem_LastItem_2_Sub.json,Last item.,
Impact\Content\Assets\Audio\VO\PlayerVO\Inventory\LastItem\PlayerBark_Inventory_LastItem_OneItemLeft_1_Sub.json,One item left.,
Impact\Content\Assets\Audio\VO\PlayerVO\Inventory\LastItem\PlayerBark_Inventory_LastItem_OneItemLeft_2_Sub.json,One item left.,
Impact\Content\Assets\Audio\VO\PlayerVO\Inventory\LastItem\PlayerBark_Inventory_LastItem_OneLeft_1_Sub.json,One left.,
Impact\Content\Assets\Audio\VO\PlayerVO\Inventory\LastItem\PlayerBark_Inventory_LastItem_OneLeft_2_Sub.json,One left.,
Impact\Content\Assets\Audio\VO\PlayerVO\Inventory\LastItemFilters\PlayerBark_Inventory_LastItem_LastFilter_1_Sub.json,Last filter.,
Impact\Content\Assets\Audio\VO\PlayerVO\Inventory\LastItemFilters\PlayerBark_Inventory_LastItem_LastFilter_2_Sub.json,Last filter.,
Impact\Content\Assets\Audio\VO\PlayerVO\Inventory\LastItemFilters\PlayerBark_Inventory_LastItem_OneFilterLeft_1_Sub.json,One filter left.,
Impact\Content\Assets\Audio\VO\PlayerVO\Inventory\LastItemFilters\PlayerBark_Inventory_LastItem_OneFilterLeft_2_Sub.json,One filter left.,
Impact\Content\Assets\Audio\VO\PlayerVO\Inventory\LastItemGrenades\PlayerBark_Inventory_LastItem_LastGrenade_1_Sub.json,Last grenade.,
Impact\Content\Assets\Audio\VO\PlayerVO\Inventory\LastItemGrenades\PlayerBark_Inventory_LastItem_LastGrenade_2_Sub.json,Last grenade.,
Impact\Content\Assets\Audio\VO\PlayerVO\Inventory\LastItemGrenades\PlayerBark_Inventory_LastItem_OneGrenadeLeft_1_Sub.json,One grenade left.,
Impact\Content\Assets\Audio\VO\PlayerVO\Inventory\LastItemGrenades\PlayerBark_Inventory_LastItem_OneGrenadeLeft_2_Sub.json,One grenade left.,
Impact\Content\Assets\Audio\VO\PlayerVO\Inventory\LastItemPistol\PlayerBark_Inventory_LastItem_LastClip_1_Sub.json,Last clip.,
Impact\Content\Assets\Audio\VO\PlayerVO\Inventory\LastItemPistol\PlayerBark_Inventory_LastItem_LastClip_2_Sub.json,Last clip.,
Impact\Content\Assets\Audio\VO\PlayerVO\Inventory\LastItemPistol\PlayerBark_Inventory_LastItem_OneClipLeft_1_Sub.json,One clip left.,
Impact\Content\Assets\Audio\VO\PlayerVO\Inventory\LastItemPistol\PlayerBark_Inventory_LastItem_OneClipLeft_2_Sub.json,One clip left.,
Impact\Content\Assets\Audio\VO\PlayerVO\Inventory\LastItemRifle\PlayerBark_Inventory_LastItem_LastMag_1_Sub.json,Last mag.,
Impact\Content\Assets\Audio\VO\PlayerVO\Inventory\LastItemRifle\PlayerBark_Inventory_LastItem_LastMag_2_Sub.json,Last mag.,
Impact\Content\Assets\Audio\VO\PlayerVO\Inventory\LastItemRifle\PlayerBark_Inventory_LastItem_OneMagLeft_1_Sub.json,One mag left.,
Impact\Content\Assets\Audio\VO\PlayerVO\Inventory\LastItemRifle\PlayerBark_Inventory_LastItem_OneMagLeft_2_Sub.json,One mag left.,
Impact\Content\Assets\Audio\VO\PlayerVO\Inventory\LastItemShotgun\PlayerBark_Inventory_LastItem_LastShell_1_Sub.json,Last shell.,
Impact\Content\Assets\Audio\VO\PlayerVO\Inventory\LastItemShotgun\PlayerBark_Inventory_LastItem_LastShell_2_Sub.json,Last shell.,
Impact\Content\Assets\Audio\VO\PlayerVO\Inventory\LastItemShotgun\PlayerBark_Inventory_LastItem_OneShellLeft_1_Sub.json,One shell left.,
Impact\Content\Assets\Audio\VO\PlayerVO\Inventory\LastItemShotgun\PlayerBark_Inventory_LastItem_OneShellLeft_2_Sub.json,One shell left.,
Impact\Content\Assets\Audio\VO\PlayerVO\Inventory\LastItemSyringes\PlayerBark_Inventory_LastItem_LastVial_1_Sub.json,Last vial.,
Impact\Content\Assets\Audio\VO\PlayerVO\Inventory\LastItemSyringes\PlayerBark_Inventory_LastItem_LastVial_2_Sub.json,Last vial.,
Impact\Content\Assets\Audio\VO\PlayerVO\Inventory\LastItemSyringes\PlayerBark_Inventory_LastItem_OneVialLeft_1_Sub.json,One vial left.,
Impact\Content\Assets\Audio\VO\PlayerVO\Inventory\LastItemSyringes\PlayerBark_Inventory_LastItem_OneVialLeft_2_Sub.json,One vial left.,
Impact\Content\Assets\Audio\VO\PlayerVO\Inventory\OutOfItem\PlayerBark_Inventory_OutOfItem_IMAllOut_1_Sub.json,I‘m all out.,
Impact\Content\Assets\Audio\VO\PlayerVO\Inventory\OutOfItem\PlayerBark_Inventory_OutOfItem_IMAllOut_2_Sub.json,I‘m all out.,
Impact\Content\Assets\Audio\VO\PlayerVO\Inventory\OutOfItem\PlayerBark_Inventory_OutOfItem_IMEmpty_1_Sub.json,I‘m empty.,
Impact\Content\Assets\Audio\VO\PlayerVO\Inventory\OutOfItem\PlayerBark_Inventory_OutOfItem_IMEmpty_2_Sub.json,I‘m empty.,
Impact\Content\Assets\Audio\VO\PlayerVO\Inventory\OutOfItem\PlayerBark_Inventory_OutOfItem_IMOut_1_Sub.json,I‘m out.,
Impact\Content\Assets\Audio\VO\PlayerVO\Inventory\OutOfItem\PlayerBark_Inventory_OutOfItem_IMOut_2_Sub.json,I‘m out.,
Impact\Content\Assets\Audio\VO\PlayerVO\Inventory\OutOfItem\PlayerBark_Inventory_OutOfItem_ImOutOfItems_1_Sub.json,I’m out of items.,
Impact\Content\Assets\Audio\VO\PlayerVO\Inventory\OutOfItem\PlayerBark_Inventory_OutOfItem_ImOutOfItems_2_Sub.json,I’m out of items.,
Impact\Content\Assets\Audio\VO\PlayerVO\Inventory\OutOfItem\PlayerBark_Inventory_OutOfItem_NoneLeft_1_Sub.json,None left.,
Impact\Content\Assets\Audio\VO\PlayerVO\Inventory\OutOfItem\PlayerBark_Inventory_OutOfItem_NoneLeft_2_Sub.json,None left.,
Impact\Content\Assets\Audio\VO\PlayerVO\Inventory\OutOfItemFilters\PlayerBark_Inventory_OutOfItem_ImOutOfFilters_1_Sub.json,I’m out of filters.,
Impact\Content\Assets\Audio\VO\PlayerVO\Inventory\OutOfItemFilters\PlayerBark_Inventory_OutOfItem_ImOutOfFilters_2_Sub.json,I’m out of filters.,
Impact\Content\Assets\Audio\VO\PlayerVO\Inventory\OutOfItemGrenades\PlayerBark_Inventory_OutOfItem_ImOutOfGrenades_1_Sub.json,I’m out of grenades.,
Impact\Content\Assets\Audio\VO\PlayerVO\Inventory\OutOfItemGrenades\PlayerBark_Inventory_OutOfItem_ImOutOfGrenades_2_Sub.json,I’m out of grenades.,
Impact\Content\Assets\Audio\VO\PlayerVO\Inventory\OutOfItemPistol\PlayerBark_Inventory_OutOfItem_ImOutOfClips_1_Sub.json,I’m out of clips.,
Impact\Content\Assets\Audio\VO\PlayerVO\Inventory\OutOfItemPistol\PlayerBark_Inventory_OutOfItem_ImOutOfClips_2_Sub.json,I’m out of clips.,
Impact\Content\Assets\Audio\VO\PlayerVO\Inventory\OutOfItemRifle\PlayerBark_Inventory_OutOfItem_ImOutOfMagazines_1_Sub.json,I’m out of magazines.,
Impact\Content\Assets\Audio\VO\PlayerVO\Inventory\OutOfItemRifle\PlayerBark_Inventory_OutOfItem_ImOutOfMagazines_2_Sub.json,I’m out of magazines.,
Impact\Content\Assets\Audio\VO\PlayerVO\Inventory\OutOfItemShotgun\PlayerBark_Inventory_OutOfItem_ImOutOfShells_1_Sub.json,I’m out of shells.,
Impact\Content\Assets\Audio\VO\PlayerVO\Inventory\OutOfItemShotgun\PlayerBark_Inventory_OutOfItem_ImOutOfShells_2_Sub.json,I’m out of shells.,
Impact\Content\Assets\Audio\VO\PlayerVO\Inventory\OutOfItemSyringes\PlayerBark_Inventory_OutOfItem_ImOutOfVials_1_Sub.json,I’m out of vials.,
Impact\Content\Assets\Audio\VO\PlayerVO\Inventory\OutOfItemSyringes\PlayerBark_Inventory_OutOfItem_ImOutOfVials_2_Sub.json,I’m out of vials.,
Impact\Content\Maps\Chapters\Chapter00\Sequences\Ch00_RNPCE_Prologue_Evgeniy_Agh_Sub.json,Agh!,
Impact\Content\Maps\Chapters\Chapter00\Sequences\Ch00_RNPCE_Prologue_Evgeniy_AndDiff_Sub.json,"And yes, I know there is no difference between day and night down here.",
Impact\Content\Maps\Chapters\Chapter00\Sequences\Ch00_RNPCE_Prologue_Evgeniy_BringMen_Sub.json,"Sergey, bring the men.",
Impact\Content\Maps\Chapters\Chapter00\Sequences\Ch00_RNPCE_Prologue_Evgeniy_CloseDoor_Sub.json,"Close the door, Serdar! Now!",
Impact\Content\Maps\Chapters\Chapter00\Sequences\Ch00_RNPCE_Prologue_Evgeniy_ComeOn_Sub.json,"Come on, open the door!",
Impact\Content\Maps\Chapters\Chapter00\Sequences\Ch00_RNPCE_Prologue_Evgeniy_ComeSergey_Sub.json,"Come, Sergey is waiting for us.",
Impact\Content\Maps\Chapters\Chapter00\Sequences\Ch00_RNPCE_Prologue_Evgeniy_DontLeave_Sub.json,"Serdar, don't leave me waiting too long.",
Impact\Content\Maps\Chapters\Chapter00\Sequences\Ch00_RNPCE_Prologue_Evgeniy_FineWait_Sub.json,"Fine, I'll wait a bit.",
Impact\Content\Maps\Chapters\Chapter00\Sequences\Ch00_RNPCE_Prologue_Evgeniy_GetTo_Sub.json,Get to the gate and close it!,
Impact\Content\Maps\Chapters\Chapter00\Sequences\Ch00_RNPCE_Prologue_Evgeniy_GoSerdar_Sub.json,"Go, Serdar!",
Impact\Content\Maps\Chapters\Chapter00\Sequences\Ch00_RNPCE_Prologue_Evgeniy_HeySerd_Sub.json,Hey Serdar. Over here.,
Impact\Content\Maps\Chapters\Chapter00\Sequences\Ch00_RNPCE_Prologue_Evgeniy_ICan_Sub.json,I can hear you in there.,
Impact\Content\Maps\Chapters\Chapter00\Sequences\Ch00_RNPCE_Prologue_Evgeniy_ImRunning_Sub.json,I'm running low on ammo!,
Impact\Content\Maps\Chapters\Chapter00\Sequences\Ch00_RNPCE_Prologue_Evgeniy_IsTheDrink_Sub.json,"Is the drink not to your liking, your majesty?",
Impact\Content\Maps\Chapters\Chapter00\Sequences\Ch00_RNPCE_Prologue_Evgeniy_IsThisHow_Sub.json,Is this how our great Khan treats his friends?,
Impact\Content\Maps\Chapters\Chapter00\Sequences\Ch00_RNPCE_Prologue_Evgeniy_ItsMe_Sub.json,"It's me, Evgeniy!",
Impact\Content\Maps\Chapters\Chapter00\Sequences\Ch00_RNPCE_Prologue_Evgeniy_Just_Sub.json,Just do it!,
Impact\Content\Maps\Chapters\Chapter00\Sequences\Ch00_RNPCE_Prologue_Evgeniy_OurGreat_Sub.json,Our great Khan has finally awoken.,
Impact\Content\Maps\Chapters\Chapter00\Sequences\Ch00_RNPCE_Prologue_Evgeniy_PolAttack_Sub.json,Polyanka is under attack!,
Impact\Content\Maps\Chapters\Chapter00\Sequences\Ch00_RNPCE_Prologue_Evgeniy_Serdar1_Sub.json,Serdar!,
Impact\Content\Maps\Chapters\Chapter00\Sequences\Ch00_RNPCE_Prologue_Evgeniy_Serdar2_Sub.json,Serdar?,
Impact\Content\Maps\Chapters\Chapter00\Sequences\Ch00_RNPCE_Prologue_Evgeniy_SerdarLets_Sub.json,"Serdar, let's go!",
Impact\Content\Maps\Chapters\Chapter00\Sequences\Ch00_RNPCE_Prologue_Evgeniy_SerdarToDoor_Sub.json,"Serdar, get to the door!",
Impact\Content\Maps\Chapters\Chapter00\Sequences\Ch00_RNPCE_Prologue_Evgeniy_SerdarWake_Sub.json,"Serdar, wake up!",
Impact\Content\Maps\Chapters\Chapter00\Sequences\Ch00_RNPCE_Prologue_Evgeniy_SerdarWakeUp_Sub.json,Serdar! Wake up!,
Impact\Content\Maps\Chapters\Chapter00\Sequences\Ch00_RNPCE_Prologue_Evgeniy_SerdCom_Sub.json,Serdar? Are you coming?,
Impact\Content\Maps\Chapters\Chapter00\Sequences\Ch00_RNPCE_Prologue_Evgeniy_SerdKuz_Sub.json,"Serdar, Kuzmich, follow Sergey.",
Impact\Content\Maps\Chapters\Chapter00\Sequences\Ch00_RNPCE_Prologue_Evgeniy_SerdKuz_Sub.json,Make your way to the south entrance.,
Impact\Content\Maps\Chapters\Chapter00\Sequences\Ch00_RNPCE_Prologue_Evgeniy_SerdKuz_Sub.json,Use an explosive to blow it up.,
Impact\Content\Maps\Chapters\Chapter00\Sequences\Ch00_RNPCE_Prologue_Evgeniy_SerdReady_Sub.json,"Serdar, get ready! It's gonna get tough...",
Impact\Content\Maps\Chapters\Chapter00\Sequences\Ch00_RNPCE_Prologue_Evgeniy_SergeyComeOn_Sub.json,"Sergey, come on, we have to go.",
Impact\Content\Maps\Chapters\Chapter00\Sequences\Ch00_RNPCE_Prologue_Evgeniy_SerSer_Sub.json,"Seriously, Serdar, who sleeps during the day?",
Impact\Content\Maps\Chapters\Chapter00\Sequences\Ch00_RNPCE_Prologue_Evgeniy_SoEveryone_Sub.json,So everyone's a bit tense as you might imagine.,
Impact\Content\Maps\Chapters\Chapter00\Sequences\Ch00_RNPCE_Prologue_Evgeniy_SoundAlarm_Sub.json,Sound the alarm!,
Impact\Content\Maps\Chapters\Chapter00\Sequences\Ch00_RNPCE_Prologue_Evgeniy_ToLiving_Sub.json,To living!,
Impact\Content\Maps\Chapters\Chapter00\Sequences\Ch00_RNPCE_Prologue_Evgeniy_WellFriends_Sub.json,"Well guys, let's have a drink!",
Impact\Content\Maps\Chapters\Chapter00\Sequences\Ch00_RNPCE_Prologue_Evgeniy_WereAll_Sub.json,We're all that's left.,
Impact\Content\Maps\Chapters\Chapter00\Sequences\Ch00_RNPCE_Prologue_Evgeniy_WeSquad_Sub.json,We're preparing a team to take them down.,
Impact\Content\Maps\Chapters\Chapter00\Sequences\Ch00_RNPCE_Prologue_Evgeniy_WhatAreYou_Sub.json,What are you waiting for!?,
Impact\Content\Maps\Chapters\Chapter00\Sequences\Ch00_RNPCE_Prologue_Evgeniy_WhereIs_Sub.json,What's up. Where is everyone!?,
Impact\Content\Maps\Chapters\Chapter00\Sequences\Ch00_RNPCE_Prologue_Evgeniy_YesListen_Sub.json,Yes...,
Impact\Content\Maps\Chapters\Chapter00\Sequences\Ch00_RNPCE_Prologue_Evgeniy_YesListen_Sub.json,"Listen to me, Khan.",
Impact\Content\Maps\Chapters\Chapter00\Sequences\Ch00_RNPCE_Prologue_Evgeniy_YesListen_Sub.json,You're not a bad guy. But you keep to yourself too much.,
Impact\Content\Maps\Chapters\Chapter00\Sequences\Ch00_RNPCE_Prologue_Evgeniy_YesListen_Sub.json,Always sitting with your books - even talking you into getting a drink is tough...,
Impact\Content\Maps\Chapters\Chapter00\Sequences\Ch00_RNPCE_Prologue_Evgeniy_YesListen_Sub.json,"Lighten up a bit, man!",
Impact\Content\Maps\Chapters\Chapter00\Sequences\Ch00_RNPCE_Prologue_Evgeniy_YouLikely_Sub.json,"You likely already heard the rumors,",
Impact\Content\Maps\Chapters\Chapter00\Sequences\Ch00_RNPCE_Prologue_Evgeniy_YouLikely_Sub.json,but there was a mutant attack on one of our guardposts.,
Impact\Content\Maps\Chapters\Chapter00\Sequences\Ch00_RNPCE_Prologue_Female_Doct_Sub.json,Doctor.,
Impact\Content\Maps\Chapters\Chapter00\Sequences\Ch00_RNPCE_Prologue_Guard1_Agh_Sub.json,Agh!,
Impact\Content\Maps\Chapters\Chapter00\Sequences\Ch00_RNPCE_Prologue_Guard3_Serd_Sub.json,Serdar.,
Impact\Content\Maps\Chapters\Chapter00\Sequences\Ch00_RNPCE_Prologue_Guard4_Aagh_Sub.json,Aaaagh!,
Impact\Content\Maps\Chapters\Chapter00\Sequences\Ch00_RNPCE_Prologue_Guard4_DieDie_Sub.json,Die! Die! Die!,
Impact\Content\Maps\Chapters\Chapter00\Sequences\Ch00_RNPCE_Prologue_Kuzmich_Aagh_Sub.json,Agghh!,
Impact\Content\Maps\Chapters\Chapter00\Sequences\Ch00_RNPCE_Prologue_Kuzmich_AmbushedUs_Sub.json,They ambushed us!,
Impact\Content\Maps\Chapters\Chapter00\Sequences\Ch00_RNPCE_Prologue_Kuzmich_BelliesUnpro_Sub.json,They go down quicker if you shoot their stomachs!,
Impact\Content\Maps\Chapters\Chapter00\Sequences\Ch00_RNPCE_Prologue_Kuzmich_MoreAre_Sub.json,More are coming!,
Impact\Content\Maps\Chapters\Chapter00\Sequences\Ch00_RNPCE_Prologue_Kuzmich_NosHorde_Sub.json,Nosalis! A damn horde!,
Impact\Content\Maps\Chapters\Chapter00\Sequences\Ch00_RNPCE_Prologue_Kuzmich_ShootBellies_Sub.json,Shoot them in the gut!,
Impact\Content\Maps\Chapters\Chapter00\Sequences\Ch00_RNPCE_Prologue_Kuzmich_ShootThem_Sub.json,Shoot their stomachs!,
Impact\Content\Maps\Chapters\Chapter00\Sequences\Ch00_RNPCE_Prologue_Kuzmich_TheyCome_Sub.json,They're coming for Polyanka!,
Impact\Content\Maps\Chapters\Chapter00\Sequences\Ch00_RNPCE_Prologue_Male1_IGet_Sub.json,"I get that you need every man, but I can't just leave this place.",
Impact\Content\Maps\Chapters\Chapter00\Sequences\Ch00_RNPCE_Prologue_Male1_ThatsNot_Sub.json,That's not the part that worries me.,
Impact\Content\Maps\Chapters\Chapter00\Sequences\Ch00_RNPCE_Prologue_Male1_WhatIf_Sub.json,What if I am?,
Impact\Content\Maps\Chapters\Chapter00\Sequences\Ch00_RNPCE_Prologue_Male2_Barracks_Sub.json,I'll be waiting for you at the barracks.,
Impact\Content\Maps\Chapters\Chapter00\Sequences\Ch00_RNPCE_Prologue_Male2_ItsNot_Sub.json,It's not a request. And we'll ensure your wife and kid are protected.,
Impact\Content\Maps\Chapters\Chapter00\Sequences\Ch00_RNPCE_Prologue_Male2_No_Sub.json,No!,
Impact\Content\Maps\Chapters\Chapter00\Sequences\Ch00_RNPCE_Prologue_Male2_WeAll_Sub.json,"We all are, Pyotr. Which is why we need you.",
Impact\Content\Maps\Chapters\Chapter00\Sequences\Ch00_RNPCE_Prologue_Male2_YourScared_Sub.json,You're scared?,
Impact\Content\Maps\Chapters\Chapter00\Sequences\Ch00_RNPCE_Prologue_Male3_Doct_Sub.json,Doctor.,
Impact\Content\Maps\Chapters\Chapter00\Sequences\Ch00_RNPCE_Prologue_Male4_NonNos_Sub.json,Nonsense. Nosalis don't hunt this far up the tunnels.,
Impact\Content\Maps\Chapters\Chapter00\Sequences\Ch00_RNPCE_Prologue_Male4_OkayEnough_Sub.json,"Okay, I've heard enough. How am I supposed to sleep tonight?",
Impact\Content\Maps\Chapters\Chapter00\Sequences\Ch00_RNPCE_Prologue_Male4_Panting_Sub.json,Heeeelp!,
Impact\Content\Maps\Chapters\Chapter00\Sequences\Ch00_RNPCE_Prologue_Male4_WasIt_Sub.json,Was it those slavers again?,
Impact\Content\Maps\Chapters\Chapter00\Sequences\Ch00_RNPCE_Prologue_Male4_WhatMut_Sub.json,"What, mutants?",
Impact\Content\Maps\Chapters\Chapter00\Sequences\Ch00_RNPCE_Prologue_Male5_NoWorse_Sub.json,"No, worse.",
Impact\Content\Maps\Chapters\Chapter00\Sequences\Ch00_RNPCE_Prologue_Male5_SlaveRip_Sub.json,Slavers don't rip people's arms off.,
Impact\Content\Maps\Chapters\Chapter00\Sequences\Ch00_RNPCE_Prologue_Male5_WithGun_Sub.json,With a gun underneath your pillow.,
Impact\Content\Maps\Chapters\Chapter00\Sequences\Ch00_RNPCE_Prologue_Male5_YesNos_Sub.json,Yes. We think Nosalis.,
Impact\Content\Maps\Chapters\Chapter00\Sequences\Ch00_RNPCE_Prologue_Male7_DontDie_Sub.json,I don't wanna die!,
Impact\Content\Maps\Chapters\Chapter00\Sequences\Ch00_RNPCE_Prologue_Serdar_Good_Sub.json,Good day.,
Impact\Content\Maps\Chapters\Chapter00\Sequences\Ch00_RNPCE_Prologue_Serdar_IAdvice_Sub.json,I appreciate the advice.,
Impact\Content\Maps\Chapters\Chapter00\Sequences\Ch00_RNPCE_Prologue_Serdar_IWillThank_Sub.json,"I will, thank you.",
Impact\Content\Maps\Chapters\Chapter00\Sequences\Ch00_RNPCE_Prologue_Serdar_JustAMom_Sub.json,Just a moment.,
Impact\Content\Maps\Chapters\Chapter00\Sequences\Ch00_RNPCE_Prologue_Serdar_Relax_Sub.json,"Relax, Evgeniy.",
Impact\Content\Maps\Chapters\Chapter00\Sequences\Ch00_RNPCE_Prologue_Serdar_ToLifeApo_Sub.json,To life!,
Impact\Content\Maps\Chapters\Chapter00\Sequences\Ch00_RNPCE_Prologue_Serdar_YesYes_Sub.json,"Yes, yes. I'm on my way.",
Impact\Content\Maps\Chapters\Chapter00\Sequences\Ch00_RNPCE_Prologue_Sergey_AreSerious_Sub.json,"Are you serious, Serdar?",
Impact\Content\Maps\Chapters\Chapter00\Sequences\Ch00_RNPCE_Prologue_Sergey_ButWait_Sub.json,But wait for us!,
Impact\Content\Maps\Chapters\Chapter00\Sequences\Ch00_RNPCE_Prologue_Sergey_DamnMutants_Sub.json,Damn mutants!,
Impact\Content\Maps\Chapters\Chapter00\Sequences\Ch00_RNPCE_Prologue_Sergey_DontLeave_Sub.json,Don't leave us hanging.,
Impact\Content\Maps\Chapters\Chapter00\Sequences\Ch00_RNPCE_Prologue_Sergey_Evgeniy_Sub.json,Evgeniy!,
Impact\Content\Maps\Chapters\Chapter00\Sequences\Ch00_RNPCE_Prologue_Sergey_GrabExplosive_Sub.json,"Grab the explosive, Serdar.",
Impact\Content\Maps\Chapters\Chapter00\Sequences\Ch00_RNPCE_Prologue_Sergey_GreatStuff_Sub.json,"Ah, great stuff.",
Impact\Content\Maps\Chapters\Chapter00\Sequences\Ch00_RNPCE_Prologue_Sergey_HeyGenghis_Sub.json,"Hey Genghis Khan, pick up the explosive!",
Impact\Content\Maps\Chapters\Chapter00\Sequences\Ch00_RNPCE_Prologue_Sergey_ICantHold_Sub.json,"I can't hold out forever, Serdar!",
Impact\Content\Maps\Chapters\Chapter00\Sequences\Ch00_RNPCE_Prologue_Sergey_ImOnIt_Sub.json,I'm on it.,
Impact\Content\Maps\Chapters\Chapter00\Sequences\Ch00_RNPCE_Prologue_Sergey_IWont_Sub.json,I won't die today.,
Impact\Content\Maps\Chapters\Chapter00\Sequences\Ch00_RNPCE_Prologue_Sergey_Kuzmich_Sub.json,Kuzmich!,
Impact\Content\Maps\Chapters\Chapter00\Sequences\Ch00_RNPCE_Prologue_Sergey_LetsGo_Sub.json,Let's go!,
Impact\Content\Maps\Chapters\Chapter00\Sequences\Ch00_RNPCE_Prologue_Sergey_NotLikeThis_Sub.json,We can't let them take Polyanka!,
Impact\Content\Maps\Chapters\Chapter00\Sequences\Ch00_RNPCE_Prologue_Sergey_NowSerdar_Sub.json,"Now, Serdar! Go!",
Impact\Content\Maps\Chapters\Chapter00\Sequences\Ch00_RNPCE_Prologue_Sergey_OhGreat_Sub.json,"Oh great Khan, go and grab a bottle.",
Impact\Content\Maps\Chapters\Chapter00\Sequences\Ch00_RNPCE_Prologue_Sergey_Okay_Sub.json,"O-Okay. got that, let's go!",
Impact\Content\Maps\Chapters\Chapter00\Sequences\Ch00_RNPCE_Prologue_Sergey_OverrunNo_Sub.json,No!,
Impact\Content\Maps\Chapters\Chapter00\Sequences\Ch00_RNPCE_Prologue_Sergey_OverrunShit_Sub.json,Shit!,
Impact\Content\Maps\Chapters\Chapter00\Sequences\Ch00_RNPCE_Prologue_Sergey_Plant_Sub.json,Plant the explosive!,
Impact\Content\Maps\Chapters\Chapter00\Sequences\Ch00_RNPCE_Prologue_Sergey_SerdarGrab_Sub.json,"Serdar, grab the explosive.",
Impact\Content\Maps\Chapters\Chapter00\Sequences\Ch00_RNPCE_Prologue_Sergey_SerdarIm_Sub.json,"Serdar, I'm waiting for you!",
Impact\Content\Maps\Chapters\Chapter00\Sequences\Ch00_RNPCE_Prologue_Sergey_ShockNo_Sub.json,No!,
Impact\Content\Maps\Chapters\Chapter00\Sequences\Ch00_RNPCE_Prologue_Sergey_SupportSouth_Sub.json,But they can't hold the south entrance!,
Impact\Content\Maps\Chapters\Chapter00\Sequences\Ch00_RNPCE_Prologue_Sergey_SupportSouth_Sub.json,We've got to do something!,
Impact\Content\Maps\Chapters\Chapter00\Sequences\Ch00_RNPCE_Prologue_Sergey_TheExplosive_Sub.json,"The explosive, over there. Grab it.",
Impact\Content\Maps\Chapters\Chapter00\Sequences\Ch00_RNPCE_Prologue_Sergey_TheyFlanked_Sub.json,They flanked us! The station is a bloodbath!,
Impact\Content\Maps\Chapters\Chapter00\Sequences\Ch00_RNPCE_Prologue_Sergey_ToLife_Sub.json,To life!,
Impact\Content\Maps\Chapters\Chapter00\Sequences\Ch00_RNPCE_Prologue_Sergey_Wait_Sub.json,Wait!,
Impact\Content\Maps\Chapters\Chapter00\Sequences\Ch00_RNPCE_Prologue_Sergey_WaitForUs_Sub.json,Wait for us!,
Impact\Content\Maps\Chapters\Chapter00\Sequences\Ch00_RNPCE_Prologue_Sergey_WhatAre_Sub.json,What are you waiting for!?,
Impact\Content\Maps\Chapters\Chapter00\Sequences\Ch00_RNPCE_Prologue_Sergey_WhereRest_Sub.json,Where's the rest?,
Impact\Content\Maps\Chapters\Chapter00\Sequences\Ch00_RNPCE_Prologue_Sergey_WomenAndChildren_Sub.json,We took the women and children out through the side passages...,
Impact\Content\Maps\Chapters\Chapter00\Sequences\Ch00_RNPCE_Prologue_Sergey_YeahEndAlone_Sub.json,Yeah! Or you'll just end up all alone.,
Impact\Content\Maps\Chapters\Chapter01\Ch01_CUT_Intro\Intro_Reality\Ch01_TRAV_ToMushroomFarm_100YardGuard_BeSafe_Sub.json,"Be safe, Serdar.",
Impact\Content\Maps\Chapters\Chapter01\CUT_Intro\Intro_PossessionL2\Ch01_CUT_Intro_OldKhan_ButWhenThe_Sub.json,"But when the entire world gets immersed in the dark, you can’t avoid it any longer.",
Impact\Content\Maps\Chapters\Chapter01\CUT_Intro\Intro_PossessionL2\Ch01_CUT_Intro_OldKhan_ButWhenThe_Sub.json,You can only embrace it.,
Impact\Content\Maps\Chapters\Chapter01\CUT_Intro\Intro_PossessionL2\Ch01_CUT_Intro_OldKhan_ButWhenThe_Sub.json,And it will take all your courage and patience to keep looking.,
Impact\Content\Maps\Chapters\Chapter01\CUT_Intro\Intro_PossessionL2\Ch01_CUT_Intro_OldKhan_DoWeRely_Sub.json,Do we rely on our eyes too much?,
Impact\Content\Maps\Chapters\Chapter01\CUT_Intro\Intro_PossessionL2\Ch01_CUT_Intro_OldKhan_DoWeRely_Sub.json,"Are we too convinced that the things we can see are real,",
Impact\Content\Maps\Chapters\Chapter01\CUT_Intro\Intro_PossessionL2\Ch01_CUT_Intro_OldKhan_DoWeRely_Sub.json,and those we can’t see are not?,
Impact\Content\Maps\Chapters\Chapter01\CUT_Intro\Intro_PossessionL2\Ch01_CUT_Intro_OldKhan_DoWeRely_Sub.json,What’s true darkness?,
Impact\Content\Maps\Chapters\Chapter01\CUT_Intro\Intro_PossessionL2\Ch01_CUT_Intro_OldKhan_DoWeRely_Sub.json,And what’s true blindness?,
Impact\Content\Maps\Chapters\Chapter01\CUT_Intro\Intro_PossessionL2\Ch01_CUT_Intro_OldKhan_DoWeRely_Sub.json,Open your eyes and you shall see.,
Impact\Content\Maps\Chapters\Chapter01\CUT_Intro\Intro_PossessionL2\Ch01_CUT_Intro_OldKhan_ItTheUnspeakable_Sub.json,It’s the unspeakable that scares us.,
Impact\Content\Maps\Chapters\Chapter01\CUT_Intro\Intro_PossessionL2\Ch01_CUT_Intro_OldKhan_ItTheUnspeakable_Sub.json,The unspeakable that the darkness holds within.,
Impact\Content\Maps\Chapters\Chapter01\CUT_Intro\Intro_PossessionL2\Ch01_CUT_Intro_OldKhan_ItTheUnspeakable_Sub.json,It’s the acid that corrodes the limits of the world we think we know.,
Impact\Content\Maps\Chapters\Chapter01\CUT_Intro\Intro_PossessionL2\Ch01_CUT_Intro_OldKhan_OrShallYou_Sub.json,Or you shall not?,
Impact\Content\Maps\Chapters\Chapter01\CUT_Intro\Intro_PossessionL2\Ch01_CUT_Intro_OldKhan_OrShallYou_Sub.json,Sometimes one must get into an utter darkness in order to begin to see.,
Impact\Content\Maps\Chapters\Chapter01\CUT_Intro\Intro_PossessionL2\Ch01_CUT_Intro_OldKhan_WeAvoidThe_Sub.json,We avoid the darkness because it hides things that may be too horrible for us even to imagine.,
Impact\Content\Maps\Chapters\Chapter01\CUT_Intro\Intro_Reality\Ch01_TRAV_ToMushroomFarm_100_Yard_Guard_DHuhWhat_Sub.json,Déjà vu huh?,
Impact\Content\Maps\Chapters\Chapter01\CUT_Intro\Intro_Reality\Ch01_TRAV_ToMushroomFarm_100_Yard_Guard_DHuhWhat_Sub.json,Isn’t that what they call it when you experience a memory from a past life?,
Impact\Content\Maps\Chapters\Chapter01\CUT_Intro\Intro_Reality\Ch01_TRAV_ToMushroomFarm_100_Yard_Guard_HeInThere_Sub.json,He-llo?? Serdar?,
Impact\Content\Maps\Chapters\Chapter01\CUT_Intro\Intro_Reality\Ch01_TRAV_ToMushroomFarm_100_Yard_Guard_HeInThere_Sub.json,Anybody in there??,
Impact\Content\Maps\Chapters\Chapter01\CUT_Intro\Intro_Reality\Ch01_TRAV_ToMushroomFarm_100_Yard_Guard_IfYouSay_Sub.json,If you say so...,
Impact\Content\Maps\Chapters\Chapter01\CUT_Intro\Intro_Reality\Ch01_TRAV_ToMushroomFarm_100_Yard_Guard_OhSorry_Sub.json,"Oh, I’m sorry. Of course...",
Impact\Content\Maps\Chapters\Chapter01\CUT_Intro\Intro_Reality\Ch01_TRAV_ToMushroomFarm_100_Yard_Guard_TurnTheKey_Sub.json,Turn the key to start the trolley.,
Impact\Content\Maps\Chapters\Chapter01\CUT_Intro\Intro_Reality\Ch01_TRAV_ToMushroomFarm_100_Yard_Guard_WhoaDonYet_Sub.json,"Are you ok? I've been yelling at you, but you just kept standing there,",
Impact\Content\Maps\Chapters\Chapter01\CUT_Intro\Intro_Reality\Ch01_TRAV_ToMushroomFarm_100_Yard_Guard_WhoaDonYet_Sub.json,staring off into space.,
Impact\Content\Maps\Chapters\Chapter01\CUT_Intro\Intro_Reality\Ch01_TRAV_ToMushroomFarm_100_Yard_Guard_WhoaDonYet_Sub.json,Vlad thought you were one of those bogeymen the Exhibition guys were babbling about.,
Impact\Content\Maps\Chapters\Chapter01\CUT_Intro\Intro_Reality\Ch01_TRAV_ToMushroomFarm_100_Yard_Guard_WhoaDonYet_Sub.json,Almost shot you!,
Impact\Content\Maps\Chapters\Chapter01\CUT_Intro\Intro_Reality\Ch01_TRAV_ToMushroomFarm_Serdar_IBeAlright_Sub.json,I’ll be alright.,
Impact\Content\Maps\Chapters\Chapter01\CUT_Intro\Intro_Reality\Ch01_TRAV_ToMushroomFarm_Serdar_IPerfectlyFine_Sub.json,I'm fine.,
Impact\Content\Maps\Chapters\Chapter01\CUT_Intro\Intro_Reality\Ch01_TRAV_ToMushroomFarm_Serdar_IPerfectlyFine_Sub.json,I just had the strangest feeling of déjà vu for a moment.,
Impact\Content\Maps\Chapters\Chapter01\CUT_Intro\Intro_Reality\Ch01_TRAV_ToMushroomFarm_Serdar_NowIfYou_Sub.json,Now if you don’t mind?,
Impact\Content\Maps\Chapters\Chapter01\CUT_Intro\Intro_Reality\Ch01_TRAV_ToMushroomFarm_Serdar_NowIfYou_Sub.json,I’d like to get back home.,
Impact\Content\Maps\Chapters\Chapter01\CUT_Intro\Intro_Reality\Ch01_TRAV_ToMushroomFarm_Serdar_PastLifeMisfiring_Sub.json,Past life?! Pfff!,
Impact\Content\Maps\Chapters\Chapter01\CUT_Intro\Intro_Reality\Ch01_TRAV_ToMushroomFarm_Serdar_PastLifeMisfiring_Sub.json,It’s a misfiring of electrical discharges in your brain causing an illusion.,
Impact\Content\Maps\Chapters\Chapter01\CUT_Intro\Intro_Reality\Ch01_TRAV_ToMushroomFarm_Serdar_PastLifeMisfiring_Sub.json,Nothing more.,
Impact\Content\Maps\Chapters\Chapter01\CUT_Intro\Intro_Reality\Ch01_TRAV_ToMushroomFarm_Serdar_WhaSorrySay_Sub.json,"Wha-what? I'm sorry, did you say something?",
Impact\Content\Maps\Chapters\Chapter01\EXPL_CloseWaterValves\CallOutToYana03\Ch01_EXPL_CloseWaterValves_CallOutToYana03_Serdar_TooMuchNoise_Sub.json,She obviously can't hear me.,
Impact\Content\Maps\Chapters\Chapter01\EXPL_CloseWaterValves\CallOutToYana03\Ch01_EXPL_CloseWaterValves_CallOutToYana03_Serdar_Yana_Sub.json,Yana!,
Impact\Content\Maps\Chapters\Chapter01\EXPL_CloseWaterValves\JumpTutorial\Ch01_EXPL_CloseWaterValves_Man_Jump_Sub.json,Dr. Iskanderov.,
Impact\Content\Maps\Chapters\Chapter01\EXPL_CloseWaterValves\JumpTutorial\Ch01_EXPL_CloseWaterValves_Man_Jump_Sub.json,"Sorry if you have to jump across the catwalk, but...",
Impact\Content\Maps\Chapters\Chapter01\EXPL_CloseWaterValves\JumpTutorial\Ch01_EXPL_CloseWaterValves_Man_Jump_Sub.json,you can imagine who you have to thank for that one.,
Impact\Content\Maps\Chapters\Chapter01\EXPL_CloseWaterValves\MaxWalking\Ch02_TRAV_ToMedsStorage_Max_Nudge_DoIReally_Sub.json,Do I really have to explain how to turn a handle to you??,
Impact\Content\Maps\Chapters\Chapter01\EXPL_CloseWaterValves\SteamPuzzle\Ch01_EXPL_CloseWaterValves_Woman_CallOut_Sub.json,"Quite the mess your wife made, doc!",
Impact\Content\Maps\Chapters\Chapter01\EXPL_CloseWaterValves\SteamPuzzle\Ch01_EXPL_CloseWaterValves_Woman_CallToAction_Sub.json,"Climb down that ladder and help us clean it up, perhaps?",
Impact\Content\Maps\Chapters\Chapter01\EXPL_CloseWaterValves\SteamPuzzle\Ch01_EXPL_CloseWaterValves_Woman_HintOneMore_Sub.json,Great! There should be one more valve!,
Impact\Content\Maps\Chapters\Chapter01\EXPL_CloseWaterValves\SteamPuzzle\Ch01_EXPL_CloseWaterValves_Woman_HintOneMoreDownstairs_Sub.json,There might be a valve downstairs.,
Impact\Content\Maps\Chapters\Chapter01\EXPL_CloseWaterValves\SteamPuzzle\Ch01_EXPL_CloseWaterValves_Woman_PositiveFeedback_Sub.json,That's doing it.,
Impact\Content\Maps\Chapters\Chapter01\EXPL_CloseWaterValves\SteamPuzzle\Ch01_EXPL_CloseWaterValves_Woman_PositiveFeedback_Sub.json,Keep it up.,
Impact\Content\Maps\Chapters\Chapter01\EXPL_CloseWaterValves\SteamPuzzle\Ch01_EXPL_CloseWaterValves_Woman_ReducePressure_Sub.json,"Unless we cut the pressure to these pipes,",
Impact\Content\Maps\Chapters\Chapter01\EXPL_CloseWaterValves\SteamPuzzle\Ch01_EXPL_CloseWaterValves_Woman_ReducePressure_Sub.json,one of these leaks is going to roast someone alive!,
Impact\Content\Maps\Chapters\Chapter01\EXPL_CloseWaterValves\SteamPuzzle\Ch01_EXPL_CloseWaterValves_Woman_UnderControl_Sub.json,That's it! Thank you!,
Impact\Content\Maps\Chapters\Chapter01\EXPL_CloseWaterValves\SteamPuzzle\Ch01_EXPL_CloseWaterValves_Woman_UnderControl_Sub.json,We have it under control now!,
Impact\Content\Maps\Chapters\Chapter01\RNPCE_MaxIncidentYana\MaxIncidentYana_L2\Ch01_RNPCE_MaxIncidentYana_Max_Act01Reminder_02_Sub.json,SERDAR. CLOSE THE VALVE!,
Impact\Content\Maps\Chapters\Chapter01\RNPCE_MaxIncidentYana\MaxIncidentYana_L2\Ch01_RNPCE_MaxIncidentYana_Max_Act01Reminder_03_Sub.json,What's with you?? Just shut the fucking valve!!,
Impact\Content\Maps\Chapters\Chapter01\RNPCE_MaxIncidentYana\MaxIncidentYana_L2\Ch01_RNPCE_MaxIncidentYana_Max_Act01Reminder_04_Sub.json,Shut it off already!,
Impact\Content\Maps\Chapters\Chapter01\RNPCE_MaxIncidentYana\MaxIncidentYana_L2\Ch01_RNPCE_MaxIncidentYana_Max_Act_01_Sub.json,"I gotta go. Max, out.",
Impact\Content\Maps\Chapters\Chapter01\RNPCE_MaxIncidentYana\MaxIncidentYana_L2\Ch01_RNPCE_MaxIncidentYana_Max_Act_01_Sub.json,You want to switch jobs?,
Impact\Content\Maps\Chapters\Chapter01\RNPCE_MaxIncidentYana\MaxIncidentYana_L2\Ch01_RNPCE_MaxIncidentYana_Max_Act_01_Sub.json,"Maybe you should chase runaways and assholes all day,",
Impact\Content\Maps\Chapters\Chapter01\RNPCE_MaxIncidentYana\MaxIncidentYana_L2\Ch01_RNPCE_MaxIncidentYana_Max_Act_01_Sub.json,and let me run around playing doctor for a while.,
Impact\Content\Maps\Chapters\Chapter01\RNPCE_MaxIncidentYana\MaxIncidentYana_L2\Ch01_RNPCE_MaxIncidentYana_Max_Act_01_Sub.json,"I've got a very healthy list of people I'd like to stab with a needle, let me tell you.",
Impact\Content\Maps\Chapters\Chapter01\RNPCE_MaxIncidentYana\MaxIncidentYana_L2\Ch01_RNPCE_MaxIncidentYana_Max_Act_01_Sub.json,Don't even start.,
Impact\Content\Maps\Chapters\Chapter01\RNPCE_MaxIncidentYana\MaxIncidentYana_L2\Ch01_RNPCE_MaxIncidentYana_Max_Act_01_Sub.json,You and your wife are not my favorite people right about now.,
Impact\Content\Maps\Chapters\Chapter01\RNPCE_MaxIncidentYana\MaxIncidentYana_L2\Ch01_RNPCE_MaxIncidentYana_Max_Act_01_Sub.json,"'Has something happened', he asks.",
Impact\Content\Maps\Chapters\Chapter01\RNPCE_MaxIncidentYana\MaxIncidentYana_L2\Ch01_RNPCE_MaxIncidentYana_Max_Act_01_Sub.json,"If by 'something', do you mean, 'did your wife destroy our mushroom farm",
Impact\Content\Maps\Chapters\Chapter01\RNPCE_MaxIncidentYana\MaxIncidentYana_L2\Ch01_RNPCE_MaxIncidentYana_Max_Act_01_Sub.json,because she heard the voice of her dead son again'?,
Impact\Content\Maps\Chapters\Chapter01\RNPCE_MaxIncidentYana\MaxIncidentYana_L2\Ch01_RNPCE_MaxIncidentYana_Max_Act_01_Sub.json,"Because if so, then yes: something happened.",
Impact\Content\Maps\Chapters\Chapter01\RNPCE_MaxIncidentYana\MaxIncidentYana_L2\Ch01_RNPCE_MaxIncidentYana_Max_Act_01_Sub.json,She's a lot better than our mushroom farm.,
Impact\Content\Maps\Chapters\Chapter01\RNPCE_MaxIncidentYana\MaxIncidentYana_L2\Ch01_RNPCE_MaxIncidentYana_Max_Act_01_Sub.json,"SHUT IT OFF, SHUT IT OFF!",
Impact\Content\Maps\Chapters\Chapter01\RNPCE_MaxIncidentYana\MaxIncidentYana_L2\Ch01_RNPCE_MaxIncidentYana_Max_Act_01_Sub.json,CLOSE THE DAMN VALVE!,
Impact\Content\Maps\Chapters\Chapter01\RNPCE_MaxIncidentYana\MaxIncidentYana_L2\Ch01_RNPCE_MaxIncidentYana_Max_Act_02_Sub.json,Five years to build this steam system.,
Impact\Content\Maps\Chapters\Chapter01\RNPCE_MaxIncidentYana\MaxIncidentYana_L2\Ch01_RNPCE_MaxIncidentYana_Max_Act_02_Sub.json,Hundreds of issues to consider.,
Impact\Content\Maps\Chapters\Chapter01\RNPCE_MaxIncidentYana\MaxIncidentYana_L2\Ch01_RNPCE_MaxIncidentYana_Max_Act_02_Sub.json,You know what scenario never came up?,
Impact\Content\Maps\Chapters\Chapter01\RNPCE_MaxIncidentYana\MaxIncidentYana_L2\Ch01_RNPCE_MaxIncidentYana_Max_Act_02_Sub.json,'What if you can't hear the voices of the DEAD inside your pipes'!!,
Impact\Content\Maps\Chapters\Chapter01\RNPCE_MaxIncidentYana\MaxIncidentYana_L2\Ch01_RNPCE_MaxIncidentYana_Max_Act_02_Sub.json,"Yeah well, you've promised 500 times already.",
Impact\Content\Maps\Chapters\Chapter01\RNPCE_MaxIncidentYana\MaxIncidentYana_L2\Ch01_RNPCE_MaxIncidentYana_Max_Act_02_Sub.json,"I'm up to my eyeballs in bullshit today so I don't need any more, OK?!",
Impact\Content\Maps\Chapters\Chapter01\RNPCE_MaxIncidentYana\MaxIncidentYana_L2\Ch01_RNPCE_MaxIncidentYana_Max_Act_02_Sub.json,Sorry. Go; go check on your wife.,
Impact\Content\Maps\Chapters\Chapter01\RNPCE_MaxIncidentYana\MaxIncidentYana_L2\Ch01_RNPCE_MaxIncidentYana_Max_Act_02_Sub.json,"But then, you come see me.",
Impact\Content\Maps\Chapters\Chapter01\RNPCE_MaxIncidentYana\MaxIncidentYana_L2\Ch01_RNPCE_MaxIncidentYana_Max_Act_02_Sub.json,"Friend or not, this station is my wife.",
Impact\Content\Maps\Chapters\Chapter01\RNPCE_MaxIncidentYana\MaxIncidentYana_L2\Ch01_RNPCE_MaxIncidentYana_Max_Act_02_Sub.json,This has to be the end of it.,
Impact\Content\Maps\Chapters\Chapter01\RNPCE_MaxIncidentYana\MaxIncidentYana_L2\Ch01_RNPCE_MaxIncidentYana_Max_Fail_01_Sub.json,"Great, a doctor who won't get his hand dirty.",
Impact\Content\Maps\Chapters\Chapter01\RNPCE_MaxIncidentYana\MaxIncidentYana_L2\Ch01_RNPCE_MaxIncidentYana_Max_Fail_01_Sub.json,"That's a week's worth of water GONE, you know that??",
Impact\Content\Maps\Chapters\Chapter01\RNPCE_MaxIncidentYana\MaxIncidentYana_L2\Ch01_RNPCE_MaxIncidentYana_Max_Intro_01_Sub.json,I don't care if you boarded up every piss hole out of this place,
Impact\Content\Maps\Chapters\Chapter01\RNPCE_MaxIncidentYana\MaxIncidentYana_L2\Ch01_RNPCE_MaxIncidentYana_Max_Intro_01_Sub.json,"with your own two hands, you check them again!",
Impact\Content\Maps\Chapters\Chapter01\RNPCE_MaxIncidentYana\MaxIncidentYana_L2\Ch01_RNPCE_MaxIncidentYana_Max_Intro_01_Sub.json,That girl had to go somewhere!,
Impact\Content\Maps\Chapters\Chapter01\RNPCE_MaxIncidentYana\MaxIncidentYana_L2\Ch01_RNPCE_MaxIncidentYana_Max_IntroReminder_01_Sub.json,No. We’ve been over this.,
Impact\Content\Maps\Chapters\Chapter01\RNPCE_MaxIncidentYana\MaxIncidentYana_L2\Ch01_RNPCE_MaxIncidentYana_Max_IntroReminder_01_Sub.json,"Look, I don’t care!",
Impact\Content\Maps\Chapters\Chapter01\RNPCE_MaxIncidentYana\MaxIncidentYana_L2\Ch01_RNPCE_MaxIncidentYana_Max_IntroReminder_01_Sub.json,Yeah yeah yeah... Sure.,
Impact\Content\Maps\Chapters\Chapter01\RNPCE_MaxIncidentYana\MaxIncidentYana_L2\Ch01_RNPCE_MaxIncidentYana_Max_IntroReminder_01_Sub.json,Fine.,
Impact\Content\Maps\Chapters\Chapter01\RNPCE_MaxIncidentYana\MaxIncidentYana_L2\Ch01_RNPCE_MaxIncidentYana_Max_IntroReminder_02_Sub.json,Right.,
Impact\Content\Maps\Chapters\Chapter01\RNPCE_MaxIncidentYana\MaxIncidentYana_L2\Ch01_RNPCE_MaxIncidentYana_Max_IntroReminder_02_Sub.json,I've said no!,
Impact\Content\Maps\Chapters\Chapter01\RNPCE_MaxIncidentYana\MaxIncidentYana_L2\Ch01_RNPCE_MaxIncidentYana_Max_IntroReminder_02_Sub.json,What?,
Impact\Content\Maps\Chapters\Chapter01\RNPCE_MaxIncidentYana\MaxIncidentYana_L2\Ch01_RNPCE_MaxIncidentYana_Max_IntroReminder_03_Sub.json,Just do it!,
Impact\Content\Maps\Chapters\Chapter01\RNPCE_MaxIncidentYana\MaxIncidentYana_L2\Ch01_RNPCE_MaxIncidentYana_Max_IntroReminder_03_Sub.json,Uh-huh.,
Impact\Content\Maps\Chapters\Chapter01\RNPCE_MaxIncidentYana\MaxIncidentYana_L2\Ch01_RNPCE_MaxIncidentYana_Max_Succeed_01_Sub.json,Fuck! And there's more in there where that came from!,
Impact\Content\Maps\Chapters\Chapter01\RNPCE_MaxIncidentYana\MaxIncidentYana_L2\Ch01_RNPCE_MaxIncidentYana_Serdar_IDonDoing_Sub.json,I don't understand - Yana was doing so well.,
Impact\Content\Maps\Chapters\Chapter01\RNPCE_MaxIncidentYana\MaxIncidentYana_L2\Ch01_RNPCE_MaxIncidentYana_Serdar_IDonDoing_Sub.json,I'll take care of it. I promise.,
Impact\Content\Maps\Chapters\Chapter01\RNPCE_MaxIncidentYana\MaxIncidentYana_L2\Ch01_RNPCE_MaxIncidentYana_Serdar_OhNoAlright_Sub.json,Oh no... is she alright?,
Impact\Content\Maps\Chapters\Chapter01\RNPCE_MaxIncidentYana\MaxIncidentYana_L2\Ch01_RNPCE_MaxIncidentYana_Serdar_YanaSomethingHappened_Sub.json,Yana?? Has something happened?,
Impact\Content\Maps\Chapters\Chapter01\RNPCE_MaxIncidentYana\MaxIncidentYana_L2\Ch01_RNPCE_MaxIncidentYana_Serdar_YouMayNeed_ALT_Sub.json,I think you may want to work on your bedside manner.,
Impact\Content\Maps\Chapters\Chapter01\RNPCE_MaxSendsYouOff\MaxSendsYouOff_L2\Ch01_RNPCE_MaxSendsYouOff_Max_CheckOnYana_01_Sub.json,Hey Serdar!,
Impact\Content\Maps\Chapters\Chapter01\RNPCE_MaxSendsYouOff\MaxSendsYouOff_L2\Ch01_RNPCE_MaxSendsYouOff_Max_GiveGun_01_Sub.json,"Stick it to your shoulder, like this.",
Impact\Content\Maps\Chapters\Chapter01\RNPCE_MaxSendsYouOff\MaxSendsYouOff_L2\Ch01_RNPCE_MaxSendsYouOff_Max_GiveGun_01_Sub.json,"Voice-activated. State of the art, when there WAS a state of the art.",
Impact\Content\Maps\Chapters\Chapter01\RNPCE_MaxSendsYouOff\MaxSendsYouOff_L2\Ch01_RNPCE_MaxSendsYouOff_Max_GiveGun_01_Sub.json,"""It's almost like living in the future...""",
Impact\Content\Maps\Chapters\Chapter01\RNPCE_MaxSendsYouOff\MaxSendsYouOff_L2\Ch01_RNPCE_MaxSendsYouOff_Max_GiveGun_01_Sub.json,And for times when my wisdom alone does not suffice...,
Impact\Content\Maps\Chapters\Chapter01\RNPCE_MaxSendsYouOff\MaxSendsYouOff_L2\Ch01_RNPCE_MaxSendsYouOff_Max_GiveGun_01_Sub.json,The strong and silent type.,
Impact\Content\Maps\Chapters\Chapter01\RNPCE_MaxSendsYouOff\MaxSendsYouOff_L2\Ch01_RNPCE_MaxSendsYouOff_Max_GiveGun_01_Sub.json,"You want an empty clip just to look cool, be my guest.",
Impact\Content\Maps\Chapters\Chapter01\RNPCE_MaxSendsYouOff\MaxSendsYouOff_L2\Ch01_RNPCE_MaxSendsYouOff_Max_GiveGun_01_Sub.json,"Go on, smart guy - take it.",
Impact\Content\Maps\Chapters\Chapter01\RNPCE_MaxSendsYouOff\MaxSendsYouOff_L2\Ch01_RNPCE_MaxSendsYouOff_Max_GrowingJungle_01_Sub.json,"I doubt God invented plastic with nuclear winter in mind,",
Impact\Content\Maps\Chapters\Chapter01\RNPCE_MaxSendsYouOff\MaxSendsYouOff_L2\Ch01_RNPCE_MaxSendsYouOff_Max_GrowingJungle_01_Sub.json,"but, hey - a fake garden is better than no garden at all, eh?",
Impact\Content\Maps\Chapters\Chapter01\RNPCE_MaxSendsYouOff\MaxSendsYouOff_L2\Ch01_RNPCE_MaxSendsYouOff_Max_GrowingJungle_01_Sub.json,How is Yana?,
Impact\Content\Maps\Chapters\Chapter01\RNPCE_MaxSendsYouOff\MaxSendsYouOff_L2\Ch01_RNPCE_MaxSendsYouOff_Max_GrowingJungle_01_Sub.json,You know what? Good.,
Impact\Content\Maps\Chapters\Chapter01\RNPCE_MaxSendsYouOff\MaxSendsYouOff_L2\Ch01_RNPCE_MaxSendsYouOff_Max_GrowingJungle_01_Sub.json,"Say stupid shit more often; you two are so lovey dovey as it is,",
Impact\Content\Maps\Chapters\Chapter01\RNPCE_MaxSendsYouOff\MaxSendsYouOff_L2\Ch01_RNPCE_MaxSendsYouOff_Max_GrowingJungle_01_Sub.json,I literally throw up in my desk at least once a day.,
Impact\Content\Maps\Chapters\Chapter01\RNPCE_MaxSendsYouOff\MaxSendsYouOff_L2\Ch01_RNPCE_MaxSendsYouOff_Max_GrowingJungle_01_Sub.json,"My friend, I've watched you both endure several lifetimes' worth of bullshit",
Impact\Content\Maps\Chapters\Chapter01\RNPCE_MaxSendsYouOff\MaxSendsYouOff_L2\Ch01_RNPCE_MaxSendsYouOff_Max_GrowingJungle_01_Sub.json,just to try and make her feel halfway human again.,
Impact\Content\Maps\Chapters\Chapter01\RNPCE_MaxSendsYouOff\MaxSendsYouOff_L2\Ch01_RNPCE_MaxSendsYouOff_Max_GrowingJungle_01_Sub.json,Trust me. Your wife knows that.,
Impact\Content\Maps\Chapters\Chapter01\RNPCE_MaxSendsYouOff\MaxSendsYouOff_L2\Ch01_RNPCE_MaxSendsYouOff_Max_GrowingJungle_01_Sub.json,"Eeeeh... you and bad timing, pal!",
Impact\Content\Maps\Chapters\Chapter01\RNPCE_MaxSendsYouOff\MaxSendsYouOff_L2\Ch01_RNPCE_MaxSendsYouOff_Max_GrowingJungle_01_Sub.json,The stalker who tracks down your fancy medical stuff,
Impact\Content\Maps\Chapters\Chapter01\RNPCE_MaxSendsYouOff\MaxSendsYouOff_L2\Ch01_RNPCE_MaxSendsYouOff_Max_GrowingJungle_01_Sub.json,-- very talented lady I used to run with named Nata --,
Impact\Content\Maps\Chapters\Chapter01\RNPCE_MaxSendsYouOff\MaxSendsYouOff_L2\Ch01_RNPCE_MaxSendsYouOff_Max_GrowingJungle_01_Sub.json,she was supposed to make a delivery over a week ago.,
Impact\Content\Maps\Chapters\Chapter01\RNPCE_MaxSendsYouOff\MaxSendsYouOff_L2\Ch01_RNPCE_MaxSendsYouOff_Max_GrowingJungle_01_Sub.json,Which is long enough that I think I may have to strike Nata out off,
Impact\Content\Maps\Chapters\Chapter01\RNPCE_MaxSendsYouOff\MaxSendsYouOff_L2\Ch01_RNPCE_MaxSendsYouOff_Max_GrowingJungle_01_Sub.json,"my little romantic birthdays calendar, if you know what I mean.",
Impact\Content\Maps\Chapters\Chapter01\RNPCE_MaxSendsYouOff\MaxSendsYouOff_L2\Ch01_RNPCE_MaxSendsYouOff_Max_GrowingJungle_01_Sub.json,...though I do know the route she usually takes...,
Impact\Content\Maps\Chapters\Chapter01\RNPCE_MaxSendsYouOff\MaxSendsYouOff_L2\Ch01_RNPCE_MaxSendsYouOff_Max_GrowingJungle_01_Sub.json,Well the goddamn Holy Grail 'COULD' be there...,
Impact\Content\Maps\Chapters\Chapter01\RNPCE_MaxSendsYouOff\MaxSendsYouOff_L2\Ch01_RNPCE_MaxSendsYouOff_Max_GrowingJungle_01_Sub.json,Because you'll go!,
Impact\Content\Maps\Chapters\Chapter01\RNPCE_MaxSendsYouOff\MaxSendsYouOff_L2\Ch01_RNPCE_MaxSendsYouOff_Max_GrowingJungle_01_Sub.json,And from here the first thing you'll hit is a nosalis den -,
Impact\Content\Maps\Chapters\Chapter01\RNPCE_MaxSendsYouOff\MaxSendsYouOff_L2\Ch01_RNPCE_MaxSendsYouOff_Max_GrowingJungle_01_Sub.json,and that's probably the most relaxing part of the trip!,
Impact\Content\Maps\Chapters\Chapter01\RNPCE_MaxSendsYouOff\MaxSendsYouOff_L2\Ch01_RNPCE_MaxSendsYouOff_Max_GrowingJungle_01_Sub.json,"Oh, right. Your old station... sorry.",
Impact\Content\Maps\Chapters\Chapter01\RNPCE_MaxSendsYouOff\MaxSendsYouOff_L2\Ch01_RNPCE_MaxSendsYouOff_Max_GrowingJungle_01_Sub.json,"Um, anyway... normally I'd hire some poor suckers to go,",
Impact\Content\Maps\Chapters\Chapter01\RNPCE_MaxSendsYouOff\MaxSendsYouOff_L2\Ch01_RNPCE_MaxSendsYouOff_Max_GrowingJungle_01_Sub.json,but since we're running low on poor suckers right now --,
Impact\Content\Maps\Chapters\Chapter01\RNPCE_MaxSendsYouOff\MaxSendsYouOff_L2\Ch01_RNPCE_MaxSendsYouOff_Max_GrowingJungle_01_Sub.json,My lovely voice in your ear will have to do.,
Impact\Content\Maps\Chapters\Chapter01\RNPCE_MaxSendsYouOff\MaxSendsYouOff_L2\Ch01_RNPCE_MaxSendsYouOff_Max_OpensDoorAtDesk_01_Sub.json,I'm the boss!,
Impact\Content\Maps\Chapters\Chapter01\RNPCE_MaxSendsYouOff\MaxSendsYouOff_L2\Ch01_RNPCE_MaxSendsYouOff_Max_SayGoodbye_01_Sub.json,Are you sure you don't want to let Yana know you’re leaving?,
Impact\Content\Maps\Chapters\Chapter01\RNPCE_MaxSendsYouOff\MaxSendsYouOff_L2\Ch01_RNPCE_MaxSendsYouOff_Max_SayGoodbye_01_Sub.json,Alright. Your call.,
Impact\Content\Maps\Chapters\Chapter01\RNPCE_MaxSendsYouOff\MaxSendsYouOff_L2\Ch01_RNPCE_MaxSendsYouOff_Max_TauntingSerdar_01_Sub.json,Hello?,
Impact\Content\Maps\Chapters\Chapter01\RNPCE_MaxSendsYouOff\MaxSendsYouOff_L2\Ch01_RNPCE_MaxSendsYouOff_Max_TauntingSerdar_01_Sub.json,I didn't hear a knock at the door.,
Impact\Content\Maps\Chapters\Chapter01\RNPCE_MaxSendsYouOff\MaxSendsYouOff_L2\Ch01_RNPCE_MaxSendsYouOff_Max_TauntingSerdar_01_Sub.json,"Nope, still don't hear anyone knocking...",
Impact\Content\Maps\Chapters\Chapter01\RNPCE_MaxSendsYouOff\MaxSendsYouOff_L2\Ch01_RNPCE_MaxSendsYouOff_Max_ToTrolly_01_Sub.json,"Yes, I know, very pretty.",
Impact\Content\Maps\Chapters\Chapter01\RNPCE_MaxSendsYouOff\MaxSendsYouOff_L2\Ch01_RNPCE_MaxSendsYouOff_Max_ToTrolly_01_Sub.json,"Now do me a favor and holster it while you're in the station, OK cowboy?",
Impact\Content\Maps\Chapters\Chapter01\RNPCE_MaxSendsYouOff\MaxSendsYouOff_L2\Ch01_RNPCE_MaxSendsYouOff_Max_ToTrolly_01_Sub.json,We have to at least pretend we're civilized down here.,
Impact\Content\Maps\Chapters\Chapter01\RNPCE_MaxSendsYouOff\MaxSendsYouOff_L2\Ch01_RNPCE_MaxSendsYouOff_Max_ToTrolly_01_Sub.json,"Lucky for you, the same supply cart that dropped 'Gorky Park' off here",
Impact\Content\Maps\Chapters\Chapter01\RNPCE_MaxSendsYouOff\MaxSendsYouOff_L2\Ch01_RNPCE_MaxSendsYouOff_Max_ToTrolly_01_Sub.json,is still out on the station.,
Impact\Content\Maps\Chapters\Chapter01\RNPCE_MaxSendsYouOff\MaxSendsYouOff_L2\Ch01_RNPCE_MaxSendsYouOff_Max_ToTrolly_01_Sub.json,"And since nobody killed Akim on his way back here,",
Impact\Content\Maps\Chapters\Chapter01\RNPCE_MaxSendsYouOff\MaxSendsYouOff_L2\Ch01_RNPCE_MaxSendsYouOff_Max_ToTrolly_01_Sub.json,his spare ammo should still be on the trolley as well.,
Impact\Content\Maps\Chapters\Chapter01\RNPCE_MaxSendsYouOff\MaxSendsYouOff_L2\Ch01_RNPCE_MaxSendsYouOff_Max_ToTrolly_01_Sub.json,One sec--,
Impact\Content\Maps\Chapters\Chapter01\RNPCE_MaxSendsYouOff\MaxSendsYouOff_L2\Ch01_RNPCE_MaxSendsYouOff_Max_ToTrolly_01_Sub.json,Track 2. Call me when you find the ammo.,
Impact\Content\Maps\Chapters\Chapter01\RNPCE_MaxSendsYouOff\MaxSendsYouOff_L2\Ch01_RNPCE_MaxSendsYouOff_Max_ToTrolly_01_Sub.json,"OK, I'm here. Let me find the ledger...",
Impact\Content\Maps\Chapters\Chapter01\RNPCE_MaxSendsYouOff\MaxSendsYouOff_L2\Ch01_RNPCE_MaxSendsYouOff_Max_WaitForExit_01_Sub.json,"OK, go ahead.",
Impact\Content\Maps\Chapters\Chapter01\RNPCE_MaxSendsYouOff\MaxSendsYouOff_L2\Ch01_RNPCE_MaxSendsYouOff_Max_WaitForExit_01_Sub.json,"Yes, I know.",
Impact\Content\Maps\Chapters\Chapter01\RNPCE_MaxSendsYouOff\MaxSendsYouOff_L2\Ch01_RNPCE_MaxSendsYouOff_Max_WaitForExit_01_Sub.json,"Wait, let me check.",
Impact\Content\Maps\Chapters\Chapter01\RNPCE_MaxSendsYouOff\MaxSendsYouOff_L2\Ch01_RNPCE_MaxSendsYouOff_Max_WaitForExit_01_Sub.json,Uh-huh. No.,
Impact\Content\Maps\Chapters\Chapter01\RNPCE_MaxSendsYouOff\MaxSendsYouOff_L2\Ch01_RNPCE_MaxSendsYouOff_Max_WaitForExit_01_Sub.json,Sure.,
Impact\Content\Maps\Chapters\Chapter01\RNPCE_MaxSendsYouOff\MaxSendsYouOff_L2\Ch01_RNPCE_MaxSendsYouOff_Max_WaitForExit_01_Sub.json,Give me a sec.,
Impact\Content\Maps\Chapters\Chapter01\RNPCE_MaxSendsYouOff\MaxSendsYouOff_L2\Ch01_RNPCE_MaxSendsYouOff_Max_WaitForExit_01_Sub.json,It should be here...,
Impact\Content\Maps\Chapters\Chapter01\RNPCE_MaxSendsYouOff\MaxSendsYouOff_L2\Ch01_RNPCE_MaxSendsYouOff_Max_WaitForExitReminder_01_Sub.json,Don't wait on me. Ammo's out by the cart.,
Impact\Content\Maps\Chapters\Chapter01\RNPCE_MaxSendsYouOff\MaxSendsYouOff_L2\Ch01_RNPCE_MaxSendsYouOff_Max_WaitForExitReminder_02_Sub.json,I thought you were in a hurry?,
Impact\Content\Maps\Chapters\Chapter01\RNPCE_MaxSendsYouOff\MaxSendsYouOff_L2\Ch01_RNPCE_MaxSendsYouOff_Max_WaitForExitReminder_02_Sub.json,Get going?,
Impact\Content\Maps\Chapters\Chapter01\RNPCE_MaxSendsYouOff\MaxSendsYouOff_L2\Ch01_RNPCE_MaxSendsYouOff_Max_WaitForExitReminder_05_Sub.json,Go find the ammo already.,
Impact\Content\Maps\Chapters\Chapter01\RNPCE_MaxSendsYouOff\MaxSendsYouOff_L2\Ch01_RNPCE_MaxSendsYouOff_Max_WaitForGunReminder_01_Sub.json,Would you take it? My arm's getting tired.,
Impact\Content\Maps\Chapters\Chapter01\RNPCE_MaxSendsYouOff\MaxSendsYouOff_L2\Ch01_RNPCE_MaxSendsYouOff_Max_WaitForGunReminder_02_Sub.json,Here - take it already.,
Impact\Content\Maps\Chapters\Chapter01\RNPCE_MaxSendsYouOff\MaxSendsYouOff_L2\Ch01_RNPCE_MaxSendsYouOff_Max_WaitForGunReminder_03_Sub.json,I'm not asking you to go fight the Reds - it's for protection.,
Impact\Content\Maps\Chapters\Chapter01\RNPCE_MaxSendsYouOff\MaxSendsYouOff_L2\Ch01_RNPCE_MaxSendsYouOff_Max_WaitForGunReminder_05_Sub.json,Don't pretend you're a pacificst.,
Impact\Content\Maps\Chapters\Chapter01\RNPCE_MaxSendsYouOff\MaxSendsYouOff_L2\Ch01_RNPCE_MaxSendsYouOff_Max_WaitForGunReminder_05_Sub.json,I've seen you the way you eat.,
Impact\Content\Maps\Chapters\Chapter01\RNPCE_MaxSendsYouOff\MaxSendsYouOff_L2\Ch01_RNPCE_MaxSendsYouOff_Max_WaitForRadioReminder_02_Sub.json,"Serdar, the radio.",
Impact\Content\Maps\Chapters\Chapter01\RNPCE_MaxSendsYouOff\MaxSendsYouOff_L2\Ch01_RNPCE_MaxSendsYouOff_Max_WaitForRadioReminder_03_Sub.json,"Take it already, before I change my mind.",
Impact\Content\Maps\Chapters\Chapter01\RNPCE_MaxSendsYouOff\MaxSendsYouOff_L2\Ch01_RNPCE_MaxSendsYouOff_Max_WaitForRadioReminder_04_Sub.json,What's the matter? You don't like the color??,
Impact\Content\Maps\Chapters\Chapter01\RNPCE_MaxSendsYouOff\MaxSendsYouOff_L2\Ch01_RNPCE_MaxSendsYouOff_Max_WaitForRadioReminder_06_Sub.json,"God, you're so picky.",
Impact\Content\Maps\Chapters\Chapter01\RNPCE_MaxSendsYouOff\MaxSendsYouOff_L2\Ch01_RNPCE_MaxSendsYouOff_Max_WaitForRadioReminder_06_Sub.json,Just take it.,
Impact\Content\Maps\Chapters\Chapter01\RNPCE_MaxSendsYouOff\MaxSendsYouOff_L2\Ch01_RNPCE_MaxSendsYouOff_Max_WhichIsLong_Sub.json,Which is long enough that I think I may have to strike Nata out,
Impact\Content\Maps\Chapters\Chapter01\RNPCE_MaxSendsYouOff\MaxSendsYouOff_L2\Ch01_RNPCE_MaxSendsYouOff_Max_WhichIsLong_Sub.json,"off my little romantic birthdays calendar, if you know what I mean.",
Impact\Content\Maps\Chapters\Chapter01\RNPCE_MaxSendsYouOff\MaxSendsYouOff_L2\Ch01_RNPCE_MaxSendsYouOff_Serdar_CouldTheMedication_Sub.json,Could the medication still be there somewhere?,
Impact\Content\Maps\Chapters\Chapter01\RNPCE_MaxSendsYouOff\MaxSendsYouOff_L2\Ch01_RNPCE_MaxSendsYouOff_Serdar_IHeardThey_Sub.json,I've heard they don't do much without those bullets.,
Impact\Content\Maps\Chapters\Chapter01\RNPCE_MaxSendsYouOff\MaxSendsYouOff_L2\Ch01_RNPCE_MaxSendsYouOff_Serdar_ISure_Sub.json,I’m sure.,
Impact\Content\Maps\Chapters\Chapter01\RNPCE_MaxSendsYouOff\MaxSendsYouOff_L2\Ch01_RNPCE_MaxSendsYouOff_Serdar_LetUsHope_Sub.json,Let us hope so.,
Impact\Content\Maps\Chapters\Chapter01\RNPCE_MaxSendsYouOff\MaxSendsYouOff_L2\Ch01_RNPCE_MaxSendsYouOff_Serdar_LetUsHope_Sub.json,"In any event, the more pressing concern is that it appears Yana has...",
Impact\Content\Maps\Chapters\Chapter01\RNPCE_MaxSendsYouOff\MaxSendsYouOff_L2\Ch01_RNPCE_MaxSendsYouOff_Serdar_LetUsHope_Sub.json,run out of her Haloperidol.,
Impact\Content\Maps\Chapters\Chapter01\RNPCE_MaxSendsYouOff\MaxSendsYouOff_L2\Ch01_RNPCE_MaxSendsYouOff_Serdar_LetUsHope_Sub.json,That’s why she lost her edge.,
Impact\Content\Maps\Chapters\Chapter01\RNPCE_MaxSendsYouOff\MaxSendsYouOff_L2\Ch01_RNPCE_MaxSendsYouOff_Serdar_MaxDonJust_Sub.json,Max. Why don't you just tell me where the route is?,
Impact\Content\Maps\Chapters\Chapter01\RNPCE_MaxSendsYouOff\MaxSendsYouOff_L2\Ch01_RNPCE_MaxSendsYouOff_Serdar_PretendingHerHusband_Sub.json,"Pretending her husband isn't a hot-headed, insensitive ass.",
Impact\Content\Maps\Chapters\Chapter01\RNPCE_MaxSendsYouOff\MaxSendsYouOff_L2\Ch01_RNPCE_MaxSendsYouOff_Serdar_SheWasTrying_Sub.json,She was trying so hard to be reasonable...,
Impact\Content\Maps\Chapters\Chapter01\RNPCE_MaxSendsYouOff\MaxSendsYouOff_L2\Ch01_RNPCE_MaxSendsYouOff_Serdar_YouForgetNot_Sub.json,"You forget. I am not, shall we say, inexperienced when it comes to nosalis.",
Impact\Content\Maps\Chapters\Chapter01\RNPCE_MaxSendsYouOff\MaxSendsYouOff_L2\Ch01_RNPCE_MaxSendsYouOff_VoiceOnRadio_MaxYouThere_Sub.json,"Max, you there?",
Impact\Content\Maps\Chapters\Chapter01\RNPCE_MaxSendsYouOff\MaxSendsYouOff_L2\Ch01_TRAV_ToMaxsOffice_Serdar_IBelieveYou_Sub.json,I believe you called for a doctor?,
Impact\Content\Maps\Chapters\Chapter01\RNPCE_MaxSendsYouOff\MaxSendsYouOff_L2\Ch01_TRAV_ToMaxsOffice_Serdar_TheWayThis_Sub.json,"The way this jungle is growing, we may never have to repopulate the surface.",
Impact\Content\Maps\Chapters\Chapter01\RNPCE_MaxSendsYouOff\MaxSendsYouOff_L2\Ch01_TRAV_ToMaxsOffice_Serdar_YouAChild_Sub.json,You're a child.,
Impact\Content\Maps\Chapters\Chapter01\RNPCE_MaxSendsYouOff\ShootingRange\Ch01_RNPCE_MaxSendsYouOff_Guard_GiveNewClip_Sub.json,"You're empty, here's a new magazine.",
Impact\Content\Maps\Chapters\Chapter01\RNPCE_MaxSendsYouOff\ShootingRange\Ch01_RNPCE_MaxSendsYouOff_Guard_Great_Sub.json,Great.,
Impact\Content\Maps\Chapters\Chapter01\RNPCE_MaxSendsYouOff\ShootingRange\Ch01_RNPCE_MaxSendsYouOff_Guard_IWentThrough_Sub.json,"I went through the trouble of draining a few bottles,",
Impact\Content\Maps\Chapters\Chapter01\RNPCE_MaxSendsYouOff\ShootingRange\Ch01_RNPCE_MaxSendsYouOff_Guard_IWentThrough_Sub.json,"you know, give you something to shoot at.",
Impact\Content\Maps\Chapters\Chapter01\RNPCE_MaxSendsYouOff\ShootingRange\Ch01_RNPCE_MaxSendsYouOff_Guard_IWentThrough_Sub.json,"Go on, get a feel for the trigger.",
Impact\Content\Maps\Chapters\Chapter01\RNPCE_MaxSendsYouOff\ShootingRange\Ch01_RNPCE_MaxSendsYouOff_Guard_LineUpYour_Sub.json,Line up your shots down the gun's sights.,
Impact\Content\Maps\Chapters\Chapter01\RNPCE_MaxSendsYouOff\ShootingRange\Ch01_RNPCE_MaxSendsYouOff_Guard_LineUpYour_Sub.json,It'll help your aim.,
Impact\Content\Maps\Chapters\Chapter01\RNPCE_MaxSendsYouOff\ShootingRange\Ch01_RNPCE_MaxSendsYouOff_Guard_NotBadFor_Sub.json,Not bad for a physician!,
Impact\Content\Maps\Chapters\Chapter01\RNPCE_MaxSendsYouOff\ShootingRange\Ch01_RNPCE_MaxSendsYouOff_Guard_NowGrabSome_Sub.json,Now grab this magazine and store it.,
Impact\Content\Maps\Chapters\Chapter01\RNPCE_MaxSendsYouOff\ShootingRange\Ch01_RNPCE_MaxSendsYouOff_Guard_NowGrabSome_Sub.json,Last thing you want is to run into some lurkers with an empty gun.,
Impact\Content\Maps\Chapters\Chapter01\RNPCE_MaxSendsYouOff\ShootingRange\Ch01_RNPCE_MaxSendsYouOff_Guard_NowShowMe_Sub.json,Show me that Tokarev Max gave you.,
Impact\Content\Maps\Chapters\Chapter01\RNPCE_MaxSendsYouOff\ShootingRange\Ch01_RNPCE_MaxSendsYouOff_Guard_Nudge_InsertClip_Sub.json,Insert that magazine into your Tokarev.,
Impact\Content\Maps\Chapters\Chapter01\RNPCE_MaxSendsYouOff\ShootingRange\Ch01_RNPCE_MaxSendsYouOff_Guard_Nudge_PickUpClip_Sub.json,Take this magazine.,
Impact\Content\Maps\Chapters\Chapter01\RNPCE_MaxSendsYouOff\ShootingRange\Ch01_RNPCE_MaxSendsYouOff_Guard_YesVeryPretty_Sub.json,"Next, grab this magazine and insert it into your Tokarev.",
Impact\Content\Maps\Chapters\Chapter01\RNPCE_MaxSendsYouOff\TrolleyDeparture\Ch01_RNPCE_MaxSendsYouOff_Max_HeyGiveYourself_Sub.json,Hey - give yourself some credit.,
Impact\Content\Maps\Chapters\Chapter01\RNPCE_MaxSendsYouOff\TrolleyDeparture\Ch01_RNPCE_MaxSendsYouOff_Max_HeyGiveYourself_Sub.json,The day is still young!,
Impact\Content\Maps\Chapters\Chapter01\RNPCE_MaxSendsYouOff\TrolleyDeparture\Ch01_RNPCE_MaxSendsYouOff_Max_IDonIf_Sub.json,"I don't know if you've handled that kind of trolley before,",
Impact\Content\Maps\Chapters\Chapter01\RNPCE_MaxSendsYouOff\TrolleyDeparture\Ch01_RNPCE_MaxSendsYouOff_Max_IDonIf_Sub.json,but Akim was complaining it's hard to start.,
Impact\Content\Maps\Chapters\Chapter01\RNPCE_MaxSendsYouOff\TrolleyDeparture\Ch01_RNPCE_MaxSendsYouOff_Max_IDonIf_Sub.json,Admittedly Akim is an idiot.,
Impact\Content\Maps\Chapters\Chapter01\RNPCE_MaxSendsYouOff\TrolleyDeparture\Ch01_RNPCE_MaxSendsYouOff_Max_SerdarYanaWont_Sub.json,Serdar... Yana won’t like that you left without a word.,
Impact\Content\Maps\Chapters\Chapter01\RNPCE_MaxSendsYouOff\TrolleyDeparture\Ch01_RNPCE_MaxSendsYouOff_Serdar_IBurdenedMy_Sub.json,"I've burdened my wife enough for one day, don't you think?",
Impact\Content\Maps\Chapters\Chapter01\RNPCE_YanaConfrontation\YanaConfrontation_L2\Ch01_RNPCE_YanaConfrontation_Serdar_AndYouCan_Sub.json,And you can't hear an eight-year old boy for fifteen years.,
Impact\Content\Maps\Chapters\Chapter01\RNPCE_YanaConfrontation\YanaConfrontation_L2\Ch01_RNPCE_YanaConfrontation_Serdar_BecauseHeDied_Sub.json,"--BECAUSE HE DIED, YANA!!",
Impact\Content\Maps\Chapters\Chapter01\RNPCE_YanaConfrontation\YanaConfrontation_L2\Ch01_RNPCE_YanaConfrontation_Serdar_ForAllThings_Sub.json,"'For all things, there is an explanation.'",
Impact\Content\Maps\Chapters\Chapter01\RNPCE_YanaConfrontation\YanaConfrontation_L2\Ch01_RNPCE_YanaConfrontation_Serdar_ForAllThings_Sub.json,Even the ones too terrible to accept.,
Impact\Content\Maps\Chapters\Chapter01\RNPCE_YanaConfrontation\YanaConfrontation_L2\Ch01_RNPCE_YanaConfrontation_Serdar_HeDiedYana_Sub.json,"...he died Yana, fifteen years ago.",
Impact\Content\Maps\Chapters\Chapter01\RNPCE_YanaConfrontation\YanaConfrontation_L2\Ch01_RNPCE_YanaConfrontation_Serdar_MaxMentionedA_Sub.json,Max mentioned a young girl disappeared from the station.,
Impact\Content\Maps\Chapters\Chapter01\RNPCE_YanaConfrontation\YanaConfrontation_L2\Ch01_RNPCE_YanaConfrontation_Serdar_MaxMentionedA_Sub.json,Could you have overheard someone discussing it...?,
Impact\Content\Maps\Chapters\Chapter01\RNPCE_YanaConfrontation\YanaConfrontation_L2\Ch01_RNPCE_YanaConfrontation_Serdar_MaxSaidYou_Sub.json,Max said you heard Petya again.,
Impact\Content\Maps\Chapters\Chapter01\RNPCE_YanaConfrontation\YanaConfrontation_L2\Ch01_RNPCE_YanaConfrontation_Serdar_MaxSaidYou_Sub.json,Do you feel up to telling me about it?,
Impact\Content\Maps\Chapters\Chapter01\RNPCE_YanaConfrontation\YanaConfrontation_L2\Ch01_RNPCE_YanaConfrontation_Serdar_MyLoveIs_Sub.json,My love is not something you ever have to apologize for.,
Impact\Content\Maps\Chapters\Chapter01\RNPCE_YanaConfrontation\YanaConfrontation_L2\Ch01_RNPCE_YanaConfrontation_Serdar_MyLoveIs_Sub.json,It is free.,
Impact\Content\Maps\Chapters\Chapter01\RNPCE_YanaConfrontation\YanaConfrontation_L2\Ch01_RNPCE_YanaConfrontation_Serdar_Perhaps_Sub.json,Perhaps.,
Impact\Content\Maps\Chapters\Chapter01\RNPCE_YanaConfrontation\YanaConfrontation_L2\Ch01_RNPCE_YanaConfrontation_Serdar_WeBeenThrough_Sub.json,We've been through this--.,
Impact\Content\Maps\Chapters\Chapter01\RNPCE_YanaConfrontation\YanaConfrontation_L2\Ch01_RNPCE_YanaConfrontation_Serdar_WhereTheShut_Sub.json,WHERE'S THE SHUT-OFF??,
Impact\Content\Maps\Chapters\Chapter01\RNPCE_YanaConfrontation\YanaConfrontation_L2\Ch01_RNPCE_YanaConfrontation_Serdar_YanaAreNot_Sub.json,"--Yana, hallucinations are not--",
Impact\Content\Maps\Chapters\Chapter01\RNPCE_YanaConfrontation\YanaConfrontation_L2\Ch01_RNPCE_YanaConfrontation_Serdar_YouHearVoices_Sub.json,--You hear voices no one else can --,
Impact\Content\Maps\Chapters\Chapter01\RNPCE_YanaConfrontation\YanaConfrontation_L2\Ch01_RNPCE_YanaConfrontation_Serdar_YouThrewThem_Sub.json,--You threw them away???,
Impact\Content\Maps\Chapters\Chapter01\RNPCE_YanaConfrontation\YanaConfrontation_L2\Ch01_RNPCE_YanaConfrontation_Serdar_YouWhat_Sub.json,You what?,
Impact\Content\Maps\Chapters\Chapter01\RNPCE_YanaConfrontation\YanaConfrontation_L2\Ch01_RNPCE_YanaConfrontation_Yana_Act01_01_Sub.json,Peek-a-boo.,
Impact\Content\Maps\Chapters\Chapter01\RNPCE_YanaConfrontation\YanaConfrontation_L2\Ch01_RNPCE_YanaConfrontation_Yana_Act01_01_Sub.json,So did I miss my calling as an interior decorator?,
Impact\Content\Maps\Chapters\Chapter01\RNPCE_YanaConfrontation\YanaConfrontation_L2\Ch01_RNPCE_YanaConfrontation_Yana_Act01_01_Sub.json,"OK, go on then. I know you're dying to start doctoring me.",
Impact\Content\Maps\Chapters\Chapter01\RNPCE_YanaConfrontation\YanaConfrontation_L2\Ch01_RNPCE_YanaConfrontation_Yana_Act01_01_Sub.json,"Do you, is the question...",
Impact\Content\Maps\Chapters\Chapter01\RNPCE_YanaConfrontation\YanaConfrontation_L2\Ch01_RNPCE_YanaConfrontation_Yana_Act01_01_Sub.json,I stopped taking my Haloperidol.,
Impact\Content\Maps\Chapters\Chapter01\RNPCE_YanaConfrontation\YanaConfrontation_L2\Ch01_RNPCE_YanaConfrontation_Yana_Act01_01_Sub.json,Keep in mind I was still taking them when I decided to stop--,
Impact\Content\Maps\Chapters\Chapter01\RNPCE_YanaConfrontation\YanaConfrontation_L2\Ch01_RNPCE_YanaConfrontation_Yana_Act01_01_Sub.json,"Please, Serdar! It hurt me!",
Impact\Content\Maps\Chapters\Chapter01\RNPCE_YanaConfrontation\YanaConfrontation_L2\Ch01_RNPCE_YanaConfrontation_Yana_Act01_01_Sub.json,"Your meds didn’t make me lucid, on the contrary,",
Impact\Content\Maps\Chapters\Chapter01\RNPCE_YanaConfrontation\YanaConfrontation_L2\Ch01_RNPCE_YanaConfrontation_Yana_Act01_01_Sub.json,they kept obscuring my ability to hear what I was so desperate to hear...,
Impact\Content\Maps\Chapters\Chapter01\RNPCE_YanaConfrontation\YanaConfrontation_L2\Ch01_RNPCE_YanaConfrontation_Yana_Act01_01_Sub.json,--What you assume are hallucinations--!,
Impact\Content\Maps\Chapters\Chapter01\RNPCE_YanaConfrontation\YanaConfrontation_L2\Ch01_RNPCE_YanaConfrontation_Yana_Act01_01_Sub.json,The fact that you won't even consider any alternative,
Impact\Content\Maps\Chapters\Chapter01\RNPCE_YanaConfrontation\YanaConfrontation_L2\Ch01_RNPCE_YanaConfrontation_Yana_Act01_01_Sub.json,is the reason I threw the Haloperidol out in the first place--!,
Impact\Content\Maps\Chapters\Chapter01\RNPCE_YanaConfrontation\YanaConfrontation_L2\Ch01_RNPCE_YanaConfrontation_Yana_Act01_01_Sub.json,--None of you have ever heard Petya's voice so how can you know what I'm hearing?!?,
Impact\Content\Maps\Chapters\Chapter01\RNPCE_YanaConfrontation\YanaConfrontation_L2\Ch01_RNPCE_YanaConfrontation_Yana_Act02_01_Sub.json,"No, Mr. 'There-Has-To-Be-A-Reason-For-Everything',",
Impact\Content\Maps\Chapters\Chapter01\RNPCE_YanaConfrontation\YanaConfrontation_L2\Ch01_RNPCE_YanaConfrontation_Yana_Act02_01_Sub.json,I didn't hallucinate my son's voice because of a bunch of gossiping busybodies.,
Impact\Content\Maps\Chapters\Chapter01\RNPCE_YanaConfrontation\YanaConfrontation_L2\Ch01_RNPCE_YanaConfrontation_Yana_Act02_01_Sub.json,"I can't exactly tell that to Petya, can I?",
Impact\Content\Maps\Chapters\Chapter01\RNPCE_YanaConfrontation\YanaConfrontation_L2\Ch01_RNPCE_YanaConfrontation_Yana_Act02_01_Sub.json,"I'm sorry, that wasn't fair.",
Impact\Content\Maps\Chapters\Chapter01\RNPCE_YanaConfrontation\YanaConfrontation_L2\Ch01_RNPCE_YanaConfrontation_Yana_Act02_01_Sub.json,Not when you're only caring for me.,
Impact\Content\Maps\Chapters\Chapter01\RNPCE_YanaConfrontation\YanaConfrontation_L2\Ch01_RNPCE_YanaConfrontation_Yana_Act02_01_Sub.json,"God, you're sappy.",
Impact\Content\Maps\Chapters\Chapter01\RNPCE_YanaConfrontation\YanaConfrontation_L2\Ch01_RNPCE_YanaConfrontation_Yana_Act02_01_Sub.json,"Go on, run back to your boyfriend Max.",
Impact\Content\Maps\Chapters\Chapter01\RNPCE_YanaConfrontation\YanaConfrontation_L2\Ch01_RNPCE_YanaConfrontation_Yana_Act02_01_Sub.json,I heard him whining for you to go see him,
Impact\Content\Maps\Chapters\Chapter01\RNPCE_YanaConfrontation\YanaConfrontation_L2\Ch01_RNPCE_YanaConfrontation_Yana_Act02_01_Sub.json,once you made sure I wouldn't burn anything else down.,
Impact\Content\Maps\Chapters\Chapter01\RNPCE_YanaConfrontation\YanaConfrontation_L2\Ch01_RNPCE_YanaConfrontation_Yana_Act02_01_Sub.json,I think I've earned a little hard labor.,
Impact\Content\Maps\Chapters\Chapter01\RNPCE_YanaConfrontation\YanaConfrontation_L2\Ch01_RNPCE_YanaConfrontation_Yana_Act02_01_Sub.json,"Just... give me some time, OK?",
Impact\Content\Maps\Chapters\Chapter01\RNPCE_YanaConfrontation\YanaConfrontation_L2\Ch01_RNPCE_YanaConfrontation_Yana_Act02_01_Sub.json,"Hah, that did something... Looks like I can reduce some of the pressure from here.",
Impact\Content\Maps\Chapters\Chapter01\RNPCE_YanaConfrontation\YanaConfrontation_L2\Ch01_RNPCE_YanaConfrontation_Yana_FixPipeReminder01_01_Sub.json,I think there's a valve in the maintenance shaft,
Impact\Content\Maps\Chapters\Chapter01\RNPCE_YanaConfrontation\YanaConfrontation_L2\Ch01_RNPCE_YanaConfrontation_Yana_FixPipeReminder01_02_Sub.json,BACK THERE. THROUGH THE VENT!,
Impact\Content\Maps\Chapters\Chapter01\RNPCE_YanaConfrontation\YanaConfrontation_L2\Ch01_RNPCE_YanaConfrontation_Yana_FixPipeReminder02_01_Sub.json,Follow the pipe!,
Impact\Content\Maps\Chapters\Chapter01\RNPCE_YanaConfrontation\YanaConfrontation_L2\Ch01_RNPCE_YanaConfrontation_Yana_ThatDidIt_01_Sub.json,That did it.,
Impact\Content\Maps\Chapters\Chapter01\RNPCE_YanaConfrontation\YanaConfrontation_L2\Ch01_RNPCE_YanaConfrontation_Yana_ThatDidIt_01_Sub.json,Thank you for cleaning up another one of my messes.,
Impact\Content\Maps\Chapters\Chapter01\TRAV_ToMaxsOffice\BackAgain\Ch01_TRAV_ToMaxsOffice_Civilian_MeetAgain_Sub.json,Max passed through a while ago.,
Impact\Content\Maps\Chapters\Chapter01\TRAV_ToMaxsOffice\BackAgain\Ch01_TRAV_ToMaxsOffice_Civilian_MeetAgain_Sub.json,I guess you saw what happened at the farm then.,
Impact\Content\Maps\Chapters\Chapter01\TRAV_ToMaxsOffice\BackAgain\Ch01_TRAV_ToMaxsOffice_Serdar_Confirm_Sub.json,It's being taken care of.,
Impact\Content\Maps\Chapters\Chapter01\TRAV_ToMaxsOffice\BackAgain\Ch01_TRAV_ToMaxsOffice_Serdar_Confirm_Sub.json,Thanks.,
Impact\Content\Maps\Chapters\Chapter01\TRAV_ToMaxsOffice\Barman\Ch01_TRAV_ToMaxsOffice_Barman_Drink_Sub.json,Doctor! A drink!,
Impact\Content\Maps\Chapters\Chapter01\TRAV_ToMaxsOffice\Barman\Ch01_TRAV_ToMaxsOffice_Barman_Drink_Sub.json,"On the house, for helping clear up that misunderstanding with Max!",
Impact\Content\Maps\Chapters\Chapter01\TRAV_ToMaxsOffice\Barman\Ch01_TRAV_ToMaxsOffice_Serdar_MaybeLater_Sub.json,"Another time, perhaps.",
Impact\Content\Maps\Chapters\Chapter01\TRAV_ToMaxsOffice\Barman\Ch01_TRAV_ToMaxsOffice_Serdar_MaybeLater_Sub.json,I'm actually off to see him now.,
Impact\Content\Maps\Chapters\Chapter01\TRAV_ToMaxsOffice\Eloped\Ch01_TRAV_ToMaxsOffice_ConcernedMan01_NoWorries_Sub.json,It's not like somebody opened a hole in the ground and pushed her in.,
Impact\Content\Maps\Chapters\Chapter01\TRAV_ToMaxsOffice\Eloped\Ch01_TRAV_ToMaxsOffice_ConcernedMan01_NoWorries_Sub.json,Of course she ran off!,
Impact\Content\Maps\Chapters\Chapter01\TRAV_ToMaxsOffice\Eloped\Ch01_TRAV_ToMaxsOffice_ConcernedMan01_Related_Sub.json,"Besides, I'm pretty sure they're related.",
Impact\Content\Maps\Chapters\Chapter01\TRAV_ToMaxsOffice\Eloped\Ch01_TRAV_ToMaxsOffice_ConcernedMan01_Related_Sub.json,Cousins or something.,
Impact\Content\Maps\Chapters\Chapter01\TRAV_ToMaxsOffice\Eloped\Ch01_TRAV_ToMaxsOffice_ConcernedWoman01_Nonsense_Sub.json,They both disappeared around the same time.,
Impact\Content\Maps\Chapters\Chapter01\TRAV_ToMaxsOffice\Eloped\Ch01_TRAV_ToMaxsOffice_ConcernedWoman01_Sigh_Sub.json,I suppose.,
Impact\Content\Maps\Chapters\Chapter01\TRAV_ToMaxsOffice\Eloped\Ch01_TRAV_ToMaxsOffice_ConcernedWoman01_Sigh_Sub.json,But a girl that young...,
Impact\Content\Maps\Chapters\Chapter01\TRAV_ToMaxsOffice\Eloped\Ch01_TRAV_ToMaxsOffice_ConcernedWoman01_Sigh_Sub.json,you'd never have gotten me outside of a station on my own at that age.,
Impact\Content\Maps\Chapters\Chapter01\TRAV_ToMaxsOffice\Eloped\Ch01_TRAV_ToMaxsOffice_ConcernedWoman01_Sigh_Sub.json,Not a chance.,
Impact\Content\Maps\Chapters\Chapter01\TRAV_ToMaxsOffice\Eloped\Ch01_TRAV_ToMaxsOffice_ConcernedWoman01_Worried_Sub.json,Do you really think Daria ran off with Andrey?,
Impact\Content\Maps\Chapters\Chapter01\TRAV_ToMaxsOffice\Eloped\Ch01_TRAV_ToMaxsOffice_ConcernedWoman02_Eloped_Sub.json,Are you kidding?! He's old enough to be her father!,
Impact\Content\Maps\Chapters\Chapter01\TRAV_ToMaxsOffice\Eloped\Ch01_TRAV_ToMaxsOffice_ConcernedWoman02_Eloped_Sub.json,Not to mention he looks like someone's armpit.,
Impact\Content\Maps\Chapters\Chapter01\TRAV_ToMaxsOffice\Eloped\Ch01_TRAV_ToMaxsOffice_ConcernedWoman02_LoveIsBlind_Sub.json,"Nonsense. Andrey goes off every couple of months,",
Impact\Content\Maps\Chapters\Chapter01\TRAV_ToMaxsOffice\Eloped\Ch01_TRAV_ToMaxsOffice_ConcernedWoman02_LoveIsBlind_Sub.json,usually up to that whorehouse in Kitay-gorod from what I hear.,
Impact\Content\Maps\Chapters\Chapter01\TRAV_ToMaxsOffice\Eloped\Ch01_TRAV_ToMaxsOffice_ConcernedWoman02_Possibility_Sub.json,That wouldn't stop Andrey.,
Impact\Content\Maps\Chapters\Chapter01\TRAV_ToMaxsOffice\KidsUpAtNight\Ch01_TRAV_ToMaxsOffice_Boy_JustAGame_Sub.json,I thought I heard a nosalis.,
Impact\Content\Maps\Chapters\Chapter01\TRAV_ToMaxsOffice\KidsUpAtNight\Ch01_TRAV_ToMaxsOffice_Boy_NotDangerous_Sub.json,But I heard they get in the walls.,
Impact\Content\Maps\Chapters\Chapter01\TRAV_ToMaxsOffice\KidsUpAtNight\Ch01_TRAV_ToMaxsOffice_Boy_NotDangerous_Sub.json,"Big ones, too.",
Impact\Content\Maps\Chapters\Chapter01\TRAV_ToMaxsOffice\KidsUpAtNight\Ch01_TRAV_ToMaxsOffice_Boy_Sorry_Sub.json,But if there was...,
Impact\Content\Maps\Chapters\Chapter01\TRAV_ToMaxsOffice\KidsUpAtNight\Ch01_TRAV_ToMaxsOffice_Boy_Sorry_Sub.json,somebody should be here.,
Impact\Content\Maps\Chapters\Chapter01\TRAV_ToMaxsOffice\KidsUpAtNight\Ch01_TRAV_ToMaxsOffice_Boy_Sorry_Sub.json,To protect you and Lyuba.,
Impact\Content\Maps\Chapters\Chapter01\TRAV_ToMaxsOffice\KidsUpAtNight\Ch01_TRAV_ToMaxsOffice_Girl_Awww_Sub.json,Big nosalis in our beds.,
Impact\Content\Maps\Chapters\Chapter01\TRAV_ToMaxsOffice\KidsUpAtNight\Ch01_TRAV_ToMaxsOffice_Girl_Sorry_Sub.json,Fedir's the man of the house now.,
Impact\Content\Maps\Chapters\Chapter01\TRAV_ToMaxsOffice\KidsUpAtNight\Ch01_TRAV_ToMaxsOffice_Mother_CheckClocks_Sub.json,In these walls? Not a chance.,
Impact\Content\Maps\Chapters\Chapter01\TRAV_ToMaxsOffice\KidsUpAtNight\Ch01_TRAV_ToMaxsOffice_Mother_CheckClocks_Sub.json,"And besides, what safer place is there than home in your beds?",
Impact\Content\Maps\Chapters\Chapter01\TRAV_ToMaxsOffice\KidsUpAtNight\Ch01_TRAV_ToMaxsOffice_Mother_NotSafeAtNight_Sub.json,"There's nothing out here, baby.",
Impact\Content\Maps\Chapters\Chapter01\TRAV_ToMaxsOffice\KidsUpAtNight\Ch01_TRAV_ToMaxsOffice_Mother_NotSafeAtNight_Sub.json,"A few drunks, maybe, but certainly not a nosalis.",
Impact\Content\Maps\Chapters\Chapter01\TRAV_ToMaxsOffice\KidsUpAtNight\Ch01_TRAV_ToMaxsOffice_Mother_OffToBed_Sub.json,We protect each other.,
Impact\Content\Maps\Chapters\Chapter01\TRAV_ToMaxsOffice\KidsUpAtNight\Ch01_TRAV_ToMaxsOffice_Mother_OffToBed_Sub.json,That's why we're family.,
Impact\Content\Maps\Chapters\Chapter01\TRAV_ToMaxsOffice\KidsUpAtNight\Ch01_TRAV_ToMaxsOffice_Mother_OffToBed_Sub.json,Now move. Even nosalis need to sleep sometime.,
Impact\Content\Maps\Chapters\Chapter01\TRAV_ToMaxsOffice\KidsUpAtNight\Ch01_TRAV_ToMaxsOffice_Mother_OffToBed_Sub.json,"Inside, both of you.",
Impact\Content\Maps\Chapters\Chapter01\TRAV_ToMaxsOffice\KidsUpAtNight\Ch01_TRAV_ToMaxsOffice_Mother_ThreatenWithFather_Sub.json,"No, NO nosalis in our beds.",
Impact\Content\Maps\Chapters\Chapter01\TRAV_ToMaxsOffice\KidsUpAtNight\Ch01_TRAV_ToMaxsOffice_Mother_WhatsAllThisThen_Sub.json,I thought I told you two to get inside.,
Impact\Content\Maps\Chapters\Chapter01\TRAV_ToMaxsOffice\KidsUpAtNight\Ch01_TRAV_ToMaxsOffice_Mother_WhatsAllThisThen_Sub.json,It's past your bedtime.,
Impact\Content\Maps\Chapters\Chapter01\TRAV_ToMaxsOffice\MaxGuard\Ch01_TRAV_ToMaxsOffice_Guard_CallSerdar_Sub.json,"Serdar - Max is back, he's up in the office.",
Impact\Content\Maps\Chapters\Chapter01\TRAV_ToMaxsOffice\MaxGuard\Ch01_TRAV_ToMaxsOffice_Guard_HeadInside_Sub.json,"Just head on in, he's expecting you.",
Impact\Content\Maps\Chapters\Chapter01\TRAV_ToMaxsOffice\MissingPerson\Ch01_TRAV_ToMaxsOffice_Anna_BrotherGone_Sub.json,Yes. He went to the farm to help with the repairs.,
Impact\Content\Maps\Chapters\Chapter01\TRAV_ToMaxsOffice\MissingPerson\Ch01_TRAV_ToMaxsOffice_Anna_BrotherGone_Sub.json,"Grika, not Lerik.",
Impact\Content\Maps\Chapters\Chapter01\TRAV_ToMaxsOffice\MissingPerson\Ch01_TRAV_ToMaxsOffice_Anna_BrotherGone_Sub.json,But then Lerik said he saw Grika here in the market so I came to look for him.,
Impact\Content\Maps\Chapters\Chapter01\TRAV_ToMaxsOffice\MissingPerson\Ch01_TRAV_ToMaxsOffice_Anna_ConfusingSerdar_Sub.json,Oh! Doctor!,
Impact\Content\Maps\Chapters\Chapter01\TRAV_ToMaxsOffice\MissingPerson\Ch01_TRAV_ToMaxsOffice_Anna_ConfusingSerdar_Sub.json,"Hi! You haven't seen my brother, have you?",
Impact\Content\Maps\Chapters\Chapter01\TRAV_ToMaxsOffice\MissingPerson\Ch01_TRAV_ToMaxsOffice_Anna_ConfusingSerdar_Sub.json,"Grika, not Lerik.",
Impact\Content\Maps\Chapters\Chapter01\TRAV_ToMaxsOffice\MissingPerson\Ch01_TRAV_ToMaxsOffice_Anna_NoThanks_Sub.json,"Uh, hello?? How rude!",
Impact\Content\Maps\Chapters\Chapter01\TRAV_ToMaxsOffice\MissingPerson\Ch01_TRAV_ToMaxsOffice_Anna_NoThanks_Sub.json,I was only asking a question.,
Impact\Content\Maps\Chapters\Chapter01\TRAV_ToMaxsOffice\MissingPerson\Ch01_TRAV_ToMaxsOffice_Anna_Rambling_Sub.json,"Ah, that would be great.",
Impact\Content\Maps\Chapters\Chapter01\TRAV_ToMaxsOffice\MissingPerson\Ch01_TRAV_ToMaxsOffice_Anna_Rambling_Sub.json,"You see, I'd been planning to redo the family quarters today and Grika wanted to help.",
Impact\Content\Maps\Chapters\Chapter01\TRAV_ToMaxsOffice\MissingPerson\Ch01_TRAV_ToMaxsOffice_Anna_Rambling_Sub.json,"Well, he didn't really WANT to help but he agreed to, because he knows momma",
Impact\Content\Maps\Chapters\Chapter01\TRAV_ToMaxsOffice\MissingPerson\Ch01_TRAV_ToMaxsOffice_Anna_Rambling_Sub.json,can't breathe in the back corner of the room because it gets really stuffy.,
Impact\Content\Maps\Chapters\Chapter01\TRAV_ToMaxsOffice\MissingPerson\Ch01_TRAV_ToMaxsOffice_Anna_Rambling_Sub.json,"She's got this condition, but duh, you know that, you're her doctor!",
Impact\Content\Maps\Chapters\Chapter01\TRAV_ToMaxsOffice\MissingPerson\Ch01_TRAV_ToMaxsOffice_Anna_Rambling_Sub.json,"Anyway, Grika was going to help last week but something came up,",
Impact\Content\Maps\Chapters\Chapter01\TRAV_ToMaxsOffice\MissingPerson\Ch01_TRAV_ToMaxsOffice_Anna_Rambling_Sub.json,and then this week he had to help Max put the caravan together to go to Riga.,
Impact\Content\Maps\Chapters\Chapter01\TRAV_ToMaxsOffice\MissingPerson\Ch01_TRAV_ToMaxsOffice_Anna_Rambling_Sub.json,I don't know if you noticed but Max really trusts Grika a lot!,
Impact\Content\Maps\Chapters\Chapter01\TRAV_ToMaxsOffice\MissingPerson\Ch01_TRAV_ToMaxsOffice_Anna_Rambling_Sub.json,He's almost never around anymore!,
Impact\Content\Maps\Chapters\Chapter01\TRAV_ToMaxsOffice\MissingPerson\Ch01_TRAV_ToMaxsOffice_Anna_Rambling_Sub.json,I tried to find him yesterday and I don't think he realized it was me because,
Impact\Content\Maps\Chapters\Chapter01\TRAV_ToMaxsOffice\MissingPerson\Ch01_TRAV_ToMaxsOffice_Anna_Rambling_Sub.json,"he turned and walked around a corner, but when I found him,",
Impact\Content\Maps\Chapters\Chapter01\TRAV_ToMaxsOffice\MissingPerson\Ch01_TRAV_ToMaxsOffice_Anna_Rambling_Sub.json,he said we'd rearrange today for sure.,
Impact\Content\Maps\Chapters\Chapter01\TRAV_ToMaxsOffice\MissingPerson\Ch01_TRAV_ToMaxsOffice_Anna_Rambling_Sub.json,"Only then Max needed him again, but if he's out here somewhere,",
Impact\Content\Maps\Chapters\Chapter01\TRAV_ToMaxsOffice\MissingPerson\Ch01_TRAV_ToMaxsOffice_Anna_Rambling_Sub.json,"he must be done, right?",
Impact\Content\Maps\Chapters\Chapter01\TRAV_ToMaxsOffice\MissingPerson\Ch01_TRAV_ToMaxsOffice_Anna_Rambling_Sub.json,Otherwise he'd have come home.,
Impact\Content\Maps\Chapters\Chapter01\TRAV_ToMaxsOffice\MissingPerson\Ch01_TRAV_ToMaxsOffice_Anna_Rambling_Sub.json,Do you think I should be worried?,
Impact\Content\Maps\Chapters\Chapter01\TRAV_ToMaxsOffice\MissingPerson\Ch01_TRAV_ToMaxsOffice_Anna_Thanks_Sub.json,"Anxious? I guess, if you say so, doctor.",
Impact\Content\Maps\Chapters\Chapter01\TRAV_ToMaxsOffice\MissingPerson\Ch01_TRAV_ToMaxsOffice_Anna_Thanks_Sub.json,"Um, thanks?",
Impact\Content\Maps\Chapters\Chapter01\TRAV_ToMaxsOffice\MissingPerson\Ch01_TRAV_ToMaxsOffice_Serdar_ConfirmToAnna_Sub.json,I'll be sure to let him know if I see him.,
Impact\Content\Maps\Chapters\Chapter01\TRAV_ToMaxsOffice\MissingPerson\Ch01_TRAV_ToMaxsOffice_Serdar_Errand_Sub.json,"Anna, I can see how distressing your brother's absence is.",
Impact\Content\Maps\Chapters\Chapter01\TRAV_ToMaxsOffice\MissingPerson\Ch01_TRAV_ToMaxsOffice_Serdar_Errand_Sub.json,"Perhaps tomorrow, if you're still feeling anxious about...",
Impact\Content\Maps\Chapters\Chapter01\TRAV_ToMaxsOffice\MissingPerson\Ch01_TRAV_ToMaxsOffice_Serdar_Errand_Sub.json,"this, you can come by and I'll prescribe something for your nerves.",
Impact\Content\Maps\Chapters\Chapter01\TRAV_ToMaxsOffice\MissingPerson\Ch01_TRAV_ToMaxsOffice_Serdar_Errand_Sub.json,Yes?,
Impact\Content\Maps\Chapters\Chapter01\TRAV_ToMaxsOffice\MissingPerson\Ch01_TRAV_ToMaxsOffice_Serdar_Interrupted01_Sub.json,I have an--,
Impact\Content\Maps\Chapters\Chapter01\TRAV_ToMaxsOffice\MissingPerson\Ch01_TRAV_ToMaxsOffice_Serdar_Interrupted02_Sub.json,"I apologize, but I have--",
Impact\Content\Maps\Chapters\Chapter01\TRAV_ToMaxsOffice\MissingPerson\Ch01_TRAV_ToMaxsOffice_Serdar_Interrupted03_Sub.json,"Sorry, but I really--",
Impact\Content\Maps\Chapters\Chapter01\TRAV_ToMaxsOffice\MissingPerson\Ch01_TRAV_ToMaxsOffice_Serdar_Interrupted04_Sub.json,I have an errand to--,
Impact\Content\Maps\Chapters\Chapter01\TRAV_ToMaxsOffice\MissingPerson\Ch01_TRAV_ToMaxsOffice_Serdar_LookingForSomeone_Sub.json,You're looking for Grika?,
Impact\Content\Maps\Chapters\Chapter01\TRAV_ToMushroomFarm\AngryAtYana\Ch01_TRAV_ToMushroomFarm_AngryWoman_AllForNothing_Sub.json,"God, I need a drink...",
Impact\Content\Maps\Chapters\Chapter01\TRAV_ToMushroomFarm\AngryAtYana\Ch01_TRAV_ToMushroomFarm_AngryWoman_BetterBeExplanation_Sub.json,"Well, let somebody else deal with this mess.",
Impact\Content\Maps\Chapters\Chapter01\TRAV_ToMushroomFarm\AngryAtYana\Ch01_TRAV_ToMushroomFarm_AngryWoman_Exclamation_Sub.json,Arggh!,
Impact\Content\Maps\Chapters\Chapter01\TRAV_ToMushroomFarm\AngryAtYana\Ch01_TRAV_ToMushroomFarm_AngryWoman_FinalGrunt_Sub.json,Hrng!,
Impact\Content\Maps\Chapters\Chapter01\TRAV_ToMushroomFarm\AngryAtYana\Ch01_TRAV_ToMushroomFarm_AngryWoman_TeachALesson_Sub.json,"All that work, for what?",
Impact\Content\Maps\Chapters\Chapter01\TRAV_ToMushroomFarm\AngryAtYana\Ch01_TRAV_ToMushroomFarm_AngryWoman_TooLate_Sub.json,I am DONE.,
Impact\Content\Maps\Chapters\Chapter01\TRAV_ToMushroomFarm\Cook\Ch01_TRAV_ToMushroomFarm_Cook_MenuOfTheDay_Sub.json,Today's dish is meat and mushroom stew.,
Impact\Content\Maps\Chapters\Chapter01\TRAV_ToMushroomFarm\Cook\Ch01_TRAV_ToMushroomFarm_Cook_MenuOfTheDay_Sub.json,"And no, I don't know which meat.",
Impact\Content\Maps\Chapters\Chapter01\TRAV_ToMushroomFarm\FakePlasticTrees\Ch01_TRAV_ToMushroomFarm_GossipWoman01_Actually_Sub.json,You've got to give him points for trying.,
Impact\Content\Maps\Chapters\Chapter01\TRAV_ToMushroomFarm\FakePlasticTrees\Ch01_TRAV_ToMushroomFarm_GossipWoman01_SawMaxOffice_Sub.json,Did you see those Spartans that came through the other day?,
Impact\Content\Maps\Chapters\Chapter01\TRAV_ToMushroomFarm\FakePlasticTrees\Ch01_TRAV_ToMushroomFarm_GossipWoman01_ShowOff_Sub.json,"What, like mercenaries?",
Impact\Content\Maps\Chapters\Chapter01\TRAV_ToMushroomFarm\FakePlasticTrees\Ch01_TRAV_ToMushroomFarm_GossipWoman02_Comparison_Sub.json,More like showing off.,
Impact\Content\Maps\Chapters\Chapter01\TRAV_ToMushroomFarm\FakePlasticTrees\Ch01_TRAV_ToMushroomFarm_GossipWoman02_Comparison_Sub.json,"They'll probably march in here a few times a year,",
Impact\Content\Maps\Chapters\Chapter01\TRAV_ToMushroomFarm\FakePlasticTrees\Ch01_TRAV_ToMushroomFarm_GossipWoman02_Comparison_Sub.json,"give him a high five, and we're all supposed to feel safer at night.",
Impact\Content\Maps\Chapters\Chapter01\TRAV_ToMushroomFarm\FakePlasticTrees\Ch01_TRAV_ToMushroomFarm_GossipWoman02_Dreaming_Sub.json,I dunno.,
Impact\Content\Maps\Chapters\Chapter01\TRAV_ToMushroomFarm\FakePlasticTrees\Ch01_TRAV_ToMushroomFarm_GossipWoman02_Dreaming_Sub.json,"For all the silly crap he trades for around here,",
Impact\Content\Maps\Chapters\Chapter01\TRAV_ToMushroomFarm\FakePlasticTrees\Ch01_TRAV_ToMushroomFarm_GossipWoman02_Dreaming_Sub.json,I'd be happy if we had a blanket that didn't smell like somebody died in it.,
Impact\Content\Maps\Chapters\Chapter01\TRAV_ToMushroomFarm\FakePlasticTrees\Ch01_TRAV_ToMushroomFarm_GossipWoman02_FakeTrees_Sub.json,Get used to it.,
Impact\Content\Maps\Chapters\Chapter01\TRAV_ToMushroomFarm\FakePlasticTrees\Ch01_TRAV_ToMushroomFarm_GossipWoman02_FakeTrees_Sub.json,"Apparently, Max is trying to make some deal.",
Impact\Content\Maps\Chapters\Chapter01\TRAV_ToMushroomFarm\FakePlasticTrees\Ch01_TRAV_ToMushroomFarm_GossipWoman02_FakeTrees_Sub.json,"A ""security resolution"", he called it.",
Impact\Content\Maps\Chapters\Chapter01\TRAV_ToMushroomFarm\HallwayGuard\Ch01_TRAV_ToMushroomFarm_Hallway_Guard_Hey_Sub.json,Hey.,
Impact\Content\Maps\Chapters\Chapter01\TRAV_ToMushroomFarm\HallwayGuard\Ch01_TRAV_ToMushroomFarm_Hallway_Guard_MaxHere_Sub.json,"Max, Serdar's here.",
Impact\Content\Maps\Chapters\Chapter01\TRAV_ToMushroomFarm\HallwayGuard\Ch01_TRAV_ToMushroomFarm_Max_OneSec_Sub.json,One sec--,
Impact\Content\Maps\Chapters\Chapter01\TRAV_ToMushroomFarm\HallwayGuard\Ch01_TRAV_ToMushroomFarm_Max_YeahYeahIn_Sub.json,"Yeah yeah, send him in!",
Impact\Content\Maps\Chapters\Chapter01\TRAV_ToMushroomFarm\HeySerdar\Ch01_TRAV_ToMushroomFarm_GreetingWoman_HeySerdar_Sub.json,"Good evening, Dr. Iskanderov.",
Impact\Content\Maps\Chapters\Chapter01\TRAV_ToMushroomFarm\HeySerdar\Ch01_TRAV_ToMushroomFarm_Serdar_Greeting_Sub.json,Hello.,
Impact\Content\Maps\Chapters\Chapter01\TRAV_ToMushroomFarm\LookingForYana\Ch01_TRAV_ToMushroomFarm_Civilian_Directions_Sub.json,"Oh good, he went that way.",
Impact\Content\Maps\Chapters\Chapter01\TRAV_ToMushroomFarm\LookingForYana\Ch01_TRAV_ToMushroomFarm_Civilian_UnwantedAdvice_Sub.json,"Hey, Serdar.",
Impact\Content\Maps\Chapters\Chapter01\TRAV_ToMushroomFarm\LookingForYana\Ch01_TRAV_ToMushroomFarm_Civilian_UnwantedAdvice_Sub.json,Have you talked to Max yet?,
Impact\Content\Maps\Chapters\Chapter01\TRAV_ToMushroomFarm\LookingForYana\Ch01_TRAV_ToMushroomFarm_Civilian_UnwantedAdvice_Sub.json,I heard there's trouble at the mushroom farm.,
Impact\Content\Maps\Chapters\Chapter01\TRAV_ToMushroomFarm\LookingForYana\Ch01_TRAV_ToMushroomFarm_Serdar_OK_Sub.json,"No, I'm on my way to see him now.",
Impact\Content\Maps\Chapters\Chapter01\TRAV_ToMushroomFarm\MarketConversation\Ch01_TRAV_ToMushroomFarm_Child_BigOne_Sub.json,Wow! They've got SO many different types of mushrooms here!,
Impact\Content\Maps\Chapters\Chapter01\TRAV_ToMushroomFarm\MarketConversation\Ch01_TRAV_ToMushroomFarm_Child_Huge_Sub.json,Everything's so NICE here!,
Impact\Content\Maps\Chapters\Chapter01\TRAV_ToMushroomFarm\MarketConversation\Ch01_TRAV_ToMushroomFarm_Child_Huge_Sub.json,And we're going to stay?,
Impact\Content\Maps\Chapters\Chapter01\TRAV_ToMushroomFarm\MarketConversation\Ch01_TRAV_ToMushroomFarm_Child_Huge_Sub.json,"Like, for good?",
Impact\Content\Maps\Chapters\Chapter01\TRAV_ToMushroomFarm\MarketConversation\Ch01_TRAV_ToMushroomFarm_Child_OK_Sub.json,I'm home now.,
Impact\Content\Maps\Chapters\Chapter01\TRAV_ToMushroomFarm\MarketConversation\Ch01_TRAV_ToMushroomFarm_Mother_Counter_Sub.json,I told you you'd like Akademicheskaya.,
Impact\Content\Maps\Chapters\Chapter01\TRAV_ToMushroomFarm\MarketConversation\Ch01_TRAV_ToMushroomFarm_Mother_Resolute_Sub.json,That's right. Look around.,
Impact\Content\Maps\Chapters\Chapter01\TRAV_ToMushroomFarm\MarketConversation\Ch01_TRAV_ToMushroomFarm_Mother_Resolute_Sub.json,You're home now.,
Impact\Content\Maps\Chapters\Chapter01\TRAV_ToMushroomFarm\MarketSellers\Ch01_TRAV_ToMushroomFarm_MushroomSeller_Fresh_Sub.json,Fresh from the farm!,
Impact\Content\Maps\Chapters\Chapter01\TRAV_ToMushroomFarm\MarketSellers\Ch01_TRAV_ToMushroomFarm_MushroomSeller_Fresh_Sub.json,"Come, feed your bellies!",
Impact\Content\Maps\Chapters\Chapter01\TRAV_ToMushroomFarm\MarketSellers\Ch01_TRAV_ToMushroomFarm_MushroomSeller_Mushrooms_Sub.json,Mushrooms! Get your mushrooms!,
Impact\Content\Maps\Chapters\Chapter01\TRAV_ToMushroomFarm\MarketSellers\Ch01_TRAV_ToMushroomFarm_PrewarSeller_FinestObjects_Sub.json,You won't find pre-war stock like this anywhere in the Metro!,
Impact\Content\Maps\Chapters\Chapter01\TRAV_ToMushroomFarm\MarketSellers\Ch01_TRAV_ToMushroomFarm_PrewarSeller_Scavengers_Sub.json,We've got magazines!,
Impact\Content\Maps\Chapters\Chapter01\TRAV_ToMushroomFarm\MarketSellers\Ch01_TRAV_ToMushroomFarm_PrewarSeller_Scavengers_Sub.json,Books! Some with all the pages!,
Impact\Content\Maps\Chapters\Chapter01\TRAV_ToMushroomFarm\MarketSellers\Ch01_TRAV_ToMushroomFarm_ScrapSeller_Safest_Sub.json,Save yourself a trip to the tunnels!,
Impact\Content\Maps\Chapters\Chapter01\TRAV_ToMushroomFarm\MarketSellers\Ch01_TRAV_ToMushroomFarm_ScrapSeller_Safest_Sub.json,We take the risk so you don't have to!,
Impact\Content\Maps\Chapters\Chapter01\TRAV_ToMushroomFarm\MarketSellers\Ch01_TRAV_ToMushroomFarm_ScrapSeller_Wares_Sub.json,"Best price for scrap, right here!",
Impact\Content\Maps\Chapters\Chapter01\TRAV_ToMushroomFarm\Meds\Ch01_TRAV_ToMushroomFarm_Patient_CantComplain_Sub.json,Good! SO much better.,
Impact\Content\Maps\Chapters\Chapter01\TRAV_ToMushroomFarm\Meds\Ch01_TRAV_ToMushroomFarm_Patient_CantComplain_Sub.json,"I owe you, doc!",
Impact\Content\Maps\Chapters\Chapter01\TRAV_ToMushroomFarm\Meds\Ch01_TRAV_ToMushroomFarm_Serdar_GladToHear_Sub.json,Happy to help. But no more rat kebabs for a while!,
Impact\Content\Maps\Chapters\Chapter01\TRAV_ToMushroomFarm\Meds\Ch01_TRAV_ToMushroomFarm_Serdar_InquiringAboutHealth_Sub.json,"Ah, Radimil!",
Impact\Content\Maps\Chapters\Chapter01\TRAV_ToMushroomFarm\Meds\Ch01_TRAV_ToMushroomFarm_Serdar_InquiringAboutHealth_Sub.json,How's the stomach?,
Impact\Content\Maps\Chapters\Chapter01\TRAV_ToMushroomFarm\MissingPerson\Ch01_TRAV_ToMushroomFarm_MaxGuard_MaxNotHere_Sub.json,Oh hey Serdar.,
Impact\Content\Maps\Chapters\Chapter01\TRAV_ToMushroomFarm\MissingPerson\Ch01_TRAV_ToMushroomFarm_MaxGuard_MaxNotHere_Sub.json,Max isn't in his office.,
Impact\Content\Maps\Chapters\Chapter01\TRAV_ToMushroomFarm\MissingPerson\Ch01_TRAV_ToMushroomFarm_MaxGuard_MaxNotHere_Sub.json,If you go through the living quarters you might still catch him.,
Impact\Content\Maps\Chapters\Chapter01\TRAV_ToMushroomFarm\NewBooks\Ch01_TRAV_ToMushroomFarm_Reader01_AnythingGood_Sub.json,I can't even imagine.,
Impact\Content\Maps\Chapters\Chapter01\TRAV_ToMushroomFarm\NewBooks\Ch01_TRAV_ToMushroomFarm_Reader01_AnythingGood_Sub.json,How awful.,
Impact\Content\Maps\Chapters\Chapter01\TRAV_ToMushroomFarm\NewBooks\Ch01_TRAV_ToMushroomFarm_Reader01_NewBookAtMarket_Sub.json,Did she leave a note or anything?,
Impact\Content\Maps\Chapters\Chapter01\TRAV_ToMushroomFarm\NewBooks\Ch01_TRAV_ToMushroomFarm_Reader01_Nice_Sub.json,I heard all sorts of weird stuff happens out there.,
Impact\Content\Maps\Chapters\Chapter01\TRAV_ToMushroomFarm\NewBooks\Ch01_TRAV_ToMushroomFarm_Reader02_Joke_Sub.json,What do you mean? Because of Daria?,
Impact\Content\Maps\Chapters\Chapter01\TRAV_ToMushroomFarm\NewBooks\Ch01_TRAV_ToMushroomFarm_Reader02_SomeNiceBooks_Sub.json,"Sad, but, you know, that's the Metro.",
Impact\Content\Maps\Chapters\Chapter01\TRAV_ToMushroomFarm\NewBooks\Ch01_TRAV_ToMushroomFarm_Reader02_SomeNiceBooks_Sub.json,"A friend of mine's entire family went missing a few months ago,",
Impact\Content\Maps\Chapters\Chapter01\TRAV_ToMushroomFarm\NewBooks\Ch01_TRAV_ToMushroomFarm_Reader02_SomeNiceBooks_Sub.json,somewhere in one of the tunnels near Polyanka.,
Impact\Content\Maps\Chapters\Chapter01\TRAV_ToMushroomFarm\NewBooks\Ch01_TRAV_ToMushroomFarm_Reader02_SomeNiceBooks_Sub.json,The search party found a knapsack and that was all.,
Impact\Content\Maps\Chapters\Chapter01\TRAV_ToMushroomFarm\NewBooks\Ch01_TRAV_ToMushroomFarm_Reader02_TradingBooks_Sub.json,No. Was just there one second and gone the next.,
Impact\Content\Maps\Chapters\Chapter01\TRAV_ToMushroomFarm\NewBooks\Ch01_TRAV_ToMushroomFarm_Reader03_ReactToJoke_Sub.json,No. It's just getting late.,
Impact\Content\Maps\Chapters\Chapter01\TRAV_ToMushroomFarm\NewBooks\Ch01_TRAV_ToMushroomFarm_Reader03_ReactToJoke_Sub.json,Let's just drop it.,
Impact\Content\Maps\Chapters\Chapter01\TRAV_ToMushroomFarm\NewBooks\Ch01_TRAV_ToMushroomFarm_Reader03_SomethingLessDense_Sub.json,"There's a whole story to that place, but...",
Impact\Content\Maps\Chapters\Chapter01\TRAV_ToMushroomFarm\NewBooks\Ch01_TRAV_ToMushroomFarm_Reader03_SomethingLessDense_Sub.json,"uh, maybe now's not the time.",
Impact\Content\Maps\Chapters\Chapter01\TRAV_ToMushroomFarm\PaintAndLights\Ch01_TRAV_ToMushroomFarm_ManTalkingWithPainter_ButWhy_Sub.json,So now he wants us to go around painting pink stripes on things?,
Impact\Content\Maps\Chapters\Chapter01\TRAV_ToMushroomFarm\PaintAndLights\Ch01_TRAV_ToMushroomFarm_ManTalkingWithPainter_Fantasizing_Sub.json,"I doubt it. Which probably means he wants new lights, too.",
Impact\Content\Maps\Chapters\Chapter01\TRAV_ToMushroomFarm\PaintAndLights\Ch01_TRAV_ToMushroomFarm_ManTalkingWithPainter_WrongColor_Sub.json,Yeah. Like hot pink.,
Impact\Content\Maps\Chapters\Chapter01\TRAV_ToMushroomFarm\PaintAndLights\Ch01_TRAV_ToMushroomFarm_ManTalkingWithPainter_WrongColor_Sub.json,Why?,
Impact\Content\Maps\Chapters\Chapter01\TRAV_ToMushroomFarm\PaintAndLights\Ch01_TRAV_ToMushroomFarm_Painter_BargainDeal_Sub.json,I don't know. He said he still wasn't sure about the shade.,
Impact\Content\Maps\Chapters\Chapter01\TRAV_ToMushroomFarm\PaintAndLights\Ch01_TRAV_ToMushroomFarm_Painter_NextProject_Sub.json,This is Max we're talking about.,
Impact\Content\Maps\Chapters\Chapter01\TRAV_ToMushroomFarm\PaintAndLights\Ch01_TRAV_ToMushroomFarm_Painter_NextProject_Sub.json,Apparently he already did.,
Impact\Content\Maps\Chapters\Chapter01\TRAV_ToMushroomFarm\PaintAndLights\Ch01_TRAV_ToMushroomFarm_Painter_RedoPaintjob_Sub.json,Did you know fuchsia is a color?,
Impact\Content\Maps\Chapters\Chapter01\TRAV_ToMushroomFarm\PaintAndLights\Ch01_TRAV_ToMushroomFarm_Painter_WrongShade_Sub.json,Max was debating painting stripes on the barricades,
Impact\Content\Maps\Chapters\Chapter01\TRAV_ToMushroomFarm\PaintAndLights\Ch01_TRAV_ToMushroomFarm_Painter_WrongShade_Sub.json,since people keep walking into them at night.,
Impact\Content\Maps\Chapters\Chapter01\TRAV_ToMushroomFarm\PaintAndLights\Ch01_TRAV_ToMushroomFarm_WomanTalkingWithPainter_BadLights_Sub.json,Are you kidding?? We just painted them!,
Impact\Content\Maps\Chapters\Chapter01\TRAV_ToMushroomFarm\PaintAndLights\Ch01_TRAV_ToMushroomFarm_WomanTalkingWithPainter_BadLights_Sub.json,And where's he even going to find pink paint??,
Impact\Content\Maps\Chapters\Chapter01\TRAV_ToMushroomFarm\PaintAndLights\Ch01_TRAV_ToMushroomFarm_WomanTalkingWithPainter_ClassicMax_Sub.json,The shade?,
Impact\Content\Maps\Chapters\Chapter01\TRAV_ToMushroomFarm\PaintAndLights\Ch01_TRAV_ToMushroomFarm_WomanTalkingWithPainter_ClassicMax_Sub.json,Does he really believe anyone will be able to tell the difference with these shitty lights?,
Impact\Content\Maps\Chapters\Chapter01\TRAV_ToMushroomFarm\PickyChild\Ch01_TRAV_ToMushroomFarm_Child_DisagreeingSound_Sub.json,"That's what you said about monsters, too...",
Impact\Content\Maps\Chapters\Chapter01\TRAV_ToMushroomFarm\PickyChild\Ch01_TRAV_ToMushroomFarm_Child_HaveMine_Sub.json,I don't like it!,
Impact\Content\Maps\Chapters\Chapter01\TRAV_ToMushroomFarm\PickyChild\Ch01_TRAV_ToMushroomFarm_Child_Refusal_Sub.json,"I told you, I don't like it.",
Impact\Content\Maps\Chapters\Chapter01\TRAV_ToMushroomFarm\PickyChild\Ch01_TRAV_ToMushroomFarm_Child_UpsetAboutFood_Sub.json,I want to have good food!,
Impact\Content\Maps\Chapters\Chapter01\TRAV_ToMushroomFarm\PickyChild\Ch01_TRAV_ToMushroomFarm_Child_UpsetAboutFood_Sub.json,Like in Yasha's pictures!,
Impact\Content\Maps\Chapters\Chapter01\TRAV_ToMushroomFarm\PickyChild\Ch01_TRAV_ToMushroomFarm_Father_WhatsWrong_Sub.json,What's there not to like?,
Impact\Content\Maps\Chapters\Chapter01\TRAV_ToMushroomFarm\PickyChild\Ch01_TRAV_ToMushroomFarm_Father_WhatsWrong_Sub.json,I think it tastes pretty great!,
Impact\Content\Maps\Chapters\Chapter01\TRAV_ToMushroomFarm\PickyChild\Ch01_TRAV_ToMushroomFarm_Father_YouWillBe_Sub.json,"Dominik, we told you.",
Impact\Content\Maps\Chapters\Chapter01\TRAV_ToMushroomFarm\PickyChild\Ch01_TRAV_ToMushroomFarm_Father_YouWillBe_Sub.json,Those old photos - you can't actually have those things anymore.,
Impact\Content\Maps\Chapters\Chapter01\TRAV_ToMushroomFarm\PickyChild\Ch01_TRAV_ToMushroomFarm_Father_YouWillBe_Sub.json,They are sort of like make believe.,
Impact\Content\Maps\Chapters\Chapter01\TRAV_ToMushroomFarm\PickyChild\Ch01_TRAV_ToMushroomFarm_Mother_EatYourFood_Sub.json,"Dominik, please. It's late.",
Impact\Content\Maps\Chapters\Chapter01\TRAV_ToMushroomFarm\PickyChild\Ch01_TRAV_ToMushroomFarm_Mother_EatYourFood_Sub.json,"Just eat your dinner before it gets cold, alright?",
Impact\Content\Maps\Chapters\Chapter01\TRAV_ToMushroomFarm\PickyChild\Ch01_TRAV_ToMushroomFarm_Mother_NoWay_Sub.json,Do you think that food was free?,
Impact\Content\Maps\Chapters\Chapter01\TRAV_ToMushroomFarm\PickyChild\Ch01_TRAV_ToMushroomFarm_Mother_NoWay_Sub.json,Everything just falls from the sky?,
Impact\Content\Maps\Chapters\Chapter01\TRAV_ToMushroomFarm\PickyChild\Ch01_TRAV_ToMushroomFarm_Mother_NoWay_Sub.json,"Eat your dinner, young man - that's an order!",
Impact\Content\Maps\Chapters\Chapter01\TRAV_ToMushroomFarm\PlazaStoryteller\Ch01_TRAV_ToMushroomFarm_Storyteller_Rambling01_Sub.json,We're here in Akademicheskaya.,
Impact\Content\Maps\Chapters\Chapter01\TRAV_ToMushroomFarm\PlazaStoryteller\Ch01_TRAV_ToMushroomFarm_Storyteller_Rambling01_Sub.json,Hansa leaves us alone.,
Impact\Content\Maps\Chapters\Chapter01\TRAV_ToMushroomFarm\PlazaStoryteller\Ch01_TRAV_ToMushroomFarm_Storyteller_Rambling01_Sub.json,The Reds leave us alone.,
Impact\Content\Maps\Chapters\Chapter01\TRAV_ToMushroomFarm\PlazaStoryteller\Ch01_TRAV_ToMushroomFarm_Storyteller_Rambling01_Sub.json,The Nazies leave us alone.,
Impact\Content\Maps\Chapters\Chapter01\TRAV_ToMushroomFarm\PlazaStoryteller\Ch01_TRAV_ToMushroomFarm_Storyteller_Rambling01_Sub.json,"Even the mutants leave us alone, mostly.",
Impact\Content\Maps\Chapters\Chapter01\TRAV_ToMushroomFarm\PlazaStoryteller\Ch01_TRAV_ToMushroomFarm_Storyteller_Rambling01_Sub.json,"Life's good, yes?",
Impact\Content\Maps\Chapters\Chapter01\TRAV_ToMushroomFarm\PlazaStoryteller\Ch01_TRAV_ToMushroomFarm_Storyteller_Rambling02_Sub.json,But consider this: it's 2028.,
Impact\Content\Maps\Chapters\Chapter01\TRAV_ToMushroomFarm\PlazaStoryteller\Ch01_TRAV_ToMushroomFarm_Storyteller_Rambling02_Sub.json,We survived a nuclear apocalypse and radiation,
Impact\Content\Maps\Chapters\Chapter01\TRAV_ToMushroomFarm\PlazaStoryteller\Ch01_TRAV_ToMushroomFarm_Storyteller_Rambling02_Sub.json,and all the shit life has thrown at us since.,
Impact\Content\Maps\Chapters\Chapter01\TRAV_ToMushroomFarm\PlazaStoryteller\Ch01_TRAV_ToMushroomFarm_Storyteller_Rambling02_Sub.json,But you tell me - where is everybody?,
Impact\Content\Maps\Chapters\Chapter01\TRAV_ToMushroomFarm\PlazaStoryteller\Ch01_TRAV_ToMushroomFarm_Storyteller_Rambling03_Sub.json,I don't mean Moscow or Russia.,
Impact\Content\Maps\Chapters\Chapter01\TRAV_ToMushroomFarm\PlazaStoryteller\Ch01_TRAV_ToMushroomFarm_Storyteller_Rambling03_Sub.json,I mean the WORLD!,
Impact\Content\Maps\Chapters\Chapter01\TRAV_ToMushroomFarm\PlazaStoryteller\Ch01_TRAV_ToMushroomFarm_Storyteller_Rambling03_Sub.json,"We're down here, pissing all over each other's territory -",
Impact\Content\Maps\Chapters\Chapter01\TRAV_ToMushroomFarm\PlazaStoryteller\Ch01_TRAV_ToMushroomFarm_Storyteller_Rambling03_Sub.json,like a Metro station is the goddamned Winter Palace or something!,
Impact\Content\Maps\Chapters\Chapter01\TRAV_ToMushroomFarm\PlazaStoryteller\Ch01_TRAV_ToMushroomFarm_Storyteller_Rambling04_Sub.json,"Even under the surface, it's not like we're hard to find!",
Impact\Content\Maps\Chapters\Chapter01\TRAV_ToMushroomFarm\PlazaStoryteller\Ch01_TRAV_ToMushroomFarm_Storyteller_Rambling05_Sub.json,But you're telling me not one plane survived on the entire planet?,
Impact\Content\Maps\Chapters\Chapter01\TRAV_ToMushroomFarm\PlazaStoryteller\Ch01_TRAV_ToMushroomFarm_Storyteller_Rambling05_Sub.json,No one's ever figured out how to contact a single satellite?,
Impact\Content\Maps\Chapters\Chapter01\TRAV_ToMushroomFarm\PlazaStoryteller\Ch01_TRAV_ToMushroomFarm_Storyteller_Rambling06_Sub.json,OR maybe --just maybe-- we're not even part of that world anymore.,
Impact\Content\Maps\Chapters\Chapter01\TRAV_ToMushroomFarm\PlazaStoryteller\Ch01_TRAV_ToMushroomFarm_Storyteller_Rambling06_Sub.json,What if the bombs didn't change the world...,
Impact\Content\Maps\Chapters\Chapter01\TRAV_ToMushroomFarm\PlazaStoryteller\Ch01_TRAV_ToMushroomFarm_Storyteller_Rambling06_Sub.json,they MOVED it to an alternate dimension?,
Impact\Content\Maps\Chapters\Chapter01\TRAV_ToMushroomFarm\PlazaStoryteller\Ch01_TRAV_ToMushroomFarm_Storyteller_Rambling07_Sub.json,Don't look at me like I'm crazy!,
Impact\Content\Maps\Chapters\Chapter01\TRAV_ToMushroomFarm\PlazaStoryteller\Ch01_TRAV_ToMushroomFarm_Storyteller_Rambling07_Sub.json,I'm telling you - open your feeble little minds,
Impact\Content\Maps\Chapters\Chapter01\TRAV_ToMushroomFarm\PlazaStoryteller\Ch01_TRAV_ToMushroomFarm_Storyteller_Rambling07_Sub.json,and really LISTEN to what I'm saying!,
Impact\Content\Maps\Chapters\Chapter01\TRAV_ToMushroomFarm\Tasia\Ch01_TRAV_ToMushroomFarm_Serdar_ILookForward_Sub.json,"Hah, I look forward to seeing one of those first-hand someday.",
Impact\Content\Maps\Chapters\Chapter01\TRAV_ToMushroomFarm\Tasia\Ch01_TRAV_ToMushroomFarm_Serdar_TreatingDrunkenMerchants_Sub.json,"Well Tasia, treating drunken merchants for radiation sickness rarely goes as planned.",
Impact\Content\Maps\Chapters\Chapter01\TRAV_ToMushroomFarm\Tasia\Ch01_TRAV_ToMushroomFarm_Tasia_HeSaidTo_Sub.json,He said to send you down to the mushroom farm as soon as you turned up.,
Impact\Content\Maps\Chapters\Chapter01\TRAV_ToMushroomFarm\Tasia\Ch01_TRAV_ToMushroomFarm_Tasia_HeSaidTo_Sub.json,And word of warning; our station chief is NOT in one of his better moods.,
Impact\Content\Maps\Chapters\Chapter01\TRAV_ToMushroomFarm\Tasia\Ch01_TRAV_ToMushroomFarm_Tasia_ThankGodYou_Sub.json,Thank God you're back.,
Impact\Content\Maps\Chapters\Chapter01\TRAV_ToMushroomFarm\Tasia\Ch01_TRAV_ToMushroomFarm_Tasia_ThankGodYou_Sub.json,Max has been up my butt asking where you are literally every 5 minutes.,
Impact\Content\Maps\Chapters\Chapter02\EXPL_FindMeds1\Sequencers\BrokenCrates\Ch02_EXPL_FindMeds1_Max_YouKnowIf_Sub.json,You’ll know if it’s Nata’s.,
Impact\Content\Maps\Chapters\Chapter02\EXPL_FindMeds1\Sequencers\BrokenCrates\Ch02_EXPL_FindMeds1_Max_YouKnowIf_Sub.json,She always brands her stuff with this fancyschmancy logo.,
Impact\Content\Maps\Chapters\Chapter02\EXPL_FindMeds1\Sequencers\BrokenCrates\Ch02_EXPL_FindMeds1_Max_YouKnowIf_Sub.json,Big show off - all about the marketing.,
Impact\Content\Maps\Chapters\Chapter02\EXPL_FindMeds1\Sequencers\BrokenCrates\Ch02_EXPL_FindMeds1_Serdar_IMayHave_Sub.json,"I may have found something. Discarded supplies, debris.",
Impact\Content\Maps\Chapters\Chapter02\EXPL_FindMeds1\Sequencers\BrokenCrates\Ch02_EXPL_FindMeds1_Serdar_IMayHave_Sub.json,Looks like a struggle occurred here.,
Impact\Content\Maps\Chapters\Chapter02\EXPL_FindMeds1\Sequencers\CollapsingCeiling1st\Ch02_EXPL_FindMeds1_Max_EverythingIsWhat_Sub.json,"Everything is ""can't"" with you!",
Impact\Content\Maps\Chapters\Chapter02\EXPL_FindMeds1\Sequencers\CollapsingCeiling1st\Ch02_EXPL_FindMeds1_Max_EverythingIsWhat_Sub.json,I don't know what to tell you - that's where Nata's route runs.,
Impact\Content\Maps\Chapters\Chapter02\EXPL_FindMeds1\Sequencers\CollapsingCeiling1st\Ch02_EXPL_FindMeds1_Serdar_TheFloorIn_Sub.json,The floor in the archives is collapsed.,
Impact\Content\Maps\Chapters\Chapter02\EXPL_FindMeds1\Sequencers\CollapsingCeiling1st\Ch02_EXPL_FindMeds1_Serdar_TheFloorIn_Sub.json,I can't reach the stairwell.,
Impact\Content\Maps\Chapters\Chapter02\EXPL_FindMeds1\Sequencers\Dream00\Ch02_KNE_Dream00_Yana_IHearYou_Reverb_Sub.json,"Yes, I hear you my boy.",
Impact\Content\Maps\Chapters\Chapter02\EXPL_FindMeds1\Sequencers\Dream00\Ch02_KNE_Dream00_Yana_IHearYou_Reverb_Sub.json,I am coming.,
Impact\Content\Maps\Chapters\Chapter02\EXPL_FindMeds1\Sequencers\Dream00\Ch02_KNE_Dream00_Yana_PetyaMyBoy_Reverb_Sub.json,"Petya, my sweet boy...",
Impact\Content\Maps\Chapters\Chapter02\EXPL_FindMeds1\Sequencers\Dream00\Ch02_KNE_Dream00_Yana_PetyaMyBoy_Reverb_Sub.json,not a minute goes by that I don't think about you.,
Impact\Content\Maps\Chapters\Chapter02\EXPL_FindMeds1\Sequencers\Dream00\Ch02_KNE_Dream00_Yana_PetyaMyBoy_Reverb_Sub.json,I should've never let go of your hand.,
Impact\Content\Maps\Chapters\Chapter02\EXPL_FindMeds1\Sequencers\Dream00\Ch02_KNE_Dream00_Yana_PetyaMyBoy_Reverb_Sub.json,I miss you.,
Impact\Content\Maps\Chapters\Chapter02\EXPL_FindMeds1\Sequencers\Dream00\Ch02_KNE_Dream00_Yana_PetyaMyBoy_Reverb_Sub.json,"I miss you so, so much...",
Impact\Content\Maps\Chapters\Chapter02\EXPL_FindMeds1\Sequencers\HangingNosalis\Ch02_EXPL_FindMeds1_Max_AtAMuseum_Sub.json,At a museum? You don't say.,
Impact\Content\Maps\Chapters\Chapter02\EXPL_FindMeds1\Sequencers\HangingNosalis\Ch02_EXPL_FindMeds1_Max_CaseSolvedYou_Sub.json,"Case solved, Sherlock!",
Impact\Content\Maps\Chapters\Chapter02\EXPL_FindMeds1\Sequencers\HangingNosalis\Ch02_EXPL_FindMeds1_Max_CaseSolvedYou_Sub.json,"Alright, Nata's route runs down the staircase on the opposite side of that room.",
Impact\Content\Maps\Chapters\Chapter02\EXPL_FindMeds1\Sequencers\HangingNosalis\Ch02_EXPL_FindMeds1_Max_CouldBeJust_Sub.json,"Could be just us, good old humans.",
Impact\Content\Maps\Chapters\Chapter02\EXPL_FindMeds1\Sequencers\HangingNosalis\Ch02_EXPL_FindMeds1_Max_CouldBeJust_Sub.json,Metro's full of all sorts weirdos doing creepy shit.,
Impact\Content\Maps\Chapters\Chapter02\EXPL_FindMeds1\Sequencers\HangingNosalis\Ch02_EXPL_FindMeds1_Max_IveHeardAll_Sub.json,I’ve heard all kind of tales on things that go beyond possible.,
Impact\Content\Maps\Chapters\Chapter02\EXPL_FindMeds1\Sequencers\HangingNosalis\Ch02_EXPL_FindMeds1_Max_IveHeardAll_Sub.json,You know... Monsters whose existence you can’t explain.,
Impact\Content\Maps\Chapters\Chapter02\EXPL_FindMeds1\Sequencers\HangingNosalis\Ch02_EXPL_FindMeds1_Max_OneCanSee_Sub.json,One can see a rookie who’s venturing into Hell for the first time.,
Impact\Content\Maps\Chapters\Chapter02\EXPL_FindMeds1\Sequencers\HangingNosalis\Ch02_EXPL_FindMeds1_Max_OneCanSee_Sub.json,"It’s Hell, stupid.",
Impact\Content\Maps\Chapters\Chapter02\EXPL_FindMeds1\Sequencers\HangingNosalis\Ch02_EXPL_FindMeds1_Max_OneCanSee_Sub.json,"It just exists, and its rules change before you can understand them,",
Impact\Content\Maps\Chapters\Chapter02\EXPL_FindMeds1\Sequencers\HangingNosalis\Ch02_EXPL_FindMeds1_Max_OneCanSee_Sub.json,so that it can kill you and eat your soul.,
Impact\Content\Maps\Chapters\Chapter02\EXPL_FindMeds1\Sequencers\HangingNosalis\Ch02_EXPL_FindMeds1_Max_WhoTheHell_Sub.json,Who the hell would do that??,
Impact\Content\Maps\Chapters\Chapter02\EXPL_FindMeds1\Sequencers\HangingNosalis\Ch02_EXPL_FindMeds1_Serdar_IMoreInterested_Sub.json,I'm more interested in how they did it.,
Impact\Content\Maps\Chapters\Chapter02\EXPL_FindMeds1\Sequencers\HangingNosalis\Ch02_EXPL_FindMeds1_Serdar_IMoreInterested_Sub.json,"It's far too elaborate, even with a handful of men.",
Impact\Content\Maps\Chapters\Chapter02\EXPL_FindMeds1\Sequencers\HangingNosalis\Ch02_EXPL_FindMeds1_Serdar_IQuiteLike_Sub.json,I quite like the “human” explanation.,
Impact\Content\Maps\Chapters\Chapter02\EXPL_FindMeds1\Sequencers\HangingNosalis\Ch02_EXPL_FindMeds1_Serdar_ItLookedLike_Sub.json,It looked like a snake or something of that sort.,
Impact\Content\Maps\Chapters\Chapter02\EXPL_FindMeds1\Sequencers\HangingNosalis\Ch02_EXPL_FindMeds1_Serdar_ItLookedLike_Sub.json,Have you heard of anything like that?,
Impact\Content\Maps\Chapters\Chapter02\EXPL_FindMeds1\Sequencers\HangingNosalis\Ch02_EXPL_FindMeds1_Serdar_NowYouSouls_Sub.json,Now you’re talking souls.,
Impact\Content\Maps\Chapters\Chapter02\EXPL_FindMeds1\Sequencers\HangingNosalis\Ch02_EXPL_FindMeds1_Serdar_NowYouSouls_Sub.json,"Was it you, perchance, who stole Yana’s pills?",
Impact\Content\Maps\Chapters\Chapter02\EXPL_FindMeds1\Sequencers\HangingNosalis\Ch02_EXPL_FindMeds1_Serdar_OhComeOn_Sub.json,Oh come on.,
Impact\Content\Maps\Chapters\Chapter02\EXPL_FindMeds1\Sequencers\HangingNosalis\Ch02_EXPL_FindMeds1_Serdar_OhComeOn_Sub.json,Monsters are just those animals we humans haven’t studied properly yet.,
Impact\Content\Maps\Chapters\Chapter02\EXPL_FindMeds1\Sequencers\HangingNosalis\Ch02_EXPL_FindMeds1_Serdar_OhComeOn_Sub.json,There has to be an explanation.,
Impact\Content\Maps\Chapters\Chapter02\EXPL_FindMeds1\Sequencers\HangingNosalis\Ch02_EXPL_FindMeds1_Serdar_TheAbsenceOf_Sub.json,Someone strung up a dead nosalis above the archives.,
Impact\Content\Maps\Chapters\Chapter02\EXPL_FindMeds1\Sequencers\HangingNosalis\Ch02_EXPL_FindMeds1_Serdar_TheNosalisHad_Sub.json,The nosalis had something painted across its chest.,
Impact\Content\Maps\Chapters\Chapter02\EXPL_FindMeds1\Sequencers\StrangeToBeHere\Ch02_EXPL_FindMeds1_Max_IBeFine_Sub.json,"I'd be fine with that, actually.",
Impact\Content\Maps\Chapters\Chapter02\EXPL_FindMeds1\Sequencers\StrangeToBeHere\Ch02_EXPL_FindMeds1_Max_IBeFine_Sub.json,"But hey, I guess there’s hardly anyone as different from Genghis Khan",
Impact\Content\Maps\Chapters\Chapter02\EXPL_FindMeds1\Sequencers\StrangeToBeHere\Ch02_EXPL_FindMeds1_Max_IBeFine_Sub.json,as you in this universe.,
Impact\Content\Maps\Chapters\Chapter02\EXPL_FindMeds1\Sequencers\StrangeToBeHere\Ch02_EXPL_FindMeds1_Max_NowYouMaking_Sub.json,Now you're just making stuff up!,
Impact\Content\Maps\Chapters\Chapter02\EXPL_FindMeds1\Sequencers\StrangeToBeHere\Ch02_EXPL_FindMeds1_Max_PointTakenDid_Sub.json,Point taken. So what did you see?,
Impact\Content\Maps\Chapters\Chapter02\EXPL_FindMeds1\Sequencers\StrangeToBeHere\Ch02_EXPL_FindMeds1_Max_PointTakenDid_Sub.json,When you were hypnotized?,
Impact\Content\Maps\Chapters\Chapter02\EXPL_FindMeds1\Sequencers\StrangeToBeHere\Ch02_EXPL_FindMeds1_Max_WhatFunny_Sub.json,What's funny?,
Impact\Content\Maps\Chapters\Chapter02\EXPL_FindMeds1\Sequencers\StrangeToBeHere\Ch02_EXPL_FindMeds1_Max_WhatPeterThe_Sub.json,"What, was Peter The Great taken??",
Impact\Content\Maps\Chapters\Chapter02\EXPL_FindMeds1\Sequencers\StrangeToBeHere\Ch02_EXPL_FindMeds1_Max_YouActuallyDid_Sub.json,You actually did it?,
Impact\Content\Maps\Chapters\Chapter02\EXPL_FindMeds1\Sequencers\StrangeToBeHere\Ch02_EXPL_FindMeds1_Max_YouNeverTold_Sub.json,You never told me this one!,
Impact\Content\Maps\Chapters\Chapter02\EXPL_FindMeds1\Sequencers\StrangeToBeHere\Ch02_EXPL_FindMeds1_Max_YouNeverTold_Sub.json,"Serdar-Khan! Oh, that’s hilarious.",
Impact\Content\Maps\Chapters\Chapter02\EXPL_FindMeds1\Sequencers\StrangeToBeHere\Ch02_EXPL_FindMeds1_Serdar_DonLaughThat_Sub.json,Don't laugh. I told that story one too many times at my old station.,
Impact\Content\Maps\Chapters\Chapter02\EXPL_FindMeds1\Sequencers\StrangeToBeHere\Ch02_EXPL_FindMeds1_Serdar_DonLaughThat_Sub.json,How would you like to forever be associated,
Impact\Content\Maps\Chapters\Chapter02\EXPL_FindMeds1\Sequencers\StrangeToBeHere\Ch02_EXPL_FindMeds1_Serdar_DonLaughThat_Sub.json,with a man who murdered millions of people?,
Impact\Content\Maps\Chapters\Chapter02\EXPL_FindMeds1\Sequencers\StrangeToBeHere\Ch02_EXPL_FindMeds1_Serdar_HardlyBecameSo_Sub.json,"She became so enamored of the idea, she convinced me to undergo hypnotic regression.",
Impact\Content\Maps\Chapters\Chapter02\EXPL_FindMeds1\Sequencers\StrangeToBeHere\Ch02_EXPL_FindMeds1_Serdar_HardlyBecameSo_Sub.json,As if I'd suddenly remember this entire past life she'd invented for me.,
Impact\Content\Maps\Chapters\Chapter02\EXPL_FindMeds1\Sequencers\StrangeToBeHere\Ch02_EXPL_FindMeds1_Serdar_ICouldnAnything_Sub.json,I couldn't remember anything really --,
Impact\Content\Maps\Chapters\Chapter02\EXPL_FindMeds1\Sequencers\StrangeToBeHere\Ch02_EXPL_FindMeds1_Serdar_ICouldnAnything_Sub.json,but Yana and the doctor assured me I was quite the convincing warlord.,
Impact\Content\Maps\Chapters\Chapter02\EXPL_FindMeds1\Sequencers\StrangeToBeHere\Ch02_EXPL_FindMeds1_Serdar_TheWayYana_Sub.json,The way Yana's mind worked...,
Impact\Content\Maps\Chapters\Chapter02\EXPL_FindMeds1\Sequencers\StrangeToBeHere\Ch02_EXPL_FindMeds1_Serdar_TheWayYana_Sub.json,It was intoxicating.,
Impact\Content\Maps\Chapters\Chapter02\EXPL_FindMeds1\Sequencers\StrangeToBeHere\Ch02_EXPL_FindMeds1_Serdar_TheWayYana_Sub.json,"I never could keep up with that woman,",
Impact\Content\Maps\Chapters\Chapter02\EXPL_FindMeds1\Sequencers\StrangeToBeHere\Ch02_EXPL_FindMeds1_Serdar_TheWayYana_Sub.json,and that's what made her thoroughly irresistible.,
Impact\Content\Maps\Chapters\Chapter02\EXPL_FindMeds1\Sequencers\StrangeToBeHere\Ch02_EXPL_FindMeds1_Serdar_ThisIsAll_Sub.json,This is all such cheap nonsense.,
Impact\Content\Maps\Chapters\Chapter02\EXPL_FindMeds1\Sequencers\StrangeToBeHere\Ch02_EXPL_FindMeds1_Serdar_ThisIsAll_Sub.json,"Past lives, afterlives, all alike.",
Impact\Content\Maps\Chapters\Chapter02\EXPL_FindMeds1\Sequencers\StrangeToBeHere\Ch02_EXPL_FindMeds1_Serdar_ThisIsAll_Sub.json,That’s psychotherapy before psychotherapy:,
Impact\Content\Maps\Chapters\Chapter02\EXPL_FindMeds1\Sequencers\StrangeToBeHere\Ch02_EXPL_FindMeds1_Serdar_ThisIsAll_Sub.json,"allowing cavemen to cope with the fear of death, promising them a continuation.",
Impact\Content\Maps\Chapters\Chapter02\EXPL_FindMeds1\Sequencers\StrangeToBeHere\Ch02_EXPL_FindMeds1_Serdar_WeBeenTo_Sub.json,"We'd been to an exhibit of local Buryat artists celebrating their Mongolian heritage,",
Impact\Content\Maps\Chapters\Chapter02\EXPL_FindMeds1\Sequencers\StrangeToBeHere\Ch02_EXPL_FindMeds1_Serdar_WeBeenTo_Sub.json,where Yana became convinced I was the living reincarnation of Genghis Khan.,
Impact\Content\Maps\Chapters\Chapter02\EXPL_FindMeds1\Sequencers\StrangeToBeHere\Ch02_EXPL_FindMeds1_Serdar_WellNotBe_Sub.json,"Well, 'funny' may not be the right word, but it just occurred to me that our last",
Impact\Content\Maps\Chapters\Chapter02\EXPL_FindMeds1\Sequencers\StrangeToBeHere\Ch02_EXPL_FindMeds1_Serdar_WellNotBe_Sub.json,trip here also involved Yana becoming obsessed with a ghost.,
Impact\Content\Maps\Chapters\Chapter02\EXPL_FindMeds1\Sequencers\StrangeToBeHere\Ch02_EXPL_FindMeds1_Serdar_YouMetMy_Sub.json,You've met my wife.,
Impact\Content\Maps\Chapters\Chapter02\EXPL_FindMeds1\Sequencers\TutorialHazardAir\Ch02_EXPL_FindMeds1_Max_AndPleaseA_Sub.json,"And please, do me a favor?",
Impact\Content\Maps\Chapters\Chapter02\EXPL_FindMeds1\Sequencers\TutorialHazardAir\Ch02_EXPL_FindMeds1_Max_AndPleaseA_Sub.json,Be sure you check your watch now and again?,
Impact\Content\Maps\Chapters\Chapter02\EXPL_FindMeds1\Sequencers\TutorialHazardAir\Ch02_EXPL_FindMeds1_Max_AndPleaseA_Sub.json,It'll let you know when your filter's going to run out.,
Impact\Content\Maps\Chapters\Chapter02\EXPL_FindMeds1\Sequencers\TutorialHazardAir\Ch02_EXPL_FindMeds1_Max_GoodKeepAn_Sub.json,"Good. Keep an eye out for extra filters, you may need them!",
Impact\Content\Maps\Chapters\Chapter02\EXPL_FindMeds1\Sequencers\TutorialHazardAir\Ch02_EXPL_FindMeds1_Max_GoodKeepAn_Sub.json,Now hide that ugly face of yours and make your way across.,
Impact\Content\Maps\Chapters\Chapter02\EXPL_FindMeds1\Sequencers\TutorialHazardAir\Ch02_EXPL_FindMeds1_Max_IDidnYou_Sub.json,I didn't expect you'd be anywhere quite that toasty.,
Impact\Content\Maps\Chapters\Chapter02\EXPL_FindMeds1\Sequencers\TutorialHazardAir\Ch02_EXPL_FindMeds1_Max_IDidnYou_Sub.json,"Knowing Nata, she will have stored a gasmask on her route where it’s needed.",
Impact\Content\Maps\Chapters\Chapter02\EXPL_FindMeds1\Sequencers\TutorialHazardAir\Ch02_EXPL_FindMeds1_Max_IDidnYou_Sub.json,Look for it.,
Impact\Content\Maps\Chapters\Chapter02\EXPL_FindMeds1\Sequencers\TutorialHazardAir\Ch02_EXPL_FindMeds1_Serdar_GotIt_Sub.json,Got it!,
Impact\Content\Maps\Chapters\Chapter02\EXPL_FindMeds1\Sequencers\TutorialHazardAir\Ch02_EXPL_FindMeds1_Serdar_NoMutantsYet_Sub.json,Radiation levels are spiking something fierce.,
Impact\Content\Maps\Chapters\Chapter02\EXPL_FindMeds2\Seqeuncers\EnterNosalisTunnel\Ch02_EXPL_FindMeds2_Serdar_ForBetterOr_Sub.json,I'm about to confirm those mutant den rumors of yours.,
Impact\Content\Maps\Chapters\Chapter02\EXPL_FindMeds2\Seqeuncers\FindingBodies\Ch02_EXPL_FindMeds2_Max_UmYeahThe_Sub.json,Um yeah; definitely NOT the caravan's normal route.,
Impact\Content\Maps\Chapters\Chapter02\EXPL_FindMeds2\Seqeuncers\FindingBodies\Ch02_EXPL_FindMeds2_Max_UmYeahThe_Sub.json,So either those stalkers wandered off on their own or...,
Impact\Content\Maps\Chapters\Chapter02\EXPL_FindMeds2\Seqeuncers\FindingBodies\Ch02_EXPL_FindMeds2_Max_YouSeeNata_Sub.json,You see Nata's branding anywhere?,
Impact\Content\Maps\Chapters\Chapter02\EXPL_FindMeds2\Seqeuncers\FindingBodies\Ch02_EXPL_FindMeds2_Serdar_LetNotJump_Sub.json,Let's not jump to conclusions quite yet.,
Impact\Content\Maps\Chapters\Chapter02\EXPL_FindMeds2\Seqeuncers\FindingBodies\Ch02_EXPL_FindMeds2_Serdar_MaxThink_Sub.json,"Max, bodies.",
Impact\Content\Maps\Chapters\Chapter02\EXPL_FindMeds2\Seqeuncers\FindingBodies\Ch02_EXPL_FindMeds2_Serdar_MaxThink_Sub.json,"Fresh, I think. Something was feeding on it.",
Impact\Content\Maps\Chapters\Chapter02\EXPL_FindMeds2\Seqeuncers\FindingBodies\Ch02_EXPL_FindMeds2_Serdar_YesHersLike_Sub.json,"Yes. They're hers, alright.",
Impact\Content\Maps\Chapters\Chapter02\EXPL_FindMeds2\Seqeuncers\FindingBodies\Ch02_EXPL_FindMeds2_Serdar_YesHersLike_Sub.json,It looks like they were traveling through the mutant holes as well.,
Impact\Content\Maps\Chapters\Chapter02\EXPL_FindMeds2\Seqeuncers\PlayerGoingWrongWay\Ch02_SP_MuseumCollapse_Serdar_IBeenThrough_Sub.json,"I’ve been through here already, best to continue past the collapsed archives.",
Impact\Content\Maps\Chapters\Chapter02\EXPL_FindMeds2\Seqeuncers\PlayerGoingWrongWay\Ch02_SP_MuseumCollapse_Serdar_NoNeedTo_Sub.json,No need to go back where I came from.,
Impact\Content\Maps\Chapters\Chapter02\EXPL_FindMeds2\Seqeuncers\PlayerGoingWrongWay\Ch02_SP_MuseumCollapse_Serdar_NoNeedTo_Sub.json,Best to move on.,
Impact\Content\Maps\Chapters\Chapter02\EXPL_FindMeds2\Seqeuncers\SerdarFallenDown\Ch02_SP_MuseumCollapse_Max_ChristWarnedYou_Sub.json,"Christ, I warned you about the toxic shit in the air down there!",
Impact\Content\Maps\Chapters\Chapter02\EXPL_FindMeds2\Seqeuncers\SerdarFallenDown\Ch02_SP_MuseumCollapse_Max_ChristWarnedYou_Sub.json,"If you don't want to see the floor move, then wear your goddamn mask!",
Impact\Content\Maps\Chapters\Chapter02\EXPL_FindMeds2\Seqeuncers\SerdarFallenDown\Ch02_SP_MuseumCollapse_Max_ItDidSay_Sub.json,It did?? Why didn't you say something?!,
Impact\Content\Maps\Chapters\Chapter02\EXPL_FindMeds2\Seqeuncers\SerdarFallenDown\Ch02_SP_MuseumCollapse_Max_OkDownstairsMoved_Sub.json,"OK, head downstairs.",
Impact\Content\Maps\Chapters\Chapter02\EXPL_FindMeds2\Seqeuncers\SerdarFallenDown\Ch02_SP_MuseumCollapse_Max_OkDownstairsMoved_Sub.json,Nata's folks moved through the basement levels mostly.,
Impact\Content\Maps\Chapters\Chapter02\EXPL_FindMeds2\Seqeuncers\SerdarFallenDown\Ch02_SP_MuseumCollapse_Max_OkDownstairsMoved_Sub.json,"If they're anywhere, they'll be down there.",
Impact\Content\Maps\Chapters\Chapter02\EXPL_FindMeds2\Seqeuncers\SerdarFallenDown\Ch02_SP_MuseumCollapse_Max_SoYouCome_Sub.json,So?? Did you come up with something brilliant or what?,
Impact\Content\Maps\Chapters\Chapter02\EXPL_FindMeds2\Seqeuncers\SerdarFallenDown\Ch02_SP_MuseumCollapse_Serdar_IDidSaw_Sub.json,I did. But-- I just saw it collapse again now.,
Impact\Content\Maps\Chapters\Chapter02\EXPL_FindMeds2\Seqeuncers\SerdarFallenDown\Ch02_SP_MuseumCollapse_Serdar_IIDon_Sub.json,I... I don't understand.,
Impact\Content\Maps\Chapters\Chapter02\EXPL_FindMeds2\Seqeuncers\SerdarFallenDown\Ch02_SP_MuseumCollapse_Serdar_IIDon_Sub.json,I tried to cross... but the floor collapsed.,
Impact\Content\Maps\Chapters\Chapter02\EXPL_FindMeds2\Seqeuncers\SerdarFallenDown\Ch02_SP_MuseumCollapse_Serdar_ISupposeThat_Sub.json,I suppose that could be it.,
Impact\Content\Maps\Chapters\Chapter02\EXPL_FindMeds2\Seqeuncers\SerdarFallenDown\Ch02_SP_MuseumCollapse_Serdar_ISupposeThat_Sub.json,"In any event, I can pass the collapsed area.",
Impact\Content\Maps\Chapters\Chapter02\EXPL_FindMeds2\Seqeuncers\SerdarFallenDown\Ch02_SP_MuseumCollapse_Serdar_MaxThatYou_Sub.json,"Max? Max, is that you?",
Impact\Content\Maps\Chapters\Chapter02\EXPL_FindMeds2\Seqeuncers\SerdarFallenDown\Ch02_SP_MuseumCollapse_Serdar_MaxThatYou_Sub.json,"I don't know if you can hear me, but the floor of the archives collapsed.",
Impact\Content\Maps\Chapters\Chapter02\EXPL_FindMeds2\Seqeuncers\SerdarFallenDown\Ch02_SP_MuseumCollapse_Serdar_MaxThatYou_Sub.json,"I'll attempt to find another way to the stairwell,",
Impact\Content\Maps\Chapters\Chapter02\EXPL_FindMeds2\Seqeuncers\SerdarFallenDown\Ch02_SP_MuseumCollapse_Serdar_MaxThatYou_Sub.json,but something tells me we may need a Plan B.,
Impact\Content\Maps\Chapters\Chapter02\EXPL_FindMeds2\Seqeuncers\SerdarFallenDown\Ch02_SP_MuseumCollapse_Serdar_MaxYouThere_Sub.json,"...Max...? Ugh. Max, are you there?",
Impact\Content\Maps\Chapters\Chapter02\EXPL_FindMeds2\Seqeuncers\SerdarFallenDown\Ch02_SP_MuseumCollapse_Serdar_WhatInThe_Sub.json,What in the devil's name...,
Impact\Content\Maps\Chapters\Chapter02\EXPL_FindMeds2\Seqeuncers\SerdarFoundAnotherWay\Ch02_EXPL_FindMeds2_Max_YouKnowTo_Sub.json,"You know, I'm starting to feel like this plan to retrace Nata's steps",
Impact\Content\Maps\Chapters\Chapter02\EXPL_FindMeds2\Seqeuncers\SerdarFoundAnotherWay\Ch02_EXPL_FindMeds2_Max_YouKnowTo_Sub.json,won't go down in history as one of our stronger collaborations.,
Impact\Content\Maps\Chapters\Chapter02\EXPL_FindMeds2\Seqeuncers\SerdarFoundAnotherWay\Ch02_EXPL_FindMeds2_Max_YouKnowTo_Sub.json,"How 'bout, if you don't catch up with that caravan soon,",
Impact\Content\Maps\Chapters\Chapter02\EXPL_FindMeds2\Seqeuncers\SerdarFoundAnotherWay\Ch02_EXPL_FindMeds2_Max_YouKnowTo_Sub.json,"it's time to just come back, eh?",
Impact\Content\Maps\Chapters\Chapter02\EXPL_FindMeds2\Seqeuncers\SerdarFoundAnotherWay\Ch02_EXPL_FindMeds2_Serdar_ICanI_Sub.json,I can't. Not until I find Yana's medicine.,
Impact\Content\Maps\Chapters\Chapter02\HYG_FightLurkers1\VO\ALotOfLurkers\Ch02_HYG_FightLurkers_Max_IfYouDon_Sub.json,"If you don't see the rest of her caravan,",
Impact\Content\Maps\Chapters\Chapter02\HYG_FightLurkers1\VO\ALotOfLurkers\Ch02_HYG_FightLurkers_Max_IfYouDon_Sub.json,then that means they're probably still out there.,
Impact\Content\Maps\Chapters\Chapter02\HYG_FightLurkers1\VO\ALotOfLurkers\Ch02_HYG_FightLurkers_Max_LurkersAllOf_Sub.json,Lurkers? That's all?,
Impact\Content\Maps\Chapters\Chapter02\HYG_FightLurkers1\VO\ALotOfLurkers\Ch02_HYG_FightLurkers_Max_LurkersAllOf_Sub.json,A handful of lurkers wouldn't have meant piss to Nata's crew.,
Impact\Content\Maps\Chapters\Chapter02\HYG_FightLurkers1\VO\ALotOfLurkers\Ch02_HYG_FightLurkers_Serdar_ISeeingA_Sub.json,I'm seeing a lot of lurkers.,
Impact\Content\Maps\Chapters\Chapter02\HYG_FightLurkers1\VO\ALotOfLurkers\Ch02_HYG_FightLurkers_Serdar_ISeeingA_Sub.json,Surprisingly aggressive.,
Impact\Content\Maps\Chapters\Chapter02\HYG_FightLurkers1\VO\ALotOfLurkers\Ch02_HYG_FightLurkers_Serdar_ThenMaybeThe_Sub.json,Then maybe the lurkers aren't responsible.,
Impact\Content\Maps\Chapters\Chapter02\HYG_FightLurkers1\VO\ALotOfLurkers\Ch02_HYG_FightLurkers_Serdar_ThenMaybeThe_Sub.json,Perhaps they were merely drawn here by the corpses.,
Impact\Content\Maps\Chapters\Chapter02\HYG_FightLurkers1\VO\LionsDen\Ch02_HYG_FightLurkers_Serdar_AManWho_Sub.json,A man who wanders into the lion's den should not be surprised to find lions...,
Impact\Content\Maps\Chapters\Chapter02\HYG_FightLurkers1\VO\NataStalkers\Ch02_HYG_FightLurkers_Max_GoodIdea_Sub.json,Good idea.,
Impact\Content\Maps\Chapters\Chapter02\HYG_FightLurkers1\VO\NataStalkers\Ch02_HYG_FightLurkers_Max_HoldOn_Sub.json,Hold on--!,
Impact\Content\Maps\Chapters\Chapter02\HYG_FightLurkers1\VO\NataStalkers\Ch02_HYG_FightLurkers_Max_NotToAlarm_Sub.json,"Not to alarm you, um, but your wife has done an amazing job cleaning up the mushroom farm,",
Impact\Content\Maps\Chapters\Chapter02\HYG_FightLurkers1\VO\NataStalkers\Ch02_HYG_FightLurkers_Max_NotToAlarm_Sub.json,and is now quite curious where her husband is...,
Impact\Content\Maps\Chapters\Chapter02\HYG_FightLurkers1\VO\NataStalkers\Ch02_HYG_FightLurkers_Max_YouAPisces_Sub.json,"You're a Pisces, GET CREATIVE!!!",
Impact\Content\Maps\Chapters\Chapter02\HYG_FightLurkers1\VO\NataStalkers\Ch02_HYG_FightLurkers_Serdar_MaxStumbledAcross_Sub.json,"Max, I stumbled across some more of Nata's stalkers--",
Impact\Content\Maps\Chapters\Chapter02\HYG_FightLurkers1\VO\NataStalkers\Ch02_HYG_FightLurkers_Serdar_RightHurry_Sub.json,Right. I'll hurry.,
Impact\Content\Maps\Chapters\Chapter02\HYG_FightLurkers1\VO\NataStalkers\Ch02_HYG_FightLurkers_Tasia_WhatShouldI_Sub.json,What should I tell her???!,
Impact\Content\Maps\Chapters\Chapter02\TRAV_ToMedsStorage\Sequencers\DeadCaravan\Ch02_TRAV_ToMedsStorage_Max_FuckHateBeing_Sub.json,"Fuck, I hate being right.",
Impact\Content\Maps\Chapters\Chapter02\TRAV_ToMedsStorage\Sequencers\DeadCaravan\Ch02_TRAV_ToMedsStorage_Max_RitualWasA_Sub.json,"Ritual? Jesus-fucking-christ, this was a bad idea.",
Impact\Content\Maps\Chapters\Chapter02\TRAV_ToMedsStorage\Sequencers\DeadCaravan\Ch02_TRAV_ToMedsStorage_Max_RitualWasA_Sub.json,"See if you can find Nata - bright colored hair,",
Impact\Content\Maps\Chapters\Chapter02\TRAV_ToMedsStorage\Sequencers\DeadCaravan\Ch02_TRAV_ToMedsStorage_Max_RitualWasA_Sub.json,always wore this stupid punk rock jacket.,
Impact\Content\Maps\Chapters\Chapter02\TRAV_ToMedsStorage\Sequencers\DeadCaravan\Ch02_TRAV_ToMedsStorage_Max_RitualWasA_Sub.json,She'd have the scavenged meds on her.,
Impact\Content\Maps\Chapters\Chapter02\TRAV_ToMedsStorage\Sequencers\DeadCaravan\Ch02_TRAV_ToMedsStorage_Max_RitualWasA_Sub.json,"Just be quick, eh?",
Impact\Content\Maps\Chapters\Chapter02\TRAV_ToMedsStorage\Sequencers\DeadCaravan\Ch02_TRAV_ToMedsStorage_Serdar_DearGod_Sub.json,Dear god...,
Impact\Content\Maps\Chapters\Chapter02\TRAV_ToMedsStorage\Sequencers\DeadCaravan\Ch02_TRAV_ToMedsStorage_Serdar_MaxFoundThe_Sub.json,"Max... Max, I found the rest of the caravan.",
Impact\Content\Maps\Chapters\Chapter02\TRAV_ToMedsStorage\Sequencers\DeadCaravan\Ch02_TRAV_ToMedsStorage_Serdar_MaxFoundThe_Sub.json,They're all dead.,
Impact\Content\Maps\Chapters\Chapter02\TRAV_ToMedsStorage\Sequencers\DeadCaravan\Ch02_TRAV_ToMedsStorage_Serdar_TheirBodiesThey_Sub.json,Their bodies... it's like they've been arranged in some sort of ritual.,
Impact\Content\Maps\Chapters\Chapter02\TRAV_ToMedsStorage\Sequencers\DeadCaravan\Ch02_TRAV_ToMedsStorage_Serdar_TheirBodiesThey_Sub.json,"More of that snake symbol, as well.",
Impact\Content\Maps\Chapters\Chapter02\TRAV_ToMedsStorage\Sequencers\FoundGigi\Ch02_TRAV_ToMedsStorage_Max_NoOneOf_Sub.json,"No, no, that's one of my stalkers...",
Impact\Content\Maps\Chapters\Chapter02\TRAV_ToMedsStorage\Sequencers\FoundGigi\Ch02_TRAV_ToMedsStorage_Max_NoOneOf_Sub.json,"He was, uh, just HEADING BACK TO HIS RAIL CART -",
Impact\Content\Maps\Chapters\Chapter02\TRAV_ToMedsStorage\Sequencers\FoundGigi\Ch02_TRAV_ToMedsStorage_Max_NoOneOf_Sub.json,"YOU KNOW WHAT, let me turn this down so you and I can talk, alright?",
Impact\Content\Maps\Chapters\Chapter02\TRAV_ToMedsStorage\Sequencers\FoundGigi\Ch02_TRAV_ToMedsStorage_Max_NotTheParty_Sub.json,Not the party that lady deserved...,
Impact\Content\Maps\Chapters\Chapter02\TRAV_ToMedsStorage\Sequencers\FoundGigi\Ch02_TRAV_ToMedsStorage_Max_NotTheParty_Sub.json,"Rest in peace, baby.",
Impact\Content\Maps\Chapters\Chapter02\TRAV_ToMedsStorage\Sequencers\FoundGigi\Ch02_TRAV_ToMedsStorage_Max_NotTheParty_Sub.json,"Anyway, what about the meds?",
Impact\Content\Maps\Chapters\Chapter02\TRAV_ToMedsStorage\Sequencers\FoundGigi\Ch02_TRAV_ToMedsStorage_Max_NotTheParty_Sub.json,Check if she has them on her.,
Impact\Content\Maps\Chapters\Chapter02\TRAV_ToMedsStorage\Sequencers\FoundGigi\Ch02_TRAV_ToMedsStorage_Max_Shit_Sub.json,Shit!,
Impact\Content\Maps\Chapters\Chapter02\TRAV_ToMedsStorage\Sequencers\FoundGigi\Ch02_TRAV_ToMedsStorage_Max_Yana_Sub.json,Yana!,
Impact\Content\Maps\Chapters\Chapter02\TRAV_ToMedsStorage\Sequencers\FoundGigi\Ch02_TRAV_ToMedsStorage_Serdar_DamnHaloperidolOr_Sub.json,Nothing. No Haloperidol or anything else for that matter.,
Impact\Content\Maps\Chapters\Chapter02\TRAV_ToMedsStorage\Sequencers\FoundGigi\Ch02_TRAV_ToMedsStorage_Serdar_IWithNata_Sub.json,"I'm with Nata. It didn't end well, I'm afraid.",
Impact\Content\Maps\Chapters\Chapter02\TRAV_ToMedsStorage\Sequencers\FoundGigi\Ch02_TRAV_ToMedsStorage_Serdar_IWithNata_Sub.json,Looks like she did it to herself.,
Impact\Content\Maps\Chapters\Chapter02\TRAV_ToMedsStorage\Sequencers\FoundGigi\Ch02_TRAV_ToMedsStorage_Serdar_NotExactlySubtle_Sub.json,"Not exactly subtle, Max, but I get the hint.",
Impact\Content\Maps\Chapters\Chapter02\TRAV_ToMedsStorage\Sequencers\FoundGigi\Ch02_TRAV_ToMedsStorage_Serdar_NotExactlySubtle_Sub.json,Nothing to do now but head back to the station.,
Impact\Content\Maps\Chapters\Chapter02\TRAV_ToMedsStorage\Sequencers\FoundGigi\Ch02_TRAV_ToMedsStorage_Yana_DidHeSay_Sub.json,Did he say Haloperidol?,
Impact\Content\Maps\Chapters\Chapter02\TRAV_ToMedsStorage\Sequencers\FoundGigi\Ch02_TRAV_ToMedsStorage_Yana_WasThatSerdar_Sub.json,Was that Serdar?!?,
Impact\Content\Maps\Chapters\Chapter02\TRAV_ToMedsStorage\Sequencers\HearVoices\Ch02_TRAV_ToMedsStorage_Serdar_IHearVoices_Sub.json,I hear voices. Someone's here.,
Impact\Content\Maps\Chapters\Chapter02\TRAV_ToMuseum\Sequencers\LivingWorldMoments\LS_ElectricPanelTutorial\Ch02_TRAV_ToMuseum_Max_AhaOldGood_Sub.json,Aha! The old good Soviet stuff.,
Impact\Content\Maps\Chapters\Chapter02\TRAV_ToMuseum\Sequencers\LivingWorldMoments\LS_ElectricPanelTutorial\Ch02_TRAV_ToMuseum_Max_AhaOldGood_Sub.json,"A hundred years later, still working!",
Impact\Content\Maps\Chapters\Chapter02\TRAV_ToMuseum\Sequencers\LivingWorldMoments\LS_ElectricPanelTutorial\Ch02_TRAV_ToMuseum_Serdar_NotAHundred_Sub.json,This piece was probably built in the sixties.,
Impact\Content\Maps\Chapters\Chapter02\TRAV_ToMuseum\Sequencers\LivingWorldMoments\LS_MuseumDate\Ch02_TRAV_ToMuseum_Max_RightEveryoneThinks_Sub.json,Right. Because everyone thinks you're such a savage.,
Impact\Content\Maps\Chapters\Chapter02\TRAV_ToMuseum\Sequencers\LivingWorldMoments\LS_MuseumDate\Ch02_TRAV_ToMuseum_Max_SoOtherWords_Sub.json,"So, in other words, neither of you knew how to take a hint.",
Impact\Content\Maps\Chapters\Chapter02\TRAV_ToMuseum\Sequencers\LivingWorldMoments\LS_MuseumDate\Ch02_TRAV_ToMuseum_Max_TheEntranceTo_Sub.json,"The entrance to the archives is a couple levels above you,",
Impact\Content\Maps\Chapters\Chapter02\TRAV_ToMuseum\Sequencers\LivingWorldMoments\LS_MuseumDate\Ch02_TRAV_ToMuseum_Max_TheEntranceTo_Sub.json,on the opposite side of the escalators.,
Impact\Content\Maps\Chapters\Chapter02\TRAV_ToMuseum\Sequencers\LivingWorldMoments\LS_MuseumDate\Ch02_TRAV_ToMuseum_Max_TheMuseumKept_Sub.json,The museum kept a backup generator for security and stuff like that.,
Impact\Content\Maps\Chapters\Chapter02\TRAV_ToMuseum\Sequencers\LivingWorldMoments\LS_MuseumDate\Ch02_TRAV_ToMuseum_Max_WellYouGet_Sub.json,"Well, before you get too misty-eyed,",
Impact\Content\Maps\Chapters\Chapter02\TRAV_ToMuseum\Sequencers\LivingWorldMoments\LS_MuseumDate\Ch02_TRAV_ToMuseum_Max_WellYouGet_Sub.json,Nata's route doesn't go through the museum itself.,
Impact\Content\Maps\Chapters\Chapter02\TRAV_ToMuseum\Sequencers\LivingWorldMoments\LS_MuseumDate\Ch02_TRAV_ToMuseum_Serdar_IRememberWaiting_Sub.json,I remember waiting for Yana at the top of those escalators.,
Impact\Content\Maps\Chapters\Chapter02\TRAV_ToMuseum\Sequencers\LivingWorldMoments\LS_MuseumDate\Ch02_TRAV_ToMuseum_Serdar_IRememberWaiting_Sub.json,We agreed to meet here at noon.,
Impact\Content\Maps\Chapters\Chapter02\TRAV_ToMuseum\Sequencers\LivingWorldMoments\LS_MuseumDate\Ch02_TRAV_ToMuseum_Serdar_IWaitedThree_Sub.json,I waited THREE hours.,
Impact\Content\Maps\Chapters\Chapter02\TRAV_ToMuseum\Sequencers\LivingWorldMoments\LS_MuseumDate\Ch02_TRAV_ToMuseum_Serdar_IWaitedThree_Sub.json,"And at 3:06, I get a tap on my shoulder, and there's Yana -",
Impact\Content\Maps\Chapters\Chapter02\TRAV_ToMuseum\Sequencers\LivingWorldMoments\LS_MuseumDate\Ch02_TRAV_ToMuseum_Serdar_IWaitedThree_Sub.json,"behind me, with her arm in a sling.",
Impact\Content\Maps\Chapters\Chapter02\TRAV_ToMuseum\Sequencers\LivingWorldMoments\LS_MuseumDate\Ch02_TRAV_ToMuseum_Serdar_NotASecond_Sub.json,"I'm there waiting, watching face after face rise in front of me over the top of the escalator.",
Impact\Content\Maps\Chapters\Chapter02\TRAV_ToMuseum\Sequencers\LivingWorldMoments\LS_MuseumDate\Ch02_TRAV_ToMuseum_Serdar_SheCalledUs_Sub.json,She called us 'stubborn'.,
Impact\Content\Maps\Chapters\Chapter02\TRAV_ToMuseum\Sequencers\LivingWorldMoments\LS_MuseumDate\Ch02_TRAV_ToMuseum_Serdar_SignsForThe_Sub.json,Signs for the museum.,
Impact\Content\Maps\Chapters\Chapter02\TRAV_ToMuseum\Sequencers\LivingWorldMoments\LS_MuseumDate\Ch02_TRAV_ToMuseum_Serdar_SomeImpressiveEquipment_Sub.json,Some impressive equipment here.,
Impact\Content\Maps\Chapters\Chapter02\TRAV_ToMuseum\Sequencers\LivingWorldMoments\LS_MuseumDate\Ch02_TRAV_ToMuseum_Serdar_StillHavenHere_Sub.json,Still. I haven't been here since...,
Impact\Content\Maps\Chapters\Chapter02\TRAV_ToMuseum\Sequencers\LivingWorldMoments\LS_MuseumDate\Ch02_TRAV_ToMuseum_Serdar_StillHavenHere_Sub.json,"well, since before Yana and I split back then.",
Impact\Content\Maps\Chapters\Chapter02\TRAV_ToMuseum\Sequencers\LivingWorldMoments\LS_MuseumDate\Ch02_TRAV_ToMuseum_Serdar_WeMetWhen_Sub.json,We met when we were in university.,
Impact\Content\Maps\Chapters\Chapter02\TRAV_ToMuseum\Sequencers\LivingWorldMoments\LS_MuseumDate\Ch02_TRAV_ToMuseum_Serdar_WeMetWhen_Sub.json,I picked the museum for our date because I felt I needed to come across as more...,
Impact\Content\Maps\Chapters\Chapter02\TRAV_ToMuseum\Sequencers\LivingWorldMoments\LS_MuseumDate\Ch02_TRAV_ToMuseum_Serdar_WeMetWhen_Sub.json,refined.,
Impact\Content\Maps\Chapters\Chapter02\TRAV_ToMuseum\Sequencers\LivingWorldMoments\LS_MuseumDate\Ch02_TRAV_ToMuseum_Serdar_WhichMuseum_Sub.json,Which museum? The Tretyakov??,
Impact\Content\Maps\Chapters\Chapter02\TRAV_ToMuseum\Sequencers\LivingWorldMoments\LS_MuseumDate\Ch02_TRAV_ToMuseum_Serdar_YanaAndI_Sub.json,Yana and I went on our first date here!,
Impact\Content\Maps\Chapters\Chapter02\TRAV_ToMuseum\Sequencers\LivingWorldMoments\LS_SerdarDisembarks\Ch02_TRAV_ToMuseum_Max_OkOffAnd_Sub.json,"OK, hop off and head over across the other set of tracks.",
Impact\Content\Maps\Chapters\Chapter02\TRAV_ToMuseum\Sequencers\LivingWorldMoments\LS_SerdarDisembarks\Ch02_TRAV_ToMuseum_Max_OkOffAnd_Sub.json,You should find a reinforced door off to your left.,
Impact\Content\Maps\Chapters\Chapter02\TRAV_ToMuseum\Sequencers\LS_FirstJumpscare\Nudge_General_Gameplay_Serdar_Damn_Sub.json,Damn!,
Impact\Content\Maps\Chapters\Chapter02\TRAV_ToTrolley\GenericCalloutsToMax\Ch02_TROL_ToHomeStation_Serdar_AnyoneFromAkademicheskaya_Sub.json,"Anyone from Akademicheskaya, if you hear this, please respond.",
Impact\Content\Maps\Chapters\Chapter02\TRAV_ToTrolley\GenericCalloutsToMax\Ch02_TROL_ToHomeStation_Serdar_MaxYouThere_Sub.json,"Max, are you there?",
Impact\Content\Maps\Chapters\Chapter02\TRAV_ToTrolley\OksanaRadioCall\Ch02_TRAV_ToTrolley_Serdar_YanaThatYou_Sub.json,Yana??!,
Impact\Content\Maps\Chapters\Chapter02\TRAV_ToTrolley\OksanaRadioCall\Ch02_TRAV_ToTrolley_Serdar_YanaThatYou_Sub.json,"Yana, is that you?!?",
Impact\Content\Maps\Chapters\Chapter02\TRAV_ToTrolley\YanaFindsOut\Ch02_TRAV_ToTrolley_Max_HoldOnYou_Sub.json,"Hold on, where are you going?",
Impact\Content\Maps\Chapters\Chapter02\TRAV_ToTrolley\YanaFindsOut\Ch02_TRAV_ToTrolley_Max_HoldOnYou_Sub.json,Yana??,
Impact\Content\Maps\Chapters\Chapter02\TRAV_ToTrolley\YanaFindsOut\Ch02_TRAV_ToTrolley_Max_HoldOnYou_Sub.json,Yana!,
Impact\Content\Maps\Chapters\Chapter02\TRAV_ToTrolley\YanaFindsOut\Ch02_TRAV_ToTrolley_Serdar_MaxFateMay_Sub.json,"Max, Nata's fate may not have been an isolated event.",
Impact\Content\Maps\Chapters\Chapter02\TRAV_ToTrolley\YanaFindsOut\Ch02_TRAV_ToTrolley_Serdar_MaxFateMay_Sub.json,I just encountered some scavengers who lost people as well.,
Impact\Content\Maps\Chapters\Chapter02\TRAV_ToTrolley\YanaFindsOut\Ch02_TRAV_ToTrolley_Serdar_MaxGoingOn_Sub.json,Max? MAX?,
Impact\Content\Maps\Chapters\Chapter02\TRAV_ToTrolley\YanaFindsOut\Ch02_TRAV_ToTrolley_Serdar_MaxGoingOn_Sub.json,"Max, what's going on?",
Impact\Content\Maps\Chapters\Chapter02\TRAV_ToTrolley\YanaFindsOut\Ch02_TRAV_ToTrolley_Serdar_MaxGoingOn_Sub.json,Anyone!!,
Impact\Content\Maps\Chapters\Chapter02\TRAV_ToTrolley\YanaFindsOut\Ch02_TRAV_ToTrolley_Serdar_MaxSupplierDisappeared_Sub.json,Max's supplier disappeared so--,
Impact\Content\Maps\Chapters\Chapter02\TRAV_ToTrolley\YanaFindsOut\Ch02_TRAV_ToTrolley_Serdar_WhatAmI_Sub.json,What am I supposed to do?,
Impact\Content\Maps\Chapters\Chapter02\TRAV_ToTrolley\YanaFindsOut\Ch02_TRAV_ToTrolley_Serdar_WhatAmI_Sub.json,I'm not about to just let you suffer.,
Impact\Content\Maps\Chapters\Chapter02\TRAV_ToTrolley\YanaFindsOut\Ch02_TRAV_ToTrolley_Serdar_Yana_Sub.json,Yana.,
Impact\Content\Maps\Chapters\Chapter02\TRAV_ToTrolley\YanaFindsOut\Ch02_TRAV_ToTrolley_Yana_AndHowDid_Sub.json,And how did you come across these scavengers?,
Impact\Content\Maps\Chapters\Chapter02\TRAV_ToTrolley\YanaFindsOut\Ch02_TRAV_ToTrolley_Yana_HeToldMe_Sub.json,He told me.,
Impact\Content\Maps\Chapters\Chapter02\TRAV_ToTrolley\YanaFindsOut\Ch02_TRAV_ToTrolley_Yana_HeToldMe_Sub.json,And he also said you were determined to go,
Impact\Content\Maps\Chapters\Chapter02\TRAV_ToTrolley\YanaFindsOut\Ch02_TRAV_ToTrolley_Yana_HeToldMe_Sub.json,no matter how unlikely it was you'd find anything.,
Impact\Content\Maps\Chapters\Chapter02\TRAV_ToTrolley\YanaFindsOut\Ch02_TRAV_ToTrolley_Yana_IKnowProblem_Sub.json,I know. That's the problem - you suffer for both of us.,
Impact\Content\Maps\Chapters\Chapter02\TRAV_ToTrolley\YanaFindsOut\Ch02_TRAV_ToTrolley_Yana_IKnowProblem_Sub.json,But you're going to get yourself killed over something we both know will never go away.,
Impact\Content\Maps\Chapters\Chapter02\TRAV_ToTrolley\YanaFindsOut\Ch02_TRAV_ToTrolley_Yana_IKnowProblem_Sub.json,And I shouldn't have let you try in the first place.,
Impact\Content\Maps\Chapters\Chapter02\TRAV_ToTrolley\YanaFindsOut\Ch02_TRAV_ToTrolley_Yana_WouldItHave_Sub.json,Would it have anything to do with risking your life over some stupid medication??,
Impact\Content\Maps\Chapters\Chapter02\TROL_ToMuseum\Sequencers\ToMuseum\Ch02_TROL_ToMuseum_Max_AboutTime_Sub.json,About time.,
Impact\Content\Maps\Chapters\Chapter02\TROL_ToMuseum\Sequencers\ToMuseum\Ch02_TROL_ToMuseum_Max_LetJustFocus_Sub.json,Let’s just focus on getting your wife’s meds.,
Impact\Content\Maps\Chapters\Chapter02\TROL_ToMuseum\Sequencers\ToMuseum\Ch02_TROL_ToMuseum_Max_NataAndHer_Sub.json,Nata and her caravan avoided a lot of the Metro's 'less desirable' elements by taking,
Impact\Content\Maps\Chapters\Chapter02\TROL_ToMuseum\Sequencers\ToMuseum\Ch02_TROL_ToMuseum_Max_NataAndHer_Sub.json,"a route that's a bit, shall we say, 'off the beaten path'.",
Impact\Content\Maps\Chapters\Chapter02\TROL_ToMuseum\Sequencers\ToMuseum\Ch02_TROL_ToMuseum_Max_NataAndHer_Sub.json,Hope you're in the mood for a little sightseeing.,
Impact\Content\Maps\Chapters\Chapter02\TROL_ToMuseum\Sequencers\ToMuseum\Ch02_TROL_ToMuseum_Max_ToGetOff_Sub.json,To get off the surface??,
Impact\Content\Maps\Chapters\Chapter02\TROL_ToMuseum\Sequencers\ToMuseum\Ch02_TROL_ToMuseum_Max_ToGetOff_Sub.json,You're damn right! Imagine the worst hell hole of a station you've ever lived in:,
Impact\Content\Maps\Chapters\Chapter02\TROL_ToMuseum\Sequencers\ToMuseum\Ch02_TROL_ToMuseum_Max_ToGetOff_Sub.json,that's still a day spa compared to the kind of shit I went through out there.,
Impact\Content\Maps\Chapters\Chapter02\TROL_ToMuseum\Sequencers\ToMuseum\Ch02_TROL_ToMuseum_Max_ToGetOff_Sub.json,Quite like you said. Surface is Hell nowadays.,
Impact\Content\Maps\Chapters\Chapter02\TROL_ToMuseum\Sequencers\ToMuseum\Ch02_TROL_ToMuseum_Max_ToGetOff_Sub.json,You guys do live in Paradise.,
Impact\Content\Maps\Chapters\Chapter02\TROL_ToMuseum\Sequencers\ToMuseum\Ch02_TROL_ToMuseum_Serdar_AndToThink_Sub.json,"And to think, you gave up the romantic life of a stalker for that.",
Impact\Content\Maps\Chapters\Chapter02\TROL_ToMuseum\Sequencers\ToMuseum\Ch02_TROL_ToMuseum_Serdar_ForAPillar_Sub.json,"For a pillar of the community, you certainly do have some colorful associates.",
Impact\Content\Maps\Chapters\Chapter02\TROL_ToMuseum\Sequencers\ToMuseum\Ch02_TROL_ToMuseum_Serdar_RightWhereDo_Sub.json,"Right, where do I find her?",
Impact\Content\Maps\Chapters\Chapter02\TROL_ToMuseum\Sequencers\ToMuseum\Ch02_TROL_ToMuseum_Serdar_TheEndOf_Sub.json,"The end of the line is fast approaching, my friend.",
Impact\Content\Maps\Chapters\Chapter02\TTR_EvadeSlavers1\GuardExitDoorOverwatch\Ch02_TTR_EvadeSlavers1_Slaver_BunchOfJerkoffs_Sub.json,Bunch of jerkoffs.,
Impact\Content\Maps\Chapters\Chapter02\TTR_EvadeSlavers1\GuardExitDoorOverwatch\Ch02_TTR_EvadeSlavers1_Slaver_BunchOfJerkoffs_Sub.json,Don't know their ass from their elbow.,
Impact\Content\Maps\Chapters\Chapter02\TTR_EvadeSlavers1\GuardExitDoorOverwatch\Ch02_TTR_EvadeSlavers1_Slaver_ItAllThese_Sub.json,It's all these new guys they keep bringing in.,
Impact\Content\Maps\Chapters\Chapter02\TTR_EvadeSlavers1\GuardExitDoorOverwatch\Ch02_TTR_EvadeSlavers1_Slaver_ThatBecauseAnybody_Sub.json,That's because anybody with half a brain either quit or died trying.,
Impact\Content\Maps\Chapters\Chapter02\TTR_EvadeSlavers1\GuardExitDoorOverwatch\Ch02_TTR_EvadeSlavers1_Slaver_WhatTakingThem_Sub.json,What's taking them so long?,
Impact\Content\Maps\Chapters\Chapter02\TTR_EvadeSlavers1\GuardExitDoorOverwatch\Ch02_TTR_EvadeSlavers1_Slaver_WhatTakingThem_Sub.json,You'd think they were mining for gold.,
Impact\Content\Maps\Chapters\Chapter02\TTR_EvadeSlavers1\GuardExitDoorOverwatch\Ch02_TTR_EvadeSlavers1_Slaver_YeahThatSay_Sub.json,"Yeah, well, what's that say about us?",
Impact\Content\Maps\Chapters\Chapter02\TTR_EvadeSlavers1\PatrolAtDeadBodies\Ch02_TTR_EvadeSlavers1_Slaver_ExactlyMeansThere_Sub.json,Exactly. Which means there's probably something here worth scaring us away FOR.,
Impact\Content\Maps\Chapters\Chapter02\TTR_EvadeSlavers1\PatrolAtDeadBodies\Ch02_TTR_EvadeSlavers1_Slaver_ExactlyMeansThere_Sub.json,So start looking.,
Impact\Content\Maps\Chapters\Chapter02\TTR_EvadeSlavers1\PatrolAtDeadBodies\Ch02_TTR_EvadeSlavers1_Slaver_FuckMe_Sub.json,Pavel said some weird shit went down out by Smolenskaya.,
Impact\Content\Maps\Chapters\Chapter02\TTR_EvadeSlavers1\PatrolAtDeadBodies\Ch02_TTR_EvadeSlavers1_Slaver_FuckMe_Sub.json,"I thought he meant a rival gang, some new competitor...",
Impact\Content\Maps\Chapters\Chapter02\TTR_EvadeSlavers1\PatrolAtDeadBodies\Ch02_TTR_EvadeSlavers1_Slaver_JesusChristOf_Sub.json,"Jesus Christ, what kind of sick fuck would string somebody up like this??",
Impact\Content\Maps\Chapters\Chapter02\TTR_EvadeSlavers1\PatrolAtDeadBodies\Ch02_TTR_EvadeSlavers1_Slaver_OhGrowThe_Sub.json,Oh grow the fuck up.,
Impact\Content\Maps\Chapters\Chapter02\TTR_EvadeSlavers1\PatrolAtDeadBodies\Ch02_TTR_EvadeSlavers1_Slaver_OhGrowThe_Sub.json,Whoever did this just wanted to scare us away.,
Impact\Content\Maps\Chapters\Chapter02\TTR_EvadeSlavers1\PatrolAtDeadBodies\Ch02_TTR_EvadeSlavers1_Slaver_WaitHappenedBefore_Sub.json,"Wait, this happened before?",
Impact\Content\Maps\Chapters\Chapter02\TTR_EvadeSlavers1\SlaversEnterMedsStorage\Nudge_General_Gameplay_Serdar_Shit_Sub.json,Shit!,
Impact\Content\Maps\Chapters\Chapter02\TTR_EvadeSlavers1\SlaverShootingLurker\Ch02_TTR_EvadeSlavers1_Slaver_IHaveTo_Sub.json,I have to listen to you.,
Impact\Content\Maps\Chapters\Chapter02\TTR_EvadeSlavers1\SlaverShootingLurker\Ch02_TTR_EvadeSlavers1_Slaver_IHaveTo_Sub.json,"Don't make me count, too.",
Impact\Content\Maps\Chapters\Chapter02\TTR_EvadeSlavers1\SlaverShootingLurker\Ch02_TTR_EvadeSlavers1_Slaver_ISorryWas_Sub.json,I'm sorry - how many was that again?,
Impact\Content\Maps\Chapters\Chapter03\EXPL_FollowYanaTracks2\EuginiaDoorOpening\Ch03_EXPL_FollowYanaTracks2_Max_AhSoundBrings_Sub.json,"Ah, that sound brings back memories.",
Impact\Content\Maps\Chapters\Chapter03\EXPL_FollowYanaTracks2\EuginiaDoorOpening\Ch03_EXPL_FollowYanaTracks2_Max_AhSoundBrings_Sub.json,We'd sit there laughing at these young stalkers starting out.,
Impact\Content\Maps\Chapters\Chapter03\EXPL_FollowYanaTracks2\EuginiaDoorOpening\Ch03_EXPL_FollowYanaTracks2_Max_AhSoundBrings_Sub.json,It'd take them hours to figure out Eugenia's hydraulics were severed,
Impact\Content\Maps\Chapters\Chapter03\EXPL_FollowYanaTracks2\EuginiaDoorOpening\Ch03_EXPL_FollowYanaTracks2_Max_AhSoundBrings_Sub.json,and they'd have to power her manually.,
Impact\Content\Maps\Chapters\Chapter03\EXPL_FollowYanaTracks2\EuginiaDoorOpening\Ch03_EXPL_FollowYanaTracks2_Max_AhSoundBrings_Sub.json,"Eventually we realized waiting on dumbass kids was boring as hell,",
Impact\Content\Maps\Chapters\Chapter03\EXPL_FollowYanaTracks2\EuginiaDoorOpening\Ch03_EXPL_FollowYanaTracks2_Max_AhSoundBrings_Sub.json,so we just stopped closing Eugenia altogether.,
Impact\Content\Maps\Chapters\Chapter03\EXPL_FollowYanaTracks2\EuginiaDoorOpening\Ch03_EXPL_FollowYanaTracks2_Max_AhSoundBrings_Sub.json,It seems your wife didn't get the memo.,
Impact\Content\Maps\Chapters\Chapter03\EXPL_FollowYanaTracks2\FeedbackLight\Ch03_EXPL_FollowYanaTracks2_Max_ControlsAreIn_Sub.json,"Controls are in the Foreman's office, the booth, right there.",
Impact\Content\Maps\Chapters\Chapter03\EXPL_FollowYanaTracks2\FeedbackLight\Ch03_EXPL_FollowYanaTracks2_Max_ControlsAreIn_Sub.json,Look for a way inside.,
Impact\Content\Maps\Chapters\Chapter03\EXPL_FollowYanaTracks2\FeedbackLight\Ch03_EXPL_FollowYanaTracks2_Max_WhatWouldYou_Sub.json,What would you do for anyone down in the dumps?,
Impact\Content\Maps\Chapters\Chapter03\EXPL_FollowYanaTracks2\FeedbackLight\Ch03_EXPL_FollowYanaTracks2_Max_WhatWouldYou_Sub.json,"A little nip of juice, perhaps?",
Impact\Content\Maps\Chapters\Chapter03\EXPL_FollowYanaTracks2\FeedbackLight\Ch03_EXPL_FollowYanaTracks2_Max_WhatWouldYou_Sub.json,Pick up the old girl's spirits?,
Impact\Content\Maps\Chapters\Chapter03\EXPL_FollowYanaTracks2\FeedbackLight\Ch03_EXPL_FollowYanaTracks2_Max_YeahCloseIt_Sub.json,Yeah: don't close it in the first place.,
Impact\Content\Maps\Chapters\Chapter03\EXPL_FollowYanaTracks2\FeedbackLight\Ch03_EXPL_FollowYanaTracks2_Max_YeahCloseIt_Sub.json,Meet Eugenia - the notoriously unfriendly pressure seal to Pumping Substation 15.,
Impact\Content\Maps\Chapters\Chapter03\EXPL_FollowYanaTracks2\FeedbackLight\Ch03_EXPL_FollowYanaTracks2_Serdar_IFoundYour_Sub.json,I've found your secret stalker hiding spot.,
Impact\Content\Maps\Chapters\Chapter03\EXPL_FollowYanaTracks2\FeedbackLight\Ch03_EXPL_FollowYanaTracks2_Serdar_IFoundYour_Sub.json,Now what?,
Impact\Content\Maps\Chapters\Chapter03\EXPL_FollowYanaTracks2\FeedbackLight\Ch03_EXPL_FollowYanaTracks2_Serdar_YouWouldnTo_Sub.json,You wouldn't happen to have any advice for opening,
Impact\Content\Maps\Chapters\Chapter03\EXPL_FollowYanaTracks2\FeedbackLight\Ch03_EXPL_FollowYanaTracks2_Serdar_YouWouldnTo_Sub.json,"the imposing metal hatch I'm staring at, would you?",
Impact\Content\Maps\Chapters\Chapter03\EXPL_FollowYanaTracks2\FinalTalk\Ch03_EXPL_FollowYanaTracks2_Max_IMayBe_Sub.json,"I may be a man of means, but I don't actually own the airwaves, you know.",
Impact\Content\Maps\Chapters\Chapter03\EXPL_FollowYanaTracks2\FinalTalk\Ch03_EXPL_FollowYanaTracks2_Max_IMayBe_Sub.json,"Though in fairness, radios are pretty rare these days,",
Impact\Content\Maps\Chapters\Chapter03\EXPL_FollowYanaTracks2\FinalTalk\Ch03_EXPL_FollowYanaTracks2_Max_IMayBe_Sub.json,"so the odds that someone has a radio powerful enough to reach you in the tunnels,",
Impact\Content\Maps\Chapters\Chapter03\EXPL_FollowYanaTracks2\FinalTalk\Ch03_EXPL_FollowYanaTracks2_Max_IMayBe_Sub.json,much less on this frequency?,
Impact\Content\Maps\Chapters\Chapter03\EXPL_FollowYanaTracks2\FinalTalk\Ch03_EXPL_FollowYanaTracks2_Max_IMayBe_Sub.json,I'd call it slim to none.,
Impact\Content\Maps\Chapters\Chapter03\EXPL_FollowYanaTracks2\FinalTalk\Ch03_EXPL_FollowYanaTracks2_Max_IMayBe_Sub.json,Unless they’re close to you.,
Impact\Content\Maps\Chapters\Chapter03\EXPL_FollowYanaTracks2\FinalTalk\Ch03_EXPL_FollowYanaTracks2_Max_IMayBe_Sub.json,Which means you better watch out.,
Impact\Content\Maps\Chapters\Chapter03\EXPL_FollowYanaTracks2\FinalTalk\Ch03_EXPL_FollowYanaTracks2_Max_RepeatWhatSomebody_Sub.json,Repeat what?,
Impact\Content\Maps\Chapters\Chapter03\EXPL_FollowYanaTracks2\FinalTalk\Ch03_EXPL_FollowYanaTracks2_Serdar_IKeepHearing_Sub.json,I keep hearing other voices on the radio.,
Impact\Content\Maps\Chapters\Chapter03\EXPL_FollowYanaTracks2\FinalTalk\Ch03_EXPL_FollowYanaTracks2_Serdar_IKeepHearing_Sub.json,"It happened back at the museum, too.",
Impact\Content\Maps\Chapters\Chapter03\EXPL_FollowYanaTracks2\FinalTalk\Ch03_EXPL_FollowYanaTracks2_Serdar_IKeepHearing_Sub.json,Could anyone else be broadcasting on this channel?,
Impact\Content\Maps\Chapters\Chapter03\EXPL_FollowYanaTracks2\FinalTalk\Ch03_EXPL_FollowYanaTracks2_Serdar_MaxYouRepeat_Sub.json,"Max, could you repeat that?",
Impact\Content\Maps\Chapters\Chapter03\EXPL_FollowYanaTracks2\FinalTalk\Ch04_EXPL_RetrieveGear_Oksana_Nudge_AlexYouHear_Sub.json,"Alex, can you hear me?",
Impact\Content\Maps\Chapters\Chapter03\EXPL_FollowYanaTracks2\OpenArea\Ch03_EXPL_FollowYanaTracks2_Ghostly_WomanS_Voice_WhatThat1_Sub.json,What's that??,
Impact\Content\Maps\Chapters\Chapter03\EXPL_FollowYanaTracks2\OpenArea\Ch03_EXPL_FollowYanaTracks2_Max_Sorry_Sub.json,Sorry.,
Impact\Content\Maps\Chapters\Chapter03\EXPL_FollowYanaTracks2\OpenArea\Ch03_EXPL_FollowYanaTracks2_Max_WellIfShe_Sub.json,"Well if she'd wanted to chat, she probably wouldn't have run away, you think?",
Impact\Content\Maps\Chapters\Chapter03\EXPL_FollowYanaTracks2\OpenArea\Ch03_EXPL_FollowYanaTracks2_Serdar_IHeardA_Sub.json,I heard a voice.,
Impact\Content\Maps\Chapters\Chapter03\EXPL_FollowYanaTracks2\OpenArea\Ch03_EXPL_FollowYanaTracks2_Serdar_ItAlright_Sub.json,It's alright.,
Impact\Content\Maps\Chapters\Chapter03\EXPL_FollowYanaTracks2\OpenArea\Ch03_EXPL_FollowYanaTracks2_Serdar_YanaThatYou_Sub.json,"YANA, IS THAT YOU?",
Impact\Content\Maps\Chapters\Chapter03\EXPL_FollowYanaTracks2\RadioStatic\Ch03_EXPL_FollowYanaTracks2_Max_WasnMeVoice_Sub.json,Wasn't me.,
Impact\Content\Maps\Chapters\Chapter03\EXPL_FollowYanaTracks2\RadioStatic\Ch03_EXPL_FollowYanaTracks2_Max_WasnMeVoice_Sub.json,"Unless I'm the voice of your conscience now,",
Impact\Content\Maps\Chapters\Chapter03\EXPL_FollowYanaTracks2\RadioStatic\Ch03_EXPL_FollowYanaTracks2_Max_WasnMeVoice_Sub.json,"in which case, I can run down the entire list of complaints, if you're interested.",
Impact\Content\Maps\Chapters\Chapter03\EXPL_FollowYanaTracks2\RadioStatic\Ch03_EXPL_FollowYanaTracks2_Serdar_IMissedThat_Sub.json,I missed that. Come again?,
Impact\Content\Maps\Chapters\Chapter03\EXPL_FollowYanaTracks2\RadioStatic\Ch03_EXPL_FollowYanaTracks2_Serdar_PerhapsLater_Sub.json,Perhaps later.,
Impact\Content\Maps\Chapters\Chapter03\EXPL_FollowYanaTracks2\RadioStatic\Ch04_EXPL_RetrieveGear_Oksana_AnybodyCourseNot_Sub.json,Anybody?,
Impact\Content\Maps\Chapters\Chapter03\EXPL_FollowYanaTracks2\RadioStatic\Ch04_EXPL_RetrieveGear_Oksana_HelloLookingFor_Sub.json,Hello??,
Impact\Content\Maps\Chapters\Chapter03\EXPL_FollowYanaTracks2\RadioStatic\Ch04_EXPL_RetrieveGear_Oksana_HelloLookingFor_Sub.json,I'm looking for my husband.,
Impact\Content\Maps\Chapters\Chapter03\EXPL_FollowYanaTracks2\RadioStatic\Ch04_EXPL_RetrieveGear_Oksana_HelloLookingFor_Sub.json,We got separated and he's not answering when I call for him.,
Impact\Content\Maps\Chapters\Chapter03\EXPL_FollowYanaTracks2\RadioStatic\Ch04_EXPL_RetrieveGear_Oksana_HelloLookingFor_Sub.json,"And if you ARE my husband and not answering when I call for you,",
Impact\Content\Maps\Chapters\Chapter03\EXPL_FollowYanaTracks2\RadioStatic\Ch04_EXPL_RetrieveGear_Oksana_HelloLookingFor_Sub.json,"you better be digging up diamonds or something,",
Impact\Content\Maps\Chapters\Chapter03\EXPL_FollowYanaTracks2\RadioStatic\Ch04_EXPL_RetrieveGear_Oksana_HelloLookingFor_Sub.json,because you don't get to make me worry like this for nothing.,
Impact\Content\Maps\Chapters\Chapter03\EXPL_FollowYanaTracks2\TreatYourPatients\Ch03_EXPL_FollowYanaTracks2_Max_HaveYouThought_Sub.json,Have you thought about what you'll do if she doesn't want to listen to you?,
Impact\Content\Maps\Chapters\Chapter03\EXPL_FollowYanaTracks2\TreatYourPatients\Ch03_EXPL_FollowYanaTracks2_Max_LosingEverybodyAt_Sub.json,Losing everybody at your station is some heavy shit.,
Impact\Content\Maps\Chapters\Chapter03\EXPL_FollowYanaTracks2\TreatYourPatients\Ch03_EXPL_FollowYanaTracks2_Max_LosingEverybodyAt_Sub.json,"Especially, with, you know...",
Impact\Content\Maps\Chapters\Chapter03\EXPL_FollowYanaTracks2\TreatYourPatients\Ch03_EXPL_FollowYanaTracks2_Max_LosingEverybodyAt_Sub.json,everything you had to do.,
Impact\Content\Maps\Chapters\Chapter03\EXPL_FollowYanaTracks2\TreatYourPatients\Ch03_EXPL_FollowYanaTracks2_Max_SheMustHave_Sub.json,She must have been unrecognizable after everything she'd been through with Petya.,
Impact\Content\Maps\Chapters\Chapter03\EXPL_FollowYanaTracks2\TreatYourPatients\Ch03_EXPL_FollowYanaTracks2_Max_TretyakovskayaSeesA_Sub.json,Tretyakovskaya sees a lot of mourners because of what happened with the trains.,
Impact\Content\Maps\Chapters\Chapter03\EXPL_FollowYanaTracks2\TreatYourPatients\Ch03_EXPL_FollowYanaTracks2_Max_TretyakovskayaSeesA_Sub.json,There's a central memorial most people go to pay their respects.,
Impact\Content\Maps\Chapters\Chapter03\EXPL_FollowYanaTracks2\TreatYourPatients\Ch03_EXPL_FollowYanaTracks2_Max_TretyakovskayaSeesA_Sub.json,Probably as good a place to start as any.,
Impact\Content\Maps\Chapters\Chapter03\EXPL_FollowYanaTracks2\TreatYourPatients\Ch03_EXPL_FollowYanaTracks2_Serdar_ISworeTo_Sub.json,I swore to Yana she'd be happy again.,
Impact\Content\Maps\Chapters\Chapter03\EXPL_FollowYanaTracks2\TreatYourPatients\Ch03_EXPL_FollowYanaTracks2_Serdar_ISworeTo_Sub.json,"And a commitment is a commitment, wherever that leads.",
Impact\Content\Maps\Chapters\Chapter03\EXPL_FollowYanaTracks2\TreatYourPatients\Ch03_EXPL_FollowYanaTracks2_Serdar_ItWouldHave_Sub.json,It would have been shockingly easy to make a home of that despair.,
Impact\Content\Maps\Chapters\Chapter03\EXPL_FollowYanaTracks2\TreatYourPatients\Ch03_EXPL_FollowYanaTracks2_Serdar_ItWouldHave_Sub.json,But seeing Yana's grief?,
Impact\Content\Maps\Chapters\Chapter03\EXPL_FollowYanaTracks2\TreatYourPatients\Ch03_EXPL_FollowYanaTracks2_Serdar_ItWouldHave_Sub.json,A mother losing a son?,
Impact\Content\Maps\Chapters\Chapter03\EXPL_FollowYanaTracks2\TreatYourPatients\Ch03_EXPL_FollowYanaTracks2_Serdar_ItWouldHave_Sub.json,"I'd brought order to that brand of chaos for so many patients, I'd forgotten their names.",
Impact\Content\Maps\Chapters\Chapter03\EXPL_FollowYanaTracks2\TreatYourPatients\Ch03_EXPL_FollowYanaTracks2_Serdar_ItWouldHave_Sub.json,"No, any chance to give Yana back her life was all the reason I needed",
Impact\Content\Maps\Chapters\Chapter03\EXPL_FollowYanaTracks2\TreatYourPatients\Ch03_EXPL_FollowYanaTracks2_Serdar_ItWouldHave_Sub.json,to start living mine again.,
Impact\Content\Maps\Chapters\Chapter03\EXPL_FollowYanaTracks2\TreatYourPatients\Ch03_EXPL_FollowYanaTracks2_Serdar_NeitherOfUs_Sub.json,Neither of us were in a good place at that point.,
Impact\Content\Maps\Chapters\Chapter03\EXPL_FollowYanaTracks2\TreatYourPatients\Ch03_EXPL_FollowYanaTracks2_Serdar_NeitherOfUs_Sub.json,"It had only been a few months since I'd left Polyanka, and the events there...",
Impact\Content\Maps\Chapters\Chapter03\EXPL_FollowYanaTracks2\TreatYourPatients\Ch03_EXPL_FollowYanaTracks2_Serdar_WeighedUponMe_Sub.json,...weighed upon me.,
Impact\Content\Maps\Chapters\Chapter03\EXPL_FollowYanaTracks2\TreatYourPatients\Ch03_EXPL_FollowYanaTracks2_Serdar_YesKnowOf_Sub.json,"Yes, I know of it.",
Impact\Content\Maps\Chapters\Chapter03\EXPL_FollowYanaTracks2\TreatYourPatients\Ch03_EXPL_FollowYanaTracks2_Serdar_YesKnowOf_Sub.json,Yana spent a great deal of time there before her and I found each other again.,
Impact\Content\Maps\Chapters\Chapter03\EXPL_FollowYanaTracks2\YanaWentThrough\Ch03_EXPL_FollowYanaTracks2_Max_No_Sub.json,"No, why? Trouble?",
Impact\Content\Maps\Chapters\Chapter03\EXPL_FollowYanaTracks2\YanaWentThrough\Ch03_EXPL_FollowYanaTracks2_Serdar_Definitely_Sub.json,Definitely.,
Impact\Content\Maps\Chapters\Chapter03\EXPL_FollowYanaTracks2\YanaWentThrough\Ch03_EXPL_FollowYanaTracks2_Serdar_YanaWasn_Sub.json,"Yana wasn't armed, was she?",
Impact\Content\Maps\Chapters\Chapter03\KNE_Dream1\Dream1_L2\Ch03_KNE_Dream1_Priest_Act_01_Sub.json,"Return to Earth, oh greatest of warriors of the past.",
Impact\Content\Maps\Chapters\Chapter03\KNE_Dream1\Dream1_L2\Ch03_KNE_Dream1_Priest_Act_01_Sub.json,"Like you had shed blood before to establish eternal peace,",
Impact\Content\Maps\Chapters\Chapter03\KNE_Dream1\Dream1_L2\Ch03_KNE_Dream1_Priest_Act_01_Sub.json,now we must shed blood for eternal peace to prevail.,
Impact\Content\Maps\Chapters\Chapter03\KNE_Dream1\Dream1_L2\Ch03_KNE_Dream1_Priest_Act_01_Sub.json,Take my knife and show me the way.,
Impact\Content\Maps\Chapters\Chapter03\KNE_Dream1\Dream1_L2\Ch03_KNE_Dream1_Priest_Act_01_Sub.json,"Return to Earth, oh greatest of warriors of the past.",
Impact\Content\Maps\Chapters\Chapter03\KNE_Dream1\Dream1_L2\Ch03_KNE_Dream1_Priest_Act_01_Sub.json,"Like you had shed blood before to establish eternal peace,",
Impact\Content\Maps\Chapters\Chapter03\KNE_Dream1\Dream1_L2\Ch03_KNE_Dream1_Priest_Act_01_Sub.json,now we must shed blood for eternal peace to prevail.,
Impact\Content\Maps\Chapters\Chapter03\KNE_Dream1\Dream1_L2\Ch03_KNE_Dream1_Priest_Act_01_Sub.json,Take my knife and show me the way.,
Impact\Content\Maps\Chapters\Chapter03\KNE_Dream1\Dream1_L2\Ch03_KNE_Dream1_Priest_Act_01_Sub.json,"Return to Earth, oh greatest of warriors of the past.",
Impact\Content\Maps\Chapters\Chapter03\KNE_Dream1\Dream1_L2\Ch03_KNE_Dream1_Priest_Act_01_Sub.json,"Like you had shed blood before to establish eternal peace,",
Impact\Content\Maps\Chapters\Chapter03\KNE_Dream1\Dream1_L2\Ch03_KNE_Dream1_Priest_Act_01_Sub.json,now we must shed blood for eternal peace to prevail.,
Impact\Content\Maps\Chapters\Chapter03\KNE_Dream1\Dream1_L2\Ch03_KNE_Dream1_Priest_Act_01_Sub.json,Take my knife and show me the way.,
Impact\Content\Maps\Chapters\Chapter03\KNE_Dream1\Dream1_L2\Ch03_KNE_Dream1_Priest_Act_01_Sub.json,For you mighty Khan...,
Impact\Content\Maps\Chapters\Chapter03\KNE_Dream1\Dream1_L2\Ch03_KNE_Dream1_Priest_Act_01_Sub.json,"Like you had shed blood before to establish eternal peace,",
Impact\Content\Maps\Chapters\Chapter03\KNE_Dream1\Dream1_L2\Ch03_KNE_Dream1_Priest_Act_01_Sub.json,now we must shed blood for eternal peace to prevail.,
Impact\Content\Maps\Chapters\Chapter03\KNE_Dream1\Dream1_L2\Ch03_KNE_Dream1_Priest_Act_01_Sub.json,Take my knife and show me the way.,
Impact\Content\Maps\Chapters\Chapter03\KNE_Dream1\Dream1_L2\Ch03_KNE_Dream1_Serdar_M_Sub.json,M-- Max...?,
Impact\Content\Maps\Chapters\Chapter03\KNE_MaxLetsYouGo\MaxLetsYouGo_L2\Ch03_KNE_MaxLetsYouGo_Max_Act01_01_Sub.json,"Hey, get lost, OK?",
Impact\Content\Maps\Chapters\Chapter03\KNE_MaxLetsYouGo\MaxLetsYouGo_L2\Ch03_KNE_MaxLetsYouGo_Max_Act01_02_Sub.json,I tried to follow her!,
Impact\Content\Maps\Chapters\Chapter03\KNE_MaxLetsYouGo\MaxLetsYouGo_L2\Ch03_KNE_MaxLetsYouGo_Max_Act01_02_Sub.json,"When she left the office, I chased her halfway around the station, but...",
Impact\Content\Maps\Chapters\Chapter03\KNE_MaxLetsYouGo\MaxLetsYouGo_L2\Ch03_KNE_MaxLetsYouGo_Max_Act01_02_Sub.json,"that damned wife of yours, I'm telling you...",
Impact\Content\Maps\Chapters\Chapter03\KNE_MaxLetsYouGo\MaxLetsYouGo_L2\Ch03_KNE_MaxLetsYouGo_Max_Act01_02_Sub.json,Unless these are suddenly back in style.,
Impact\Content\Maps\Chapters\Chapter03\KNE_MaxLetsYouGo\MaxLetsYouGo_L2\Ch03_KNE_MaxLetsYouGo_Max_Act01Reminder01_Sub.json,"That IS Yana's, yes?",
Impact\Content\Maps\Chapters\Chapter03\KNE_MaxLetsYouGo\MaxLetsYouGo_L2\Ch03_KNE_MaxLetsYouGo_Max_Act01Reminder02_01_Sub.json,I figured you'd want it.,
Impact\Content\Maps\Chapters\Chapter03\KNE_MaxLetsYouGo\MaxLetsYouGo_L2\Ch03_KNE_MaxLetsYouGo_Max_Act01Reminder02_01_Sub.json,Must have fallen off when she pried the planks down.,
Impact\Content\Maps\Chapters\Chapter03\KNE_MaxLetsYouGo\MaxLetsYouGo_L2\Ch03_KNE_MaxLetsYouGo_Max_Act01Reminder04_01_Sub.json,I know it's a lot to take in.,
Impact\Content\Maps\Chapters\Chapter03\KNE_MaxLetsYouGo\MaxLetsYouGo_L2\Ch03_KNE_MaxLetsYouGo_Max_Act01Reminder04_01_Sub.json,But better to have it now and not lose it.,
Impact\Content\Maps\Chapters\Chapter03\KNE_MaxLetsYouGo\MaxLetsYouGo_L2\Ch03_KNE_MaxLetsYouGo_Max_Act01Reminder05_01_Sub.json,C'mon. Take it so you don't lose it.,
Impact\Content\Maps\Chapters\Chapter03\KNE_MaxLetsYouGo\MaxLetsYouGo_L2\Ch03_KNE_MaxLetsYouGo_Max_Act02_02_Sub.json,I tried.,
Impact\Content\Maps\Chapters\Chapter03\KNE_MaxLetsYouGo\MaxLetsYouGo_L2\Ch03_KNE_MaxLetsYouGo_Max_Act02_02_Sub.json,"Serdar, I'm sorry.",
Impact\Content\Maps\Chapters\Chapter03\KNE_MaxLetsYouGo\MaxLetsYouGo_L2\Ch03_KNE_MaxLetsYouGo_Max_Act02_02_Sub.json,"Uh, yes - but I dunno if that's the good news or the bad news.",
Impact\Content\Maps\Chapters\Chapter03\KNE_MaxLetsYouGo\MaxLetsYouGo_L2\Ch03_KNE_MaxLetsYouGo_Max_Act02_02_Sub.json,"There's a lot of little shortcuts that pass through these old smuggling tunnels,",
Impact\Content\Maps\Chapters\Chapter03\KNE_MaxLetsYouGo\MaxLetsYouGo_L2\Ch03_KNE_MaxLetsYouGo_Max_Act02_02_Sub.json,"but for the most part, the one place this one really runs is Tretyakovskaya.",
Impact\Content\Maps\Chapters\Chapter03\KNE_MaxLetsYouGo\MaxLetsYouGo_L2\Ch03_KNE_MaxLetsYouGo_Max_Act02_02_Sub.json,"Whoa whoa whoa, slow down, cowboy!",
Impact\Content\Maps\Chapters\Chapter03\KNE_MaxLetsYouGo\MaxLetsYouGo_L2\Ch03_KNE_MaxLetsYouGo_Max_Act02_02_Sub.json,There's a lot of not-so-nice people using that tunnel for some not-so-nice things!,
Impact\Content\Maps\Chapters\Chapter03\KNE_MaxLetsYouGo\MaxLetsYouGo_L2\Ch03_KNE_MaxLetsYouGo_Max_Act02_02_Sub.json,Give me a couple of hours; we'll put together a search party.,
Impact\Content\Maps\Chapters\Chapter03\KNE_MaxLetsYouGo\MaxLetsYouGo_L2\Ch03_KNE_MaxLetsYouGo_Max_Act02_02_Sub.json,Goddamned doctors...,
Impact\Content\Maps\Chapters\Chapter03\KNE_MaxLetsYouGo\MaxLetsYouGo_L2\Ch03_KNE_MaxLetsYouGo_Max_Act02_02_Sub.json,This is a bad fucking idea.,
Impact\Content\Maps\Chapters\Chapter03\KNE_MaxLetsYouGo\MaxLetsYouGo_L2\Ch03_KNE_MaxLetsYouGo_Max_Act02_02_Sub.json,"Fine, I'll guide you --",
Impact\Content\Maps\Chapters\Chapter03\KNE_MaxLetsYouGo\MaxLetsYouGo_L2\Ch03_KNE_MaxLetsYouGo_Max_Act02_02_Sub.json,but if and only if -- you promise to come back,
Impact\Content\Maps\Chapters\Chapter03\KNE_MaxLetsYouGo\MaxLetsYouGo_L2\Ch03_KNE_MaxLetsYouGo_Max_Act02_02_Sub.json,if you don't find Yana before you hit Tretyakovskaya.,
Impact\Content\Maps\Chapters\Chapter03\KNE_MaxLetsYouGo\MaxLetsYouGo_L2\Ch03_KNE_MaxLetsYouGo_Max_FinaleLeft_01_Sub.json,"Well I'm pretending you did,",
Impact\Content\Maps\Chapters\Chapter03\KNE_MaxLetsYouGo\MaxLetsYouGo_L2\Ch03_KNE_MaxLetsYouGo_Max_FinaleLeft_01_Sub.json,otherwise I'm going to raise my voice and say a lot of ugly things!!,
Impact\Content\Maps\Chapters\Chapter03\KNE_MaxLetsYouGo\MaxLetsYouGo_L2\Ch03_KNE_MaxLetsYouGo_Max_FinaleLeft_01_Sub.json,"Well? Come on, hop down into the abyss, smart guy.",
Impact\Content\Maps\Chapters\Chapter03\KNE_MaxLetsYouGo\MaxLetsYouGo_L2\Ch03_KNE_MaxLetsYouGo_Max_FinaleLeft_01_Sub.json,Don't forget to write.,
Impact\Content\Maps\Chapters\Chapter03\KNE_MaxLetsYouGo\MaxLetsYouGo_L2\Ch03_KNE_MaxLetsYouGo_Max_FinaleLeftReminder01_01_Sub.json,Well? I thought you were in a hurry?,
Impact\Content\Maps\Chapters\Chapter03\KNE_MaxLetsYouGo\MaxLetsYouGo_L2\Ch03_KNE_MaxLetsYouGo_Max_FinaleLeftReminder02_01_Sub.json,Getting second thoughts?,
Impact\Content\Maps\Chapters\Chapter03\KNE_MaxLetsYouGo\MaxLetsYouGo_L2\Ch03_KNE_MaxLetsYouGo_Max_FinaleLeftReminder02_01_Sub.json,I thought you were going after Yana?,
Impact\Content\Maps\Chapters\Chapter03\KNE_MaxLetsYouGo\MaxLetsYouGo_L2\Ch03_KNE_MaxLetsYouGo_Max_FinaleLeftReminder03_01_Sub.json,"Just squeeze through there, you might still be able to catch her.",
Impact\Content\Maps\Chapters\Chapter03\KNE_MaxLetsYouGo\MaxLetsYouGo_L2\Ch03_KNE_MaxLetsYouGo_Max_FinaleRightReminder01_01_Sub.json,Well? I thought you were in a hurry?,
Impact\Content\Maps\Chapters\Chapter03\KNE_MaxLetsYouGo\MaxLetsYouGo_L2\Ch03_KNE_MaxLetsYouGo_Max_FinaleRightReminder02_01_Sub.json,Getting second thoughts?,
Impact\Content\Maps\Chapters\Chapter03\KNE_MaxLetsYouGo\MaxLetsYouGo_L2\Ch03_KNE_MaxLetsYouGo_Max_FinaleRightReminder02_01_Sub.json,I thought you were going after Yana?,
Impact\Content\Maps\Chapters\Chapter03\KNE_MaxLetsYouGo\MaxLetsYouGo_L2\Ch03_KNE_MaxLetsYouGo_Max_FinaleRightReminder03_01_Sub.json,"Just squeeze through there, you might still be able to catch her.",
Impact\Content\Maps\Chapters\Chapter03\KNE_MaxLetsYouGo\MaxLetsYouGo_L2\Ch03_KNE_MaxLetsYouGo_Max_Intro_01_Sub.json,"Well it's not sealed now, is it?",
Impact\Content\Maps\Chapters\Chapter03\KNE_MaxLetsYouGo\MaxLetsYouGo_L2\Ch03_KNE_MaxLetsYouGo_Max_Intro_01_Sub.json,"Oh, I'm sorry, did you want a medal? A back rub? What??",
Impact\Content\Maps\Chapters\Chapter03\KNE_MaxLetsYouGo\MaxLetsYouGo_L2\Ch03_KNE_MaxLetsYouGo_Max_Intro_01_Sub.json,Don't SAY.,
Impact\Content\Maps\Chapters\Chapter03\KNE_MaxLetsYouGo\MaxLetsYouGo_L2\Ch03_KNE_MaxLetsYouGo_Max_Intro_01_Sub.json,Trust me on this: that is your biggest problem in the entire world.,
Impact\Content\Maps\Chapters\Chapter03\KNE_MaxLetsYouGo\MaxLetsYouGo_L2\Ch03_KNE_MaxLetsYouGo_Max_Intro_01_Sub.json,Too many words for too little thought.,
Impact\Content\Maps\Chapters\Chapter03\KNE_MaxLetsYouGo\MaxLetsYouGo_L2\Ch03_KNE_MaxLetsYouGo_Max_Intro_01_Sub.json,Maybe build a time machine so you can unfuck this situation??,
Impact\Content\Maps\Chapters\Chapter03\KNE_MaxLetsYouGo\MaxLetsYouGo_L2\Ch03_KNE_MaxLetsYouGo_Serdar_AFewHours_Sub.json,"'A few hours', are you mad?",
Impact\Content\Maps\Chapters\Chapter03\KNE_MaxLetsYouGo\MaxLetsYouGo_L2\Ch03_KNE_MaxLetsYouGo_Serdar_AFewHours_Sub.json,My wife is unwell and out there alone in your not-so-nice tunnels!,
Impact\Content\Maps\Chapters\Chapter03\KNE_MaxLetsYouGo\MaxLetsYouGo_L2\Ch03_KNE_MaxLetsYouGo_Serdar_AFewHours_Sub.json,You need to step aside; I'm going.,
Impact\Content\Maps\Chapters\Chapter03\KNE_MaxLetsYouGo\MaxLetsYouGo_L2\Ch03_KNE_MaxLetsYouGo_Serdar_AreYouSure_Sub.json,Are you sure it was Yana?,
Impact\Content\Maps\Chapters\Chapter03\KNE_MaxLetsYouGo\MaxLetsYouGo_L2\Ch03_KNE_MaxLetsYouGo_Serdar_DamnitItAll_Sub.json,Damnit!! Damn it all to Hell!,
Impact\Content\Maps\Chapters\Chapter03\KNE_MaxLetsYouGo\MaxLetsYouGo_L2\Ch03_KNE_MaxLetsYouGo_Serdar_OfCourseAn_Sub.json,"Of course. God, I'm such an idiot - that's where Petya died.",
Impact\Content\Maps\Chapters\Chapter03\KNE_MaxLetsYouGo\MaxLetsYouGo_L2\Ch03_KNE_MaxLetsYouGo_Serdar_OfCourseAn_Sub.json,I need to go after her.,
Impact\Content\Maps\Chapters\Chapter03\KNE_MaxLetsYouGo\MaxLetsYouGo_L2\Ch03_KNE_MaxLetsYouGo_Serdar_PleaseTellMe_Sub.json,Please tell me Yana didn't go through there.,
Impact\Content\Maps\Chapters\Chapter03\KNE_MaxLetsYouGo\MaxLetsYouGo_L2\Ch03_KNE_MaxLetsYouGo_Serdar_SheInNo_Sub.json,She's in no state to be wandering out in the Metro alone.,
Impact\Content\Maps\Chapters\Chapter03\KNE_MaxLetsYouGo\MaxLetsYouGo_L2\Ch03_KNE_MaxLetsYouGo_Serdar_SheInNo_Sub.json,Do you know where this tunnel leads?,
Impact\Content\Maps\Chapters\Chapter03\KNE_MaxLetsYouGo\MaxLetsYouGo_L2\Ch03_KNE_MaxLetsYouGo_Serdar_YanaBandana_Sub.json,Yana's bandana.,
Impact\Content\Maps\Chapters\Chapter03\KNE_MaxLetsYouGo\MaxLetsYouGo_L2\Ch03_KNE_MaxLetsYouGo_Serdar_YouKnowI_Sub.json,You know I can't promise that.,
Impact\Content\Maps\Chapters\Chapter03\KNE_MaxLetsYouGo\MaxLetsYouGo_L2\Ch03_KNE_MaxLetsYouGo_StationOfficer_Intro_011_Sub.json,"Any opening big enough to put your head through,",
Impact\Content\Maps\Chapters\Chapter03\KNE_MaxLetsYouGo\MaxLetsYouGo_L2\Ch03_KNE_MaxLetsYouGo_StationOfficer_Intro_011_Sub.json,we've checked three different times since the Chesnokov girl went missing.,
Impact\Content\Maps\Chapters\Chapter03\KNE_MaxLetsYouGo\MaxLetsYouGo_L2\Ch03_KNE_MaxLetsYouGo_StationOfficer_Intro_012_Sub.json,I'm just saying--,
Impact\Content\Maps\Chapters\Chapter03\KNE_MaxLetsYouGo\MaxLetsYouGo_L2\Ch03_KNE_MaxLetsYouGo_StationOfficer_Intro_013_Sub.json,What do you want us to do now?,
Impact\Content\Maps\Chapters\Chapter03\KNE_MaxLetsYouGo\MaxLetsYouGo_L2\Ch03_KNE_MaxLetsYouGo_StationOfficer_Intro_01_Sub.json,Anything else?,
Impact\Content\Maps\Chapters\Chapter03\KNE_MaxLetsYouGo\MaxLetsYouGo_L2\Ch03_KNE_MaxLetsYouGo_StationOfficer_ISwear_Sub.json,"I swear, it was sealed!",
Impact\Content\Maps\Chapters\Chapter03\TRAV_ToShrine\AmbushedBySlavers\Ch03_KNE_AmbushedBySlavers_Slaver1_AnotherOne_Alt_1_Sub.json,Another religious bastard too curious for his own luck.,
Impact\Content\Maps\Chapters\Chapter03\TRAV_ToShrine\AmbushedBySlavers\Ch03_KNE_AmbushedBySlavers_Slaver2_CoolStuff_Alt_1_Sub.json,Got some cool gear on him.,
Impact\Content\Maps\Chapters\Chapter03\TRAV_ToShrine\AmbushedBySlavers\Ch03_TRAV_ToShrine_Max_IsItPossible_Sub.json,Is it possible Yana left anything there?,
Impact\Content\Maps\Chapters\Chapter03\TRAV_ToShrine\AmbushedBySlavers\Ch03_TRAV_ToShrine_Max_IsItPossible_Sub.json,A hint?,
Impact\Content\Maps\Chapters\Chapter03\TRAV_ToShrine\AmbushedBySlavers\Ch03_TRAV_ToShrine_Max_Serdar_Sub.json,Serdar?,
Impact\Content\Maps\Chapters\Chapter03\TRAV_ToShrine\AmbushedBySlavers\Ch03_TRAV_ToShrine_Max_Serdar_Sub.json,SERDAR?!,
Impact\Content\Maps\Chapters\Chapter03\TRAV_ToShrine\AmbushedBySlavers\Ch03_TRAV_ToShrine_Serdar_ILook_Sub.json,I'll look.,
Impact\Content\Maps\Chapters\Chapter03\TRAV_ToShrine\AmbushedBySlavers\Ch03_TRAV_ToShrine_Serdar_IReachedThe_Sub.json,I've reached the memorial but no one is here.,
Impact\Content\Maps\Chapters\Chapter03\TRAV_ToShrine\AtTheWreckage\Ch03_TRAV_ToShrine_Max_BullshitYouTretyakovskaya_Sub.json,Bullshit you're in Tretyakovskaya already!,
Impact\Content\Maps\Chapters\Chapter03\TRAV_ToShrine\AtTheWreckage\Ch03_TRAV_ToShrine_Max_BullshitYouTretyakovskaya_Sub.json,"That trolley's been dead for years,",
Impact\Content\Maps\Chapters\Chapter03\TRAV_ToShrine\AtTheWreckage\Ch03_TRAV_ToShrine_Max_BullshitYouTretyakovskaya_Sub.json,and you sure as shit didn't WALK there that fast.,
Impact\Content\Maps\Chapters\Chapter03\TRAV_ToShrine\AtTheWreckage\Ch03_TRAV_ToShrine_Max_ManYouDid_Sub.json,"Man, it is literally impossible that you missed the trolley",
Impact\Content\Maps\Chapters\Chapter03\TRAV_ToShrine\AtTheWreckage\Ch03_TRAV_ToShrine_Max_ManYouDid_Sub.json,AND are in Tretyakovskaya.,
Impact\Content\Maps\Chapters\Chapter03\TRAV_ToShrine\AtTheWreckage\Ch03_TRAV_ToShrine_Max_WhatTheTrain_Sub.json,"What, like the train collision?!",
Impact\Content\Maps\Chapters\Chapter03\TRAV_ToShrine\AtTheWreckage\Ch03_TRAV_ToShrine_Serdar_IMustBe_Sub.json,I must be getting close.,
Impact\Content\Maps\Chapters\Chapter03\TRAV_ToShrine\AtTheWreckage\Ch03_TRAV_ToShrine_Serdar_IMustBe_Sub.json,I'm seeing a lot of wreckage.,
Impact\Content\Maps\Chapters\Chapter03\TRAV_ToShrine\AtTheWreckage\Ch03_TRAV_ToShrine_Serdar_INeverCame_Sub.json,I never came across a trolley.,
Impact\Content\Maps\Chapters\Chapter03\TRAV_ToShrine\AtTheWreckage\Ch03_TRAV_ToShrine_Serdar_SorryToDisappoint_Sub.json,Sorry to disappoint you.,
Impact\Content\Maps\Chapters\Chapter03\TRAV_ToShrine\AtTheWreckage\Ch03_TRAV_ToShrine_Serdar_SorryToDisappoint_Sub.json,And don’t start with your stupid tales again.,
Impact\Content\Maps\Chapters\Chapter03\TRAV_ToShrine\AtTheWreckage\Ch03_TRAV_ToShrine_Serdar_YesDescribedIt_Sub.json,"Yes. Yana described it to me, but I had no idea of the magnitude.",
Impact\Content\Maps\Chapters\Chapter03\TRAV_ToShrine\BombAftermath\Ch03_TRAV_ToShrine_Max_GodYouWonder_Sub.json,God...,
Impact\Content\Maps\Chapters\Chapter03\TRAV_ToShrine\BombAftermath\Ch03_TRAV_ToShrine_Max_GodYouWonder_Sub.json,Makes you wonder which of them was the lucky one.,
Impact\Content\Maps\Chapters\Chapter03\TRAV_ToShrine\BombAftermath\Ch03_TRAV_ToShrine_Max_GodYouWonder_Sub.json,That could drive anyone mad.,
Impact\Content\Maps\Chapters\Chapter03\TRAV_ToShrine\BombAftermath\Ch03_TRAV_ToShrine_Max_IDidnShe_Sub.json,I didn’t say she was...,
Impact\Content\Maps\Chapters\Chapter03\TRAV_ToShrine\BombAftermath\Ch03_TRAV_ToShrine_Max_ItAMiracle_Sub.json,It's a miracle Yana made it out of there at all.,
Impact\Content\Maps\Chapters\Chapter03\TRAV_ToShrine\BombAftermath\Ch03_TRAV_ToShrine_Max_TheStationWas_Sub.json,"The station was already at capacity when the bombs started to fall, right?",
Impact\Content\Maps\Chapters\Chapter03\TRAV_ToShrine\BombAftermath\Ch03_TRAV_ToShrine_Max_WellWhereWe_Sub.json,"Well... That’s where we come when we grieve, you know.",
Impact\Content\Maps\Chapters\Chapter03\TRAV_ToShrine\BombAftermath\Ch03_TRAV_ToShrine_Serdar_AnIssueWith_Sub.json,Commuters were packed wall-to-wall.,
Impact\Content\Maps\Chapters\Chapter03\TRAV_ToShrine\BombAftermath\Ch03_TRAV_ToShrine_Serdar_AnIssueWith_Sub.json,"When the first train pulled in, the rush of people fighting to board was so intense,",
Impact\Content\Maps\Chapters\Chapter03\TRAV_ToShrine\BombAftermath\Ch03_TRAV_ToShrine_Serdar_AnIssueWith_Sub.json,it couldn't leave the station before the next one arrived.,
Impact\Content\Maps\Chapters\Chapter03\TRAV_ToShrine\BombAftermath\Ch03_TRAV_ToShrine_Serdar_ForFourDays_Sub.json,"For four days, after he'd passed.",
Impact\Content\Maps\Chapters\Chapter03\TRAV_ToShrine\BombAftermath\Ch03_TRAV_ToShrine_Serdar_SheNotMad_Sub.json,"She’s not mad, Max!",
Impact\Content\Maps\Chapters\Chapter03\TRAV_ToShrine\BombAftermath\Ch03_TRAV_ToShrine_Serdar_SheNotMad_Sub.json,She has a medical condition!,
Impact\Content\Maps\Chapters\Chapter03\TRAV_ToShrine\BombAftermath\Ch03_TRAV_ToShrine_Serdar_SheStayedWith_Sub.json,She stayed with him. Her son.,
Impact\Content\Maps\Chapters\Chapter03\TRAV_ToShrine\BombAftermath\Ch03_TRAV_ToShrine_Serdar_WhatASad_Sub.json,What a sad place.,
Impact\Content\Maps\Chapters\Chapter03\TRAV_ToShrine\LostSignal\Ch03_TRAV_ToShrine_Max_AlrightTheTime_Sub.json,"Alright, Mr. Rational!",
Impact\Content\Maps\Chapters\Chapter03\TRAV_ToShrine\LostSignal\Ch03_TRAV_ToShrine_Max_AlrightTheTime_Sub.json,Unless the time and space have always be curved in this goddamned place.,
Impact\Content\Maps\Chapters\Chapter03\TRAV_ToShrine\LostSignal\Ch03_TRAV_ToShrine_Max_IHeardTales_Sub.json,I’ve heard tales of time anomalies down there in some tunnels...,
Impact\Content\Maps\Chapters\Chapter03\TRAV_ToShrine\LostSignal\Ch03_TRAV_ToShrine_Max_ItCouldnBeen_Sub.json,It couldn't have been too long; you just finished saying you got Eugenia open.,
Impact\Content\Maps\Chapters\Chapter03\TRAV_ToShrine\LostSignal\Ch03_TRAV_ToShrine_Max_JustTryingTo_Sub.json,"Just trying to keep you entertained, brother.",
Impact\Content\Maps\Chapters\Chapter03\TRAV_ToShrine\LostSignal\Ch03_TRAV_ToShrine_Max_OrHaveWe_Sub.json,Or have we just found it?,
Impact\Content\Maps\Chapters\Chapter03\TRAV_ToShrine\LostSignal\Ch03_TRAV_ToShrine_Serdar_AhBackFor_Sub.json,"Ah, you're back.",
Impact\Content\Maps\Chapters\Chapter03\TRAV_ToShrine\LostSignal\Ch03_TRAV_ToShrine_Serdar_AhBackFor_Sub.json,You disappeared for a while there.,
Impact\Content\Maps\Chapters\Chapter03\TRAV_ToShrine\LostSignal\Ch03_TRAV_ToShrine_Serdar_FuckOffHelping_Sub.json,"Fuck off, Max. Frankly, you’re not helping!",
Impact\Content\Maps\Chapters\Chapter03\TRAV_ToShrine\LostSignal\Ch03_TRAV_ToShrine_Serdar_IfThatSense_Sub.json,"If that's your sense of time, remind me to start charging by the hour.",
Impact\Content\Maps\Chapters\Chapter03\TRAV_ToShrine\LostSignal\Ch03_TRAV_ToShrine_Serdar_TalesNotIn_Sub.json,"Tales, Max. We’re not in Wonderland here.",
Impact\Content\Maps\Chapters\Chapter03\TRAV_ToShrine\LostSignal\Ch03_TRAV_ToShrine_Serdar_TalesNotIn_Sub.json,"It’s just Moscow, after a nuclear war.",
Impact\Content\Maps\Chapters\Chapter03\TRAV_ToShrine\LostSignal\Ch03_TRAV_ToShrine_Serdar_TalesNotIn_Sub.json,Laws of physics don’t allow for such consequences even of an atomic blast.,
Impact\Content\Maps\Chapters\Chapter03\TRAV_ToShrine\LostSignal\Ch03_TRAV_ToShrine_Serdar_TalesNotIn_Sub.json,"It can’t alter the time and space, alright?",
Impact\Content\Maps\Chapters\Chapter03\TRAV_ToShrine\LostSignal\Ch03_TRAV_ToShrine_Serdar_ThisGoddamnedPlace_Sub.json,"This goddamned place was constructed by us humans, Max.",
Impact\Content\Maps\Chapters\Chapter03\TRAV_ToSmugglersTunnel\CanteenArea\Ch03_TRAV_ToSmugglersTunnel_CodeFemale_TooManyNovels_Sub.json,"Sounds more like you have been reading too many spy novels, old man.",
Impact\Content\Maps\Chapters\Chapter03\TRAV_ToSmugglersTunnel\CanteenArea\Ch03_TRAV_ToSmugglersTunnel_CodeFemale_YeaRight_Sub.json,"Oh, come on. Don't start with your tall tales again.",
Impact\Content\Maps\Chapters\Chapter03\TRAV_ToSmugglersTunnel\CanteenArea\Ch03_TRAV_ToSmugglersTunnel_CodeFemale_YeaRight_Sub.json,Codebreaker? Really?,
Impact\Content\Maps\Chapters\Chapter03\TRAV_ToSmugglersTunnel\CanteenArea\Ch03_TRAV_ToSmugglersTunnel_CodeGuy_BackInMyDay_Sub.json,"You know, back in the day, I used to be a codebreaker.",
Impact\Content\Maps\Chapters\Chapter03\TRAV_ToSmugglersTunnel\CanteenArea\Ch03_TRAV_ToSmugglersTunnel_CodeGuy_BackInMyDay_Sub.json,"It was an exhilarating time,",
Impact\Content\Maps\Chapters\Chapter03\TRAV_ToSmugglersTunnel\CanteenArea\Ch03_TRAV_ToSmugglersTunnel_CodeGuy_BackInMyDay_Sub.json,deciphering secret messages and cracking complex encryption.,
Impact\Content\Maps\Chapters\Chapter03\TRAV_ToSmugglersTunnel\CanteenArea\Ch03_TRAV_ToSmugglersTunnel_CodeGuy_IDid_Sub.json,I used to read so many as a child.,
Impact\Content\Maps\Chapters\Chapter03\TRAV_ToSmugglersTunnel\CanteenArea\Ch03_TRAV_ToSmugglersTunnel_CodeGuy_IDid_Sub.json,My mother had to hide my books!,
Impact\Content\Maps\Chapters\Chapter03\TRAV_ToSmugglersTunnel\CanteenArea\Ch03_TRAV_ToSmugglersTunnel_CodeGuy_IDid_Sub.json,I would always find them though.,
Impact\Content\Maps\Chapters\Chapter03\TRAV_ToSmugglersTunnel\CanteenArea\Ch03_TRAV_ToSmugglersTunnel_CodeGuy_ImSerious_Sub.json,"No, I'm serious!",
Impact\Content\Maps\Chapters\Chapter03\TRAV_ToSmugglersTunnel\CanteenArea\Ch03_TRAV_ToSmugglersTunnel_CodeGuy_ImSerious_Sub.json,"I worked for the government, breaking codes during critical missions.",
Impact\Content\Maps\Chapters\Chapter03\TRAV_ToSmugglersTunnel\CanteenArea\Ch03_TRAV_ToSmugglersTunnel_CodeGuy_ImSerious_Sub.json,It was during the height of the Cold War.,
Impact\Content\Maps\Chapters\Chapter03\TRAV_ToSmugglersTunnel\CanteenArea\Ch03_TRAV_ToSmugglersTunnel_CodeGuy_ImSerious_Sub.json,I had to decode messages from enemy spies and intercept secret communications.,
Impact\Content\Maps\Chapters\Chapter03\TRAV_ToSmugglersTunnel\CanteenArea\Ch03_TRAV_ToSmugglersTunnel_CodeGuy_SecretToCracking_Sub.json,The secret is to look for patterns and symbols,
Impact\Content\Maps\Chapters\Chapter03\TRAV_ToSmugglersTunnel\CanteenArea\Ch03_TRAV_ToSmugglersTunnel_CodeGuy_SecretToCracking_Sub.json,instead of directly trying to translate each word or sentence.,
Impact\Content\Maps\Chapters\Chapter03\TRAV_ToSmugglersTunnel\CanteenArea\Ch03_TRAV_ToSmugglersTunnel_CodeGuy_StrangerThanFiction_Sub.json,"Look around you, look at the situation we are in.",
Impact\Content\Maps\Chapters\Chapter03\TRAV_ToSmugglersTunnel\CanteenArea\Ch03_TRAV_ToSmugglersTunnel_CodeGuy_StrangerThanFiction_Sub.json,"Sometimes, reality is stranger than fiction.",
Impact\Content\Maps\Chapters\Chapter03\TRAV_ToSmugglersTunnel\CanteenArea\Ch03_TRAV_ToSmugglersTunnel_CodeMale_NotBuyingIt_Sub.json,I'm not buying it.,
Impact\Content\Maps\Chapters\Chapter03\TRAV_ToSmugglersTunnel\CanteenArea\Ch03_TRAV_ToSmugglersTunnel_CodeMale_YouTryingToFoolUs_Sub.json,"You're just re-telling stories you read as a child,",
Impact\Content\Maps\Chapters\Chapter03\TRAV_ToSmugglersTunnel\CanteenArea\Ch03_TRAV_ToSmugglersTunnel_CodeMale_YouTryingToFoolUs_Sub.json,trying to fool us into believing they were yours!,
Impact\Content\Maps\Chapters\Chapter03\TRAV_ToSmugglersTunnel\LQAreaHeartbreak\Ch03_TRAV_ToSmugglersTunnel_HBComfortGal_HeWouldntListen_Sub.json,He felt repsonsible. Like he had to do something.,
Impact\Content\Maps\Chapters\Chapter03\TRAV_ToSmugglersTunnel\LQAreaHeartbreak\Ch03_TRAV_ToSmugglersTunnel_HBComfortGal_HeWouldntListen_Sub.json,He's joining the Rangers to protect his loved ones.,
Impact\Content\Maps\Chapters\Chapter03\TRAV_ToSmugglersTunnel\LQAreaHeartbreak\Ch03_TRAV_ToSmugglersTunnel_HBComfortGal_HeWouldntListen_Sub.json,For you. For all of us!,
Impact\Content\Maps\Chapters\Chapter03\TRAV_ToSmugglersTunnel\LQAreaHeartbreak\Ch03_TRAV_ToSmugglersTunnel_HBComfortGal_ImHereForYou_Sub.json,I'm here for you if you want to talk about it.,
Impact\Content\Maps\Chapters\Chapter03\TRAV_ToSmugglersTunnel\LQAreaHeartbreak\Ch03_TRAV_ToSmugglersTunnel_HBComfortGal_YouOkay_Sub.json,"Hey, I heard the news, are you okay?",
Impact\Content\Maps\Chapters\Chapter03\TRAV_ToSmugglersTunnel\LQAreaHeartbreak\Ch03_TRAV_ToSmugglersTunnel_HBGuy_DidntEvenGetToSayGoodbye_Sub.json,I didn't even get to say goodbye...,
Impact\Content\Maps\Chapters\Chapter03\TRAV_ToSmugglersTunnel\LQAreaHeartbreak\Ch03_TRAV_ToSmugglersTunnel_HBGuy_HeLeft_Sub.json,He left the station. Packed everything he had and left for Polis.,
Impact\Content\Maps\Chapters\Chapter03\TRAV_ToSmugglersTunnel\LQAreaHeartbreak\Ch03_TRAV_ToSmugglersTunnel_HBGuy_HeLeft_Sub.json,I told him I supported his decision.,
Impact\Content\Maps\Chapters\Chapter03\TRAV_ToSmugglersTunnel\LQAreaHeartbreak\Ch03_TRAV_ToSmugglersTunnel_HBGuy_HeLeft_Sub.json,He could always tell when I was lying...,
Impact\Content\Maps\Chapters\Chapter03\TRAV_ToSmugglersTunnel\LQAreaHeartbreak\Ch03_TRAV_ToSmugglersTunnel_HBGuy_HeLeft_Sub.json,I... I don't understand!,
Impact\Content\Maps\Chapters\Chapter03\TRAV_ToSmugglersTunnel\LQAreaHeartbreak\Ch03_TRAV_ToSmugglersTunnel_HBGuy_IKnow_Sub.json,I know... But it's hopeless.,
Impact\Content\Maps\Chapters\Chapter03\TRAV_ToSmugglersTunnel\LQAreaHeartbreak\Ch03_TRAV_ToSmugglersTunnel_HBGuy_IKnow_Sub.json,"And deep down, he knows it too.",
Impact\Content\Maps\Chapters\Chapter03\TRAV_ToSmugglersTunnel\LQAreaHeartbreak\Ch03_TRAV_ToSmugglersTunnel_HBGuy_NotReally_Sub.json,"No, not really.",
Impact\Content\Maps\Chapters\Chapter03\TRAV_ToSmugglersTunnel\LQAreaPsychic\Ch03_TRAV_ToSmuggelsTunnel_Katya_WantToExperienceIt_Sub.json,"I don't know, there is something about it that makes me want to find them.",
Impact\Content\Maps\Chapters\Chapter03\TRAV_ToSmugglersTunnel\LQAreaPsychic\Ch03_TRAV_ToSmuggelsTunnel_Katya_WantToExperienceIt_Sub.json,"Not that I would ever leave this station, it's just too dangerous out there for me.",
Impact\Content\Maps\Chapters\Chapter03\TRAV_ToSmugglersTunnel\LQAreaPsychic\Ch03_TRAV_ToSmuggelsTunnel_Katya_WhatAboutTheVisions_Sub.json,I know right! Unbelievable.,
Impact\Content\Maps\Chapters\Chapter03\TRAV_ToSmugglersTunnel\LQAreaPsychic\Ch03_TRAV_ToSmuggelsTunnel_Katya_WhatAboutTheVisions_Sub.json,"Apparently they can give people hallucinations, visions of their past or their future.",
Impact\Content\Maps\Chapters\Chapter03\TRAV_ToSmugglersTunnel\LQAreaPsychic\Ch03_TRAV_ToSmuggelsTunnel_Katya_WhatAboutTheVisions_Sub.json,"It got me thinking, what would I see if I was given a vision.",
Impact\Content\Maps\Chapters\Chapter03\TRAV_ToSmugglersTunnel\LQAreaPsychic\Ch03_TRAV_ToSmuggelsTunnel_Katya_YouHeardOfThem_Sub.json,"Natasha, have you heard about this psychic in Kievskaya?",
Impact\Content\Maps\Chapters\Chapter03\TRAV_ToSmugglersTunnel\LQAreaPsychic\Ch03_TRAV_ToSmuggelsTunnel_Katya_YouHeardOfThem_Sub.json,I don't know how legit they are but I keep hearing stories.,
Impact\Content\Maps\Chapters\Chapter03\TRAV_ToSmugglersTunnel\LQAreaPsychic\Ch03_TRAV_ToSmuggelsTunnel_Natasha_HateToSeeIt_Sub.json,"Ugh, imagine seeing your worst fears realized right in front of you.",
Impact\Content\Maps\Chapters\Chapter03\TRAV_ToSmugglersTunnel\LQAreaPsychic\Ch03_TRAV_ToSmuggelsTunnel_Natasha_HateToSeeIt_Sub.json,"Count me out! Any psychic like that can stay out of my brain, that's for sure!",
Impact\Content\Maps\Chapters\Chapter03\TRAV_ToSmugglersTunnel\LQAreaPsychic\Ch03_TRAV_ToSmuggelsTunnel_Natasha_YeaThoughtTheyWereAFake_Sub.json,"Yeah, I've heard whispers about them.",
Impact\Content\Maps\Chapters\Chapter03\TRAV_ToSmugglersTunnel\LQAreaPsychic\Ch03_TRAV_ToSmuggelsTunnel_Natasha_YeaThoughtTheyWereAFake_Sub.json,At first I was very sceptical.,
Impact\Content\Maps\Chapters\Chapter03\TRAV_ToSmugglersTunnel\LQAreaPsychic\Ch03_TRAV_ToSmuggelsTunnel_Natasha_YeaThoughtTheyWereAFake_Sub.json,You know; just another psychic trying to scam people out of their rounds.,
Impact\Content\Maps\Chapters\Chapter03\TRAV_ToSmugglersTunnel\LQAreaPsychic\Ch03_TRAV_ToSmuggelsTunnel_Natasha_YeaThoughtTheyWereAFake_Sub.json,"But then, I kept hearing more things,",
Impact\Content\Maps\Chapters\Chapter03\TRAV_ToSmugglersTunnel\LQAreaPsychic\Ch03_TRAV_ToSmuggelsTunnel_Natasha_YeaThoughtTheyWereAFake_Sub.json,like how they helped some poor woman who lost her sight.,
Impact\Content\Maps\Chapters\Chapter03\TRAV_ToSmugglersTunnel\LQAreaPsychic\Ch03_TRAV_ToSmuggelsTunnel_Natasha_YeaThoughtTheyWereAFake_Sub.json,"Her vision was restored, just like that!",
Impact\Content\Maps\Chapters\Chapter03\TRAV_ToSmugglersTunnel\LQAreaPsychic\Ch03_TRAV_ToSmuggelsTunnel_Natasha_YouBetterNot_Sub.json,You better not!,
Impact\Content\Maps\Chapters\Chapter03\TRAV_ToSmugglersTunnel\MarketArea\Ch03_TRAV_ToSmugglersTunnel_Dude_ButWhoDunIt_Sub.json,"If it wasn't Max, then who?",
Impact\Content\Maps\Chapters\Chapter03\TRAV_ToSmugglersTunnel\MarketArea\Ch03_TRAV_ToSmugglersTunnel_Dude_ButWhoDunIt_Sub.json,And why would they open those damn tunnels?,
Impact\Content\Maps\Chapters\Chapter03\TRAV_ToSmugglersTunnel\MarketArea\Ch03_TRAV_ToSmugglersTunnel_Dude_GoodTimeNotLong_Sub.json,"Hey, I always said I'm here for a good time not a long time.",
Impact\Content\Maps\Chapters\Chapter03\TRAV_ToSmugglersTunnel\MarketArea\Ch03_TRAV_ToSmugglersTunnel_Dude_NoButWhy_Sub.json,No but can we talk about this one?,
Impact\Content\Maps\Chapters\Chapter03\TRAV_ToSmugglersTunnel\MarketArea\Ch03_TRAV_ToSmugglersTunnel_Dude_NoButWhy_Sub.json,Why on God's scorched earth would Max open the tunnels?,
Impact\Content\Maps\Chapters\Chapter03\TRAV_ToSmugglersTunnel\MarketArea\Ch03_TRAV_ToSmugglersTunnel_Dude_Right_Sub.json,Ah...,
Impact\Content\Maps\Chapters\Chapter03\TRAV_ToSmugglersTunnel\MarketArea\Ch03_TRAV_ToSmugglersTunnel_Dude_Right_Sub.json,Got it.,
Impact\Content\Maps\Chapters\Chapter03\TRAV_ToSmugglersTunnel\MarketArea\Ch03_TRAV_ToSmugglersTunnel_Dude_What_Sub.json,What did you say?,
Impact\Content\Maps\Chapters\Chapter03\TRAV_ToSmugglersTunnel\MarketArea\Ch03_TRAV_ToSmugglersTunnel_Gal_ICanGuess_Sub.json,"Well, I can guess who...",
Impact\Content\Maps\Chapters\Chapter03\TRAV_ToSmugglersTunnel\MarketArea\Ch03_TRAV_ToSmugglersTunnel_Gal_ICanGuess_Sub.json,And as to why? Same reason she destroyed the mushroom farm...,
Impact\Content\Maps\Chapters\Chapter03\TRAV_ToSmugglersTunnel\MarketArea\Ch03_TRAV_ToSmugglersTunnel_Gal_ISaidItWasntMax_Sub.json,I said it wasn't Max!,
Impact\Content\Maps\Chapters\Chapter03\TRAV_ToSmugglersTunnel\MarketArea\Ch03_TRAV_ToSmugglersTunnel_Gal_ISaidItWasntMax_Sub.json,Your years of being a party animal really did a number on your hearing.,
Impact\Content\Maps\Chapters\Chapter03\TRAV_ToSmugglersTunnel\MarketArea\Ch03_TRAV_ToSmugglersTunnel_Gal_WasntMax_Sub.json,It wasn't Max.,
Impact\Content\Maps\Chapters\Chapter03\TRAV_ToSmugglersTunnel\SerdarArrives\Ch03_TRAV_ToSmugglersTunnel_100_Yard_Guard_HeyReallyHave1_Sub.json,Hey! Doc!,
Impact\Content\Maps\Chapters\Chapter03\TRAV_ToSmugglersTunnel\SerdarArrives\Ch03_TRAV_ToSmugglersTunnel_100_Yard_Guard_HeyReallyHave1_Sub.json,We really have to stop meeting like this--!,
Impact\Content\Maps\Chapters\Chapter03\TRAV_ToSmugglersTunnel\SerdarArrives\Ch03_TRAV_ToSmugglersTunnel_100_Yard_Guard_UhSinceThe1_Sub.json,Uh... no.,
Impact\Content\Maps\Chapters\Chapter03\TRAV_ToSmugglersTunnel\SerdarArrives\Ch03_TRAV_ToSmugglersTunnel_100_Yard_Guard_UhSinceThe1_Sub.json,Not since the last time you were here.,
Impact\Content\Maps\Chapters\Chapter03\TRAV_ToSmugglersTunnel\SerdarArrives\Ch03_TRAV_ToSmugglersTunnel_100_Yard_Guard_VladIskanderov1_Sub.json,"Vlad-- Doctor Iskanderov, coming through!",
Impact\Content\Maps\Chapters\Chapter03\TRAV_ToSmugglersTunnel\SerdarArrives\Ch03_TRAV_ToSmugglersTunnel_Serdar_AkademicheskayaJustAhead_Sub.json,Akademicheskaya's just ahead.,
Impact\Content\Maps\Chapters\Chapter03\TRAV_ToSmugglersTunnel\SerdarArrives\Ch03_TRAV_ToSmugglersTunnel_Serdar_HaveYouSeen_Sub.json,Have you seen Yana? Max??,
Impact\Content\Maps\Chapters\Chapter03\TRAV_ToSmugglersTunnel\SerdarArrives\Ch03_TRAV_ToSmugglersTunnel_Serdar_HmWeirdI_Sub.json,Hmm. Weird.,
Impact\Content\Maps\Chapters\Chapter03\TRAV_ToSmugglersTunnel\SerdarArrives\Ch03_TRAV_ToSmugglersTunnel_Serdar_HmWeirdI_Sub.json,I've never seen this place this empty.,
Impact\Content\Maps\Chapters\Chapter03\TRAV_ToSmugglersTunnel\SerdarArrives\Ch03_TRAV_ToSmugglersTunnel_Serdar_PleaseLetYana_Sub.json,"Please, just let Yana be alright...",
Impact\Content\Maps\Chapters\Chapter03\TRAV_ToSmugglersTunnel\SerdarArrives\Ch03_TRAV_ToSmugglersTunnel_Serdar_Tasia_Sub.json,Tasia!,
Impact\Content\Maps\Chapters\Chapter03\TRAV_ToSmugglersTunnel\SerdarArrives\Ch03_TRAV_ToSmugglersTunnel_Serdar_WhereYana_Sub.json,Where's Yana!?,
Impact\Content\Maps\Chapters\Chapter03\TRAV_ToSmugglersTunnel\SerdarArrives\Ch03_TRAV_ToSmugglersTunnel_Tasia_WeirdWasJust1_Sub.json,"Weird, I was just coming to check on you...",
Impact\Content\Maps\Chapters\Chapter03\TRAV_ToSmugglersTunnel\SerdarArrives\Ch03_TRAV_ToSmugglersTunnel_Tasia_YouShouldTalk1_Sub.json,...You should talk to Max.,
Impact\Content\Maps\Chapters\Chapter03\TRAV_ToSmugglersTunnel\SerdarArrives\Ch03_TRAV_ToSmugglersTunnel_Tasia_YouShouldTalk1_Sub.json,"He's at one of the old smuggling tunnels, back past the bunkhouses.",
Impact\Content\Maps\Chapters\Chapter03\TTR_EvadeSlavers2\DarkRoom\Ch3_TTR_EvadeSlavers2_DarkRoom_Slaver01_GettingTired_Sub.json,I'm getting tired of this place.,
Impact\Content\Maps\Chapters\Chapter03\TTR_EvadeSlavers2\DarkRoom\Ch3_TTR_EvadeSlavers2_DarkRoom_Slaver01_GettingTired_Sub.json,When can we leave?,
Impact\Content\Maps\Chapters\Chapter03\TTR_EvadeSlavers2\DarkRoom\Ch3_TTR_EvadeSlavers2_DarkRoom_Slaver01_Indeed_Sub.json,"Ha ha, I bet!",
Impact\Content\Maps\Chapters\Chapter03\TTR_EvadeSlavers2\DarkRoom\Ch3_TTR_EvadeSlavers2_DarkRoom_Slaver01_Indeed_Sub.json,It doesn't get any worse than this.,
Impact\Content\Maps\Chapters\Chapter03\TTR_EvadeSlavers2\DarkRoom\Ch3_TTR_EvadeSlavers2_DarkRoom_Slaver01_WhatFor_Sub.json,Oh really?,
Impact\Content\Maps\Chapters\Chapter03\TTR_EvadeSlavers2\DarkRoom\Ch3_TTR_EvadeSlavers2_DarkRoom_Slaver01_WhatFor_Sub.json,And you would know?,
Impact\Content\Maps\Chapters\Chapter03\TTR_EvadeSlavers2\DarkRoom\Ch3_TTR_EvadeSlavers2_DarkRoom_Slaver02_BetterPay_Sub.json,"Though I must say, I didn't exactly move up the ladder.",
Impact\Content\Maps\Chapters\Chapter03\TTR_EvadeSlavers2\DarkRoom\Ch3_TTR_EvadeSlavers2_DarkRoom_Slaver02_NotThatBad_Sub.json,At least it's quiet.,
Impact\Content\Maps\Chapters\Chapter03\TTR_EvadeSlavers2\DarkRoom\Ch3_TTR_EvadeSlavers2_DarkRoom_Slaver02_NotThatBad_Sub.json,"Trust me, there are worse places in the metro to be than this.",
Impact\Content\Maps\Chapters\Chapter03\TTR_EvadeSlavers2\DarkRoom\Ch3_TTR_EvadeSlavers2_DarkRoom_Slaver02_WasStalker_Sub.json,"Believe it or not, you assholes aren't the first band",
Impact\Content\Maps\Chapters\Chapter03\TTR_EvadeSlavers2\DarkRoom\Ch3_TTR_EvadeSlavers2_DarkRoom_Slaver02_WasStalker_Sub.json,I've scavenged these tunnels with...,
Impact\Content\Maps\Chapters\Chapter03\TTR_EvadeSlavers2\DarkRoom\Ch3_TTR_EvadeSlavers2_DarkRoom_Slaver03_WhereAreWe_Sub.json,Where are we anyway?,
Impact\Content\Maps\Chapters\Chapter03\TTR_EvadeSlavers2\DarkRoom\Ch3_TTR_EvadeSlavers2_DarkRoom_Slaver04_ImNotSure_Sub.json,We are...I... I'm not sure.,
Impact\Content\Maps\Chapters\Chapter03\TTR_EvadeSlavers2\DarkRoom\Ch3_TTR_EvadeSlavers2_DarkRoom_Slaver04_ImNotSure_Sub.json,"Hey look, stop asking difficult questions...",
Impact\Content\Maps\Chapters\Chapter03\TTR_EvadeSlavers2\DarkRoom\Ch3_TTR_EvadeSlavers2_DarkRoom_Slaver04_ImNotSure_Sub.json,"Just keep your eyes open, ok?",
Impact\Content\Maps\Chapters\Chapter03\TTR_EvadeSlavers2\DarkRoom\Ch3_TTR_EvadeSlavers2_DarkRoom_Slaver04_WeLookAround_Sub.json,Everyone has a job here.,
Impact\Content\Maps\Chapters\Chapter03\TTR_EvadeSlavers2\DarkRoom\Ch3_TTR_EvadeSlavers2_DarkRoom_Slaver04_WeLookAround_Sub.json,"Those guys over there are checking out the train, and we check this place.",
Impact\Content\Maps\Chapters\Chapter03\TTR_EvadeSlavers2\DarkRoom\Ch3_TTR_EvadeSlavers2_DarkRoom_Slaver04_WeLookAround_Sub.json,Got it?,
Impact\Content\Maps\Chapters\Chapter03\TTR_EvadeSlavers2\DeadRadio\Ch03_TTR_EvadeSlavers2_Serdar_ApologiesTemperamentalCompanion_Sub.json,"Apologies, my temperamental companion - no offense intended!",
Impact\Content\Maps\Chapters\Chapter03\TTR_EvadeSlavers2\DeadRadio\Ch03_TTR_EvadeSlavers2_Serdar_IJustEncountered_Sub.json,--I just encountered some scavengers who lost people as well--,
Impact\Content\Maps\Chapters\Chapter03\TTR_EvadeSlavers2\DeadRadio\Ch03_TTR_EvadeSlavers2_Serdar_MaxCutOut_Sub.json,"Max, you cut out.",
Impact\Content\Maps\Chapters\Chapter03\TTR_EvadeSlavers2\DeadRadio\Ch03_TTR_EvadeSlavers2_Serdar_MaxCutOut_Sub.json,Hello?,
Impact\Content\Maps\Chapters\Chapter03\TTR_EvadeSlavers2\DeadRadio\Ch03_TTR_EvadeSlavers2_Serdar_MyFriendYou_Sub.json,"My friend, whoever sold you these radios,",
Impact\Content\Maps\Chapters\Chapter03\TTR_EvadeSlavers2\DeadRadio\Ch03_TTR_EvadeSlavers2_Serdar_MyFriendYou_Sub.json,you may want to inquire about their return policy.,
Impact\Content\Maps\Chapters\Chapter03\TTR_EvadeSlavers2\DeadRadio\Ch03_TTR_EvadeSlavers2_Serdar_WasThatMy_Sub.json,Was that my voice??,
Impact\Content\Maps\Chapters\Chapter03\TTR_EvadeSlavers2\DeadRadio\Ch03_TTR_EvadeSlavers2_Serdar_WhatInThe_Sub.json,What in the...?,
Impact\Content\Maps\Chapters\Chapter03\TTR_EvadeSlavers2\EugeniaSecondVisit\Ch03_TTR_EvadeSlavers2_Serdar_AlrightThenLady_Sub.json,"Alright then, my dear lady.",
Impact\Content\Maps\Chapters\Chapter03\TTR_EvadeSlavers2\EugeniaSecondVisit\Ch03_TTR_EvadeSlavers2_Serdar_AlrightThenLady_Sub.json,"If I somehow offended you on our first meeting,",
Impact\Content\Maps\Chapters\Chapter03\TTR_EvadeSlavers2\EugeniaSecondVisit\Ch03_TTR_EvadeSlavers2_Serdar_AlrightThenLady_Sub.json,perhaps you'll be so kind as to let me make amends.,
Impact\Content\Maps\Chapters\Chapter03\TTR_EvadeSlavers2\EugeniaSecondVisit\Ch03_TTR_EvadeSlavers2_Serdar_APleasureTo_Sub.json,"A pleasure to make your acquaintance, my dear.",
Impact\Content\Maps\Chapters\Chapter03\TTR_EvadeSlavers2\EugeniaSecondVisit\Ch03_TTR_EvadeSlavers2_Serdar_ISincerelyHope_Sub.json,"I sincerely hope that means we're friends again, Eugenia.",
Impact\Content\Maps\Chapters\Chapter03\TTR_EvadeSlavers2\EugeniaSecondVisit\Ch03_TTR_EvadeSlavers2_Serdar_ISincerelyHope_Sub.json,Not that I don't enjoy your company...,
Impact\Content\Maps\Chapters\Chapter03\TTR_EvadeSlavers2\EugeniaSecondVisit\Ch03_TTR_EvadeSlavers2_Serdar_WaitHavenFar_Sub.json,Wait-- Eugenia?,
Impact\Content\Maps\Chapters\Chapter03\TTR_EvadeSlavers2\EugeniaSecondVisit\Ch03_TTR_EvadeSlavers2_Serdar_WaitHavenFar_Sub.json,I haven't gone far enough to have gotten THAT turned around... have I?,
Impact\Content\Maps\Chapters\Chapter03\TTR_EvadeSlavers2\LurkerThreat\Ch3_TTR_EvadeSlavers3_Lurker_FlashlghtSlaver01_DidYouHearThat_Sub.json,Hey! Did you hear that?,
Impact\Content\Maps\Chapters\Chapter03\TTR_EvadeSlavers2\LurkerThreat\Ch3_TTR_EvadeSlavers3_Lurker_FlashlghtSlaver01_DidYouHearThat_Sub.json,There's something inside the vent!,
Impact\Content\Maps\Chapters\Chapter03\TTR_EvadeSlavers2\LurkerThreat\Ch3_TTR_EvadeSlavers3_Lurker_FlashlghtSlaver02_MustBeLurker_Sub.json,"Must be a lurker. See if you can spot it, use your flashlight.",
Impact\Content\Maps\Chapters\Chapter03\TTR_EvadeSlavers2\LurkerThreat\Ch3_TTR_EvedeSlavers2_LurkerVent_FlashlightSlaver01_WhereAreYou_Sub.json,"Where are you, you nastly little shit?",
Impact\Content\Maps\Chapters\Chapter03\TTR_EvadeSlavers2\LurkerThreat\Ch3_TTR_EvedeSlavers2_LurkerVent_FlashlightSlaver01_WillFindYou_Sub.json,I will find you...,
Impact\Content\Maps\Chapters\Chapter03\TTR_EvadeSlavers2\MuseumChat\Ch3_TTR_EvadeSlavers3_MuseumChat_Slaver01_OnceWereDone_Sub.json,"Well, we might miss our shot if we hang around here for much longer...",
Impact\Content\Maps\Chapters\Chapter03\TTR_EvadeSlavers2\MuseumChat\Ch3_TTR_EvadeSlavers3_MuseumChat_Slaver01_TheMuseum_Sub.json,Supposedly the gang we're after are packed to the teeth with goods.,
Impact\Content\Maps\Chapters\Chapter03\TTR_EvadeSlavers2\MuseumChat\Ch3_TTR_EvadeSlavers3_MuseumChat_Slaver01_YouKnowWhere_Sub.json,Shouldn’t we be getting on?,
Impact\Content\Maps\Chapters\Chapter03\TTR_EvadeSlavers2\MuseumChat\Ch3_TTR_EvadeSlavers3_MuseumChat_Slaver01_YouKnowWhere_Sub.json,The stalkers will gone by the time we get to the site.,
Impact\Content\Maps\Chapters\Chapter03\TTR_EvadeSlavers2\MuseumChat\Ch3_TTR_EvadeSlavers3_MuseumChat_Slaver02_NoWhere_Sub.json,"At this pace, yeah.",
Impact\Content\Maps\Chapters\Chapter03\TTR_EvadeSlavers2\MuseumChat\Ch3_TTR_EvadeSlavers3_MuseumChat_Slaver02_NoWhere_Sub.json,"But hey, it's not my call.",
Impact\Content\Maps\Chapters\Chapter03\TTR_EvadeSlavers2\MuseumChat\Ch3_TTR_EvadeSlavers3_MuseumChat_Slaver02_YoureRight_Sub.json,Supposedly? I'm sure of it!,
Impact\Content\Maps\Chapters\Chapter03\TTR_EvadeSlavers2\MuseumChat\Ch3_TTR_EvadeSlavers3_MuseumChat_Slaver02_YoureRight_Sub.json,I always put an order in when her crew passed through Tretya.,
Impact\Content\Maps\Chapters\Chapter03\TTR_EvadeSlavers2\MuseumChat\Ch3_TTR_EvadeSlavers3_MuseumChat_Slaver02_YoureRight_Sub.json,I almost feel bad for jumping them...,
Impact\Content\Maps\Chapters\Chapter03\TTR_EvadeSlavers2\MuseumChat\Ch3_TTR_EvadeSlavers3_MuseumChat_Slaver02_YoureRight_Sub.json,... Almost...,
Impact\Content\Maps\Chapters\Chapter03\TTR_EvadeSlavers2\TrainIntroduction\Ch3_TTR_EvadeSlavers2_BrokenRadio_SlaverGuard01_KeepSearching_Sub.json,Ok... Keep searching.,
Impact\Content\Maps\Chapters\Chapter03\TTR_EvadeSlavers2\TrainIntroduction\Ch3_TTR_EvadeSlavers2_BrokenRadio_SlaverGuard01_KeepSearching_Sub.json,We could use the parts.,
Impact\Content\Maps\Chapters\Chapter03\TTR_EvadeSlavers2\TrainIntroduction\Ch3_TTR_EvadeSlavers2_BrokenRadio_SlaverGuard01_WhatsTakingLong_Sub.json,Hey! What's taking so long?,
Impact\Content\Maps\Chapters\Chapter03\TTR_EvadeSlavers2\TrainIntroduction\Ch3_TTR_EvadeSlavers2_BrokenRadio_SlaverGuard01_WhatsThePlanwav_Sub.json,Hey! Are you deaf?!,
Impact\Content\Maps\Chapters\Chapter03\TTR_EvadeSlavers2\TrainIntroduction\Ch3_TTR_EvadeSlavers2_BrokenRadio_SlaverGuard01_WhatsThePlanwav_Sub.json,...What's the plan with this thing anyway?,
Impact\Content\Maps\Chapters\Chapter03\TTR_EvadeSlavers2\TrainIntroduction\Ch3_TTR_EvadeSlavers2_BrokenRadio_SlaverTrain01_KeepAnEyeOut_Sub.json,That's what I'm doing isn't it?,
Impact\Content\Maps\Chapters\Chapter03\TTR_EvadeSlavers2\TrainIntroduction\Ch3_TTR_EvadeSlavers2_BrokenRadio_SlaverTrain01_KeepAnEyeOut_Sub.json,"You just keep an eye out, alright?",
Impact\Content\Maps\Chapters\Chapter03\TTR_EvadeSlavers2\TrainIntroduction\Ch3_TTR_EvadeSlavers2_BrokenRadio_SlaverTrain01_Relaxwav_Sub.json,"Huh? Oh, there's bound to be something useful on this thing.",
Impact\Content\Maps\Chapters\Chapter03\TTR_EvadeSlavers2\TrainIntroduction\Ch3_TTR_EvadeSlavers2_BrokenRadio_SlaverTrain01_Relaxwav_Sub.json,"Relax, this will take a while.",
Impact\Content\Maps\Chapters\Chapter03\TTR_EvadeSlavers2\TrainPartTwo\Ch3_TTR_EvadeSlavers2_TrainScavs_SlaverTrain01_AnythingGood_Sub.json,Have you found anything good yet?,
Impact\Content\Maps\Chapters\Chapter03\TTR_EvadeSlavers2\TrainPartTwo\Ch3_TTR_EvadeSlavers2_TrainScavs_SlaverTrain01_FixTransport_Sub.json,That's great. Maybe we can fix up our transport for good this time.,
Impact\Content\Maps\Chapters\Chapter03\TTR_EvadeSlavers2\TrainPartTwo\Ch3_TTR_EvadeSlavers2_TrainScavs_SlaverTrain01_MeToo_Sub.json,Try not to take too long.,
Impact\Content\Maps\Chapters\Chapter03\TTR_EvadeSlavers2\TrainPartTwo\Ch3_TTR_EvadeSlavers2_TrainScavs_SlaverTrain02_OhYes_Sub.json,"Haha, yes.",
Impact\Content\Maps\Chapters\Chapter03\TTR_EvadeSlavers2\TrainPartTwo\Ch3_TTR_EvadeSlavers2_TrainScavs_SlaverTrain02_OhYes_Sub.json,I don’t know why anyone else that came through here missed all of this.,
Impact\Content\Maps\Chapters\Chapter03\TTR_EvadeSlavers2\TrainPartTwo\Ch3_TTR_EvadeSlavers2_TrainScavs_SlaverTrain02_ThatsTheIdea_Sub.json,That would be great.,
Impact\Content\Maps\Chapters\Chapter03\TTR_EvadeSlavers2\TrainPartTwo\Ch3_TTR_EvadeSlavers2_TrainScavs_SlaverTrain02_ThatsTheIdea_Sub.json,"Anyway, let me see what else I can find.",
Impact\Content\Maps\Chapters\Chapter04\EXPL_BacktrackThroughDark\LWBridge\Ch04_EXPL_BacktrackThroughDark_SlaverBridge1_HurryUp_Sub.json,"Fuck, hurry!",
Impact\Content\Maps\Chapters\Chapter04\EXPL_BacktrackThroughDark\LWBridge\Ch04_EXPL_BacktrackThroughDark_SlaverBridge1_HurryUp_Sub.json,Something took a bite out of Pavel's arm!,
Impact\Content\Maps\Chapters\Chapter04\EXPL_BacktrackThroughDark\LWBridge\Ch04_EXPL_BacktrackThroughDark_SlaverFence1_ComeOnMove_Sub.json,Where the hell is everybody?!?!?,
Impact\Content\Maps\Chapters\Chapter04\EXPL_BacktrackThroughDark\LWFence1\Ch04_EXPL_BacktrackThroughDark_SlaverArmory_OpenedTheArmory_Sub.json,Get the rest of these slaves out of here!,
Impact\Content\Maps\Chapters\Chapter04\EXPL_BacktrackThroughDark\LWFence1\Ch04_EXPL_BacktrackThroughDark_SlaverArmory_OpenedTheArmory_Sub.json,Now!,
Impact\Content\Maps\Chapters\Chapter04\EXPL_BacktrackThroughDark\LWFence1\Ch04_EXPL_BacktrackThroughDark_SlaverFence1_GetTheGear_Sub.json,And go where?!? Those things are coming out of the walls!!,
Impact\Content\Maps\Chapters\Chapter04\EXPL_BacktrackThroughDark\LWFence1\Ch04_EXPL_BacktrackThroughDark_SlaverFence2_LetsGo_Sub.json,Just GO!!,
Impact\Content\Maps\Chapters\Chapter04\EXPL_BacktrackThroughDark\LWFence2\Ch04_EXPL_BacktrackThroughDark_SlaverFence3_OhShit_Sub.json,Oh Shit Oh Shit Oh Shit!,
Impact\Content\Maps\Chapters\Chapter04\EXPL_BacktrackThroughDark\LWSecurityGuard\Ch04_EXPL_BacktrackThroughDark_SecurityGuard_HeyMyRadio_Sub.json,Hey! What's going on out there?,
Impact\Content\Maps\Chapters\Chapter04\EXPL_BacktrackThroughDark\LWSecurityGuard\Ch04_EXPL_BacktrackThroughDark_SecurityGuard_RadioContact_Sub.json,There's got to be a candle or something around here somewhere...,
Impact\Content\Maps\Chapters\Chapter04\EXPL_BacktrackThroughDark\LWSecurityGuard\Ch04_EXPL_BacktrackThroughDark_SecurityGuard_SpareBatteries_Sub.json,This better not be more of Chernoff's Baba Yaga bullshit!,
Impact\Content\Maps\Chapters\Chapter04\EXPL_BacktrackThroughDark\LWSecurityGuard\Ch04_EXPL_BacktrackThroughDark_SecurityGuard_SpareBatteries_Sub.json,"Seriously, who's dicking around??",
Impact\Content\Maps\Chapters\Chapter04\EXPL_BacktrackThroughDark\LWSecurityGuard\Ch04_EXPL_BacktrackThroughDark_SecurityGuard_WhatThe_Sub.json,You'd think these people were ten-year olds on a camping trip.,
Impact\Content\Maps\Chapters\Chapter04\EXPL_BacktrackThroughDark\LWSecurityGuard\Ch04_EXPL_BacktrackThroughDark_SecurityGuard_WhatThe_Sub.json,"Next they'll be running around, pulling each other's underwear over their heads...",
Impact\Content\Maps\Chapters\Chapter04\EXPL_BacktrackThroughDark\LWVents\Ch04_EXPL_BacktrackThroughDark_Oksana_IfItConsolation_Sub.json,Most who come here have some unfinished business with the past.,
Impact\Content\Maps\Chapters\Chapter04\EXPL_BacktrackThroughDark\LWVents\Ch04_EXPL_BacktrackThroughDark_Oksana_IfItConsolation_Sub.json,"That's all the supernatural really is, in a way.",
Impact\Content\Maps\Chapters\Chapter04\EXPL_BacktrackThroughDark\LWVents\Ch04_EXPL_BacktrackThroughDark_Oksana_ISorry_Sub.json,I'm sorry?,
Impact\Content\Maps\Chapters\Chapter04\EXPL_BacktrackThroughDark\LWVents\Ch04_EXPL_BacktrackThroughDark_Oksana_WereThoseThugs_Sub.json,Were those thugs suggesting whatever's attacking the station is supernatural?,
Impact\Content\Maps\Chapters\Chapter04\EXPL_BacktrackThroughDark\LWVents\Ch04_EXPL_BacktrackThroughDark_Scared_Slaver02_M13_BecauseItWas_Sub.json,Because it was a fucking corpse!,
Impact\Content\Maps\Chapters\Chapter04\EXPL_BacktrackThroughDark\LWVents\Ch04_EXPL_BacktrackThroughDark_Serdar_ThatIsQuite_Sub.json,That is quite literally the last thing I need right now.,
Impact\Content\Maps\Chapters\Chapter04\EXPL_BacktrackThroughDark\LWVents\Ch04_EXPL_BacktrackThroughDark_Serdar_YanaCameTo_Sub.json,Yana...,
Impact\Content\Maps\Chapters\Chapter04\EXPL_BacktrackThroughDark\LWVents\Ch04_EXPL_BacktrackThroughDark_Serdar_YanaCameTo_Sub.json,Yana came to Tretyakovskaya because she thinks her deceased son is calling for her.,
Impact\Content\Maps\Chapters\Chapter04\EXPL_BacktrackThroughDark\LWVents\Ch04_EXPL_BacktrackThroughDark_Serdar_YanaCameTo_Sub.json,She's never been able to let go.,
Impact\Content\Maps\Chapters\Chapter04\EXPL_BacktrackThroughDark\LWVents\Ch04_EXPL_BacktrackThroughDark_Slaver01_M03_ThatThingLike_Sub.json,That thing... it looked like a fucking corpse!,
Impact\Content\Maps\Chapters\Chapter04\EXPL_BacktrackThroughDark\LWVents\Ch04_EXPL_BacktrackThroughDark_Slaver02_NoJustWant_02_Sub.json,"No, no, they just want the slaves...",
Impact\Content\Maps\Chapters\Chapter04\EXPL_BacktrackThroughDark\LWVents\Ch04_EXPL_BacktrackThroughDark_Slaver02_NoJustWant_02_Sub.json,right?,
Impact\Content\Maps\Chapters\Chapter04\EXPL_BacktrackThroughDark\RadioVOIntro\Ch04_EXPL_BacktrackThroughDark_Oksana_Oksana_Sub.json,-- Oksana --,
Impact\Content\Maps\Chapters\Chapter04\EXPL_BacktrackThroughDark\RadioVOIntro\Ch04_EXPL_BacktrackThroughDark_Oksana_OkSecurityGate_Sub.json,"From Security, the camp's main gate is on the other side of the station.",
Impact\Content\Maps\Chapters\Chapter04\EXPL_BacktrackThroughDark\RadioVOIntro\Ch04_EXPL_BacktrackThroughDark_Oksana_OkSecurityGate_Sub.json,But the slavers seem to be pulling back to the platforms,
Impact\Content\Maps\Chapters\Chapter04\EXPL_BacktrackThroughDark\RadioVOIntro\Ch04_EXPL_BacktrackThroughDark_Oksana_OkSecurityGate_Sub.json,so you may want to look for a more discreet way across.,
Impact\Content\Maps\Chapters\Chapter04\EXPL_BacktrackThroughDark\RadioVOIntro\Ch04_EXPL_BacktrackThroughDark_Oksana_SomeoneJustSaid_Sub.json,Someone just said it's across the whole station.,
Impact\Content\Maps\Chapters\Chapter04\EXPL_BacktrackThroughDark\RadioVOIntro\Ch04_EXPL_BacktrackThroughDark_Oksana_TheStationAttack_Sub.json,The station's under attack!,
Impact\Content\Maps\Chapters\Chapter04\EXPL_BacktrackThroughDark\RadioVOIntro\Ch04_EXPL_BacktrackThroughDark_Oksana_ThoseMenTalking_Sub.json,They were talking before about loading merchandise out by the train depot.,
Impact\Content\Maps\Chapters\Chapter04\EXPL_BacktrackThroughDark\RadioVOIntro\Ch04_EXPL_BacktrackThroughDark_Oksana_ThoseMenTalking_Sub.json,I know the tunnels here well; I could guide you.,
Impact\Content\Maps\Chapters\Chapter04\EXPL_BacktrackThroughDark\RadioVOIntro\Ch04_EXPL_BacktrackThroughDark_Serdar_AllThePower_Sub.json,All the power in the security office just went out.,
Impact\Content\Maps\Chapters\Chapter04\EXPL_BacktrackThroughDark\RadioVOIntro\Ch04_EXPL_BacktrackThroughDark_Serdar_ListenForName_Sub.json,"Listen, umm--",
Impact\Content\Maps\Chapters\Chapter04\EXPL_BacktrackThroughDark\RadioVOIntro\Ch04_EXPL_BacktrackThroughDark_Serdar_OksanaMustFind_Sub.json,-- Oksana.,
Impact\Content\Maps\Chapters\Chapter04\EXPL_BacktrackThroughDark\RadioVOIntro\Ch04_EXPL_BacktrackThroughDark_Serdar_OksanaMustFind_Sub.json,I must find my wife.,
Impact\Content\Maps\Chapters\Chapter04\EXPL_BacktrackThroughDark\RadioVOIntro\Ch04_EXPL_BacktrackThroughDark_Serdar_OksanaMustFind_Sub.json,She's ill. Do you have any idea where they might have taken her?,
Impact\Content\Maps\Chapters\Chapter04\EXPL_BacktrackThroughDark\RadioVOIntro\Ch04_EXPL_BacktrackThroughDark_Slaver_1_Hey_Sub.json,Hey!!!,
Impact\Content\Maps\Chapters\Chapter04\EXPL_BacktrackThroughDark\RadioVOIntro\Ch04_EXPL_BacktrackThroughDark_Slaver_2_WhoTrippedThe_Sub.json,Who tripped the generator?!,
Impact\Content\Maps\Chapters\Chapter04\EXPL_BacktrackThroughDark\RadioVOIntro\Ch04_EXPL_BacktrackThroughDark_Slaver_3_PavelCheckOn_Sub.json,"Pavel, go check on the transports!",
Impact\Content\Maps\Chapters\Chapter04\EXPL_BacktrackThroughDark\RadioVOIntro\Ch04_EXPL_BacktrackThroughDark_Slaver_4_WhatTheShit_Sub.json,What the shit?!?,
Impact\Content\Maps\Chapters\Chapter04\EXPL_BacktrackThroughDark\RadioVOIntro\Ch04_EXPL_BacktrackThroughDark_Slaver_5_SomebodyHitThe_Sub.json,Somebody hit the goddamn backup generator!!,
Impact\Content\Maps\Chapters\Chapter04\EXPL_BacktrackThroughDark\RadioVOMainHall\Ch04_EXPL_BacktrackThroughDark_Oksana_INotSure_Sub.json,"I... I'm not sure, if I'm honest...",
Impact\Content\Maps\Chapters\Chapter04\EXPL_BacktrackThroughDark\RadioVOMainHall\Ch04_EXPL_BacktrackThroughDark_Oksana_INotSure_Sub.json,It's all a bit jumbled...,
Impact\Content\Maps\Chapters\Chapter04\EXPL_BacktrackThroughDark\RadioVOMainHall\Ch04_EXPL_BacktrackThroughDark_Oksana_NoHaveTo_Sub.json,No! You have to find Alex and Yana--,
Impact\Content\Maps\Chapters\Chapter04\EXPL_BacktrackThroughDark\RadioVOMainHall\Ch04_EXPL_BacktrackThroughDark_Oksana_Reception_Sub.json,Reception?,
Impact\Content\Maps\Chapters\Chapter04\EXPL_BacktrackThroughDark\RadioVOMainHall\Ch04_EXPL_BacktrackThroughDark_Oksana_WhereAmI_Sub.json,Where am I?,
Impact\Content\Maps\Chapters\Chapter04\EXPL_BacktrackThroughDark\RadioVOMainHall\Ch04_EXPL_BacktrackThroughDark_Oksana_WhereverThisIs_Sub.json,"Wherever this is, it's close enough to listen in on those people...",
Impact\Content\Maps\Chapters\Chapter04\EXPL_BacktrackThroughDark\RadioVOMainHall\Ch04_EXPL_BacktrackThroughDark_Serdar_ButAboutYou_Sub.json,But what about you?,
Impact\Content\Maps\Chapters\Chapter04\EXPL_BacktrackThroughDark\RadioVOMainHall\Ch04_EXPL_BacktrackThroughDark_Serdar_IfYouDidn_Sub.json,"If you didn't leave Tretyakovskaya for help, are you trapped here inside the camp??",
Impact\Content\Maps\Chapters\Chapter04\EXPL_BacktrackThroughDark\RadioVOMainHall\Ch04_EXPL_BacktrackThroughDark_Serdar_IfYouDidn_Sub.json,And where did you come across a radio?,
Impact\Content\Maps\Chapters\Chapter04\EXPL_BacktrackThroughDark\RadioVOMainHall\Ch04_EXPL_BacktrackThroughDark_Serdar_IfYouDidn_Sub.json,The slavers don't carry them.,
Impact\Content\Maps\Chapters\Chapter04\EXPL_BacktrackThroughDark\RadioVOMainHall\Ch04_EXPL_BacktrackThroughDark_Serdar_IfYouIn_Sub.json,"If you're here in the station, I can't just leave you.",
Impact\Content\Maps\Chapters\Chapter04\EXPL_BacktrackThroughDark\RadioVOMainHall\Ch04_EXPL_BacktrackThroughDark_Serdar_IfYouInsist_Sub.json,If you insist...,
Impact\Content\Maps\Chapters\Chapter04\EXPL_BacktrackThroughDark\RadioVOMainHall\Ch04_EXPL_BacktrackThroughDark_Serdar_ItOddI_Sub.json,It's odd I haven't heard from Max.,
Impact\Content\Maps\Chapters\Chapter04\EXPL_BacktrackThroughDark\RadioVOMainHall\Ch04_EXPL_BacktrackThroughDark_Serdar_ItOddI_Sub.json,We've had problems with reception before but never for this long.,
Impact\Content\Maps\Chapters\Chapter04\EXPL_BacktrackThroughDark\RadioVOMainHall\Ch04_EXPL_BacktrackThroughDark_Serdar_WithTheRadios_Sub.json,"With the radios. Wait, Oksana, where are you now?",
Impact\Content\Maps\Chapters\Chapter04\EXPL_BacktrackThroughDark\RadioVOMainHallArmory\Ch04_EXPL_BacktrackThroughDark_Oksana_ButSoEasy_Sub.json,"But ""doctor"" was so easy to remember...",
Impact\Content\Maps\Chapters\Chapter04\EXPL_BacktrackThroughDark\RadioVOMainHallArmory\Ch04_EXPL_BacktrackThroughDark_Oksana_WhoeverInCharge_Sub.json,Whoever's in charge is pulling everyone to the other platform to defend the gate.,
Impact\Content\Maps\Chapters\Chapter04\EXPL_BacktrackThroughDark\RadioVOMainHallArmory\Ch04_EXPL_BacktrackThroughDark_Oksana_WhoeverInCharge_Sub.json,"If you need a moment to collect yourself, doctor, now's the time.",
Impact\Content\Maps\Chapters\Chapter04\EXPL_BacktrackThroughDark\RadioVOMainHallArmory\Ch04_EXPL_BacktrackThroughDark_Serdar_IShouldStock_Sub.json,"I should stock up on supplies, then.",
Impact\Content\Maps\Chapters\Chapter04\EXPL_BacktrackThroughDark\RadioVOMainHallArmory\Ch04_EXPL_BacktrackThroughDark_Serdar_IShouldStock_Sub.json,"And it's Serdar, by the way.",
Impact\Content\Maps\Chapters\Chapter04\EXPL_BacktrackThroughDark\RadioVOMainHallArmory\Ch04_EXPL_BacktrackThroughDark_Serdar_IShouldStock_Sub.json,I think we're past the formalities.,
Impact\Content\Maps\Chapters\Chapter04\EXPL_BacktrackThroughDark\RadioVOTunnel\Ch04_EXPL_BacktrackThroughDark_Oksana_ItTakesA_Sub.json,It takes a great deal to separate us.,
Impact\Content\Maps\Chapters\Chapter04\EXPL_BacktrackThroughDark\RadioVOTunnel\Ch04_EXPL_BacktrackThroughDark_Oksana_ItTakesA_Sub.json,You?,
Impact\Content\Maps\Chapters\Chapter04\EXPL_BacktrackThroughDark\RadioVOTunnel\Ch04_EXPL_BacktrackThroughDark_Oksana_VentilationAndPlumbing_Sub.json,Ventilation and plumbing systems.,
Impact\Content\Maps\Chapters\Chapter04\EXPL_BacktrackThroughDark\RadioVOTunnel\Ch04_EXPL_BacktrackThroughDark_Oksana_VentilationAndPlumbing_Sub.json,Alex actually broke in there once when we were kids.,
Impact\Content\Maps\Chapters\Chapter04\EXPL_BacktrackThroughDark\RadioVOTunnel\Ch04_EXPL_BacktrackThroughDark_Serdar_OksanaLockedDoor_Sub.json,"Oksana, the locked door in the tunnels.",
Impact\Content\Maps\Chapters\Chapter04\EXPL_BacktrackThroughDark\RadioVOTunnel\Ch04_EXPL_BacktrackThroughDark_Serdar_OksanaLockedDoor_Sub.json,Do you know where it leads?,
Impact\Content\Maps\Chapters\Chapter04\EXPL_BacktrackThroughDark\RadioVOTunnel\Ch04_EXPL_BacktrackThroughDark_Serdar_YanaAndI_Sub.json,Yana and I have not had your luck.,
Impact\Content\Maps\Chapters\Chapter04\EXPL_BacktrackThroughDark\RadioVOTunnel\Ch04_EXPL_BacktrackThroughDark_Serdar_YouBeenTogether_Sub.json,You've been together a long time.,
Impact\Content\Maps\Chapters\Chapter04\EXPL_RetrieveGear\FirstContact\Ch04_EXPL_RetrieveGear_Oksana_AnybodyCourseNot_Sub.json,Anybody??,
Impact\Content\Maps\Chapters\Chapter04\EXPL_RetrieveGear\FirstContact\Ch04_EXPL_RetrieveGear_Oksana_IDonMax_Sub.json,I don't know Max.,
Impact\Content\Maps\Chapters\Chapter04\EXPL_RetrieveGear\FirstContact\Ch04_EXPL_RetrieveGear_Oksana_IDonMax_Sub.json,My name's Oksana.,
Impact\Content\Maps\Chapters\Chapter04\EXPL_RetrieveGear\FirstContact\Ch04_EXPL_RetrieveGear_Oksana_IDonMax_Sub.json,But I think my husband Alex and I may have been attacked by the same people!,
Impact\Content\Maps\Chapters\Chapter04\EXPL_RetrieveGear\FirstContact\Ch04_EXPL_RetrieveGear_Oksana_IfYouNever_Sub.json,"If you never learned how to speak, feel free to clap your hands or something.",
Impact\Content\Maps\Chapters\Chapter04\EXPL_RetrieveGear\FirstContact\Ch04_EXPL_RetrieveGear_Oksana_ISorryTalking_Sub.json,"...I'm sorry, are you talking to me?",
Impact\Content\Maps\Chapters\Chapter04\EXPL_RetrieveGear\FirstContact\Ch04_EXPL_RetrieveGear_Oksana_NearTheMemorial_Sub.json,Near the memorial!,
Impact\Content\Maps\Chapters\Chapter04\EXPL_RetrieveGear\FirstContact\Ch04_EXPL_RetrieveGear_Oksana_NearTheMemorial_Sub.json,I've been trying to find him ever since.,
Impact\Content\Maps\Chapters\Chapter04\EXPL_RetrieveGear\FirstContact\Ch04_EXPL_RetrieveGear_Serdar_AlrightGrabYour_Sub.json,"Alright, doctor - now grab your bag and call Max...",
Impact\Content\Maps\Chapters\Chapter04\EXPL_RetrieveGear\FirstContact\Ch04_EXPL_RetrieveGear_Serdar_ThisIsDr_Sub.json,"This is Dr. Iskanderov, I need Max!",
Impact\Content\Maps\Chapters\Chapter04\EXPL_RetrieveGear\FirstContact\Ch04_EXPL_RetrieveGear_Serdar_ThisIsDr_Sub.json,My wife and I have been captured by slave merchants operating out of Tretyakovskaya.,
Impact\Content\Maps\Chapters\Chapter04\EXPL_RetrieveGear\FirstContact\Ch04_EXPL_RetrieveGear_Serdar_ThisIsDr_Sub.json,We need help immediately!,
Impact\Content\Maps\Chapters\Chapter04\EXPL_RetrieveGear\FirstContact\Ch04_EXPL_RetrieveGear_Serdar_ThisIsDr_Sub.json,Hello???,
Impact\Content\Maps\Chapters\Chapter04\EXPL_RetrieveGear\FirstContact\Ch04_EXPL_RetrieveGear_Serdar_YesMax_Sub.json,Yes. Where's Max?,
Impact\Content\Maps\Chapters\Chapter04\EXPL_RetrieveGear\MissingProduct\CH04_EXPL_RetrieveGear_Slaver01_Comforting_Sub.json,"God, not again with that whiny shit!",
Impact\Content\Maps\Chapters\Chapter04\EXPL_RetrieveGear\MissingProduct\CH04_EXPL_RetrieveGear_Slaver01_Comforting_Sub.json,Even a leaky station is better than that pit Pavel wants to drag us off to -,
Impact\Content\Maps\Chapters\Chapter04\EXPL_RetrieveGear\MissingProduct\CH04_EXPL_RetrieveGear_Slaver01_Comforting_Sub.json,for no good fucking reason!,
Impact\Content\Maps\Chapters\Chapter04\EXPL_RetrieveGear\MissingProduct\CH04_EXPL_RetrieveGear_Slaver01_ConversationStarter_Sub.json,This is bullshit.,
Impact\Content\Maps\Chapters\Chapter04\EXPL_RetrieveGear\MissingProduct\CH04_EXPL_RetrieveGear_Slaver01_ConversationStarter_Sub.json,So a couple of shipments went missing.,
Impact\Content\Maps\Chapters\Chapter04\EXPL_RetrieveGear\MissingProduct\CH04_EXPL_RetrieveGear_Slaver01_ConversationStarter_Sub.json,On what planet does that mean we have to move,
Impact\Content\Maps\Chapters\Chapter04\EXPL_RetrieveGear\MissingProduct\CH04_EXPL_RetrieveGear_Slaver01_ConversationStarter_Sub.json,our entire fucking operation overnight?!?,
Impact\Content\Maps\Chapters\Chapter04\EXPL_RetrieveGear\MissingProduct\CH04_EXPL_RetrieveGear_Slaver01_Sale_Sub.json,"'Thin air', my ass.",
Impact\Content\Maps\Chapters\Chapter04\EXPL_RetrieveGear\MissingProduct\CH04_EXPL_RetrieveGear_Slaver01_Sale_Sub.json,Bor and Vadia were always talking about spinning off on their own.,
Impact\Content\Maps\Chapters\Chapter04\EXPL_RetrieveGear\MissingProduct\CH04_EXPL_RetrieveGear_Slaver01_Sale_Sub.json,They didn't go missing; they went into business.,
Impact\Content\Maps\Chapters\Chapter04\EXPL_RetrieveGear\MissingProduct\CH04_EXPL_RetrieveGear_Slaver02_Hope_Sub.json,"You call a month's worth of product disappearing into thin air, 'no good reason'?",
Impact\Content\Maps\Chapters\Chapter04\EXPL_RetrieveGear\MissingProduct\CH04_EXPL_RetrieveGear_Slaver02_MissingProduct_Sub.json,"I say the sooner we're out of here, the better.",
Impact\Content\Maps\Chapters\Chapter04\EXPL_RetrieveGear\MissingProduct\CH04_EXPL_RetrieveGear_Slaver02_MissingProduct_Sub.json,I'm tired of every goddamn thing I own being soaking wet all the time.,
Impact\Content\Maps\Chapters\Chapter04\EXPL_RetrieveGear\MissingProduct\CH04_EXPL_RetrieveGear_Slaver03_ConversationClosure_Sub.json,Soooo... if tomorrow we find that Pavel's new spot isn't all he's saying...,
Impact\Content\Maps\Chapters\Chapter04\EXPL_RetrieveGear\MissingProduct\CH04_EXPL_RetrieveGear_Slaver03_ConversationClosure_Sub.json,maybe Vadia's hiring?,
Impact\Content\Maps\Chapters\Chapter04\EXPL_RetrieveGear\OksanaIntro\Ch04_EXPL_RetrieveGear_Oksana_HelloLookingFor_Sub.json,Hello??,
Impact\Content\Maps\Chapters\Chapter04\EXPL_RetrieveGear\OksanaIntro\Ch04_EXPL_RetrieveGear_Oksana_HelloLookingFor_Sub.json,I'm looking for my husband.,
Impact\Content\Maps\Chapters\Chapter04\EXPL_RetrieveGear\OksanaIntro\Ch04_EXPL_RetrieveGear_Oksana_HelloLookingFor_Sub.json,We got separated and he's not answering when I call for him.,
Impact\Content\Maps\Chapters\Chapter04\EXPL_RetrieveGear\OksanaIntro\Ch04_EXPL_RetrieveGear_Oksana_HelloLookingFor_Sub.json,"And if you ARE my husband and not answering when I call for you,",
Impact\Content\Maps\Chapters\Chapter04\EXPL_RetrieveGear\OksanaIntro\Ch04_EXPL_RetrieveGear_Oksana_HelloLookingFor_Sub.json,"you better be digging up diamonds or something,",
Impact\Content\Maps\Chapters\Chapter04\EXPL_RetrieveGear\OksanaIntro\Ch04_EXPL_RetrieveGear_Oksana_HelloLookingFor_Sub.json,because you don't get to make me worry like this for nothing.,
Impact\Content\Maps\Chapters\Chapter04\EXPL_RetrieveGear\OksanaIntro\Ch04_EXPL_RetrieveGear_Oksana_ThisIsGoing_Sub.json,This is going nowhere...,
Impact\Content\Maps\Chapters\Chapter04\EXPL_RetrieveGear\OksanaIntro\Ch04_EXPL_RetrieveGear_Oksana_WithAllThat_Sub.json,"With all that talking, I know there's somebody there...",
Impact\Content\Maps\Chapters\Chapter04\EXPL_RetrieveGear\OksanaIntro\Ch04_EXPL_RetrieveGear_Oksana_WithAllThat_Sub.json,does anyone hear me or are you just ignoring me?,
Impact\Content\Maps\Chapters\Chapter04\EXPL_RetrieveGear\OksanaIntro\Ch04_EXPL_RetrieveGear_Serdar_IsThatA_Sub.json,Is that a radio?,
Impact\Content\Maps\Chapters\Chapter04\EXPL_RetrieveGear\SecurityGuard\Ch04_EXPL_RetrieveGear_Serdar_IHaveCircle_Sub.json,I'll have circle around and find those stairs on the other side.,
Impact\Content\Maps\Chapters\Chapter04\EXPL_RetrieveGear\SecurityGuard\Ch04_EXPL_RetrieveGear_Serdar_IHaveCircle_Sub.json,Oh how I long for the days when the Metro had maps...,
Impact\Content\Maps\Chapters\Chapter04\EXPL_RetrieveGear\SecurityGuard\Ch04_EXPL_RetrieveGear_Serdar_Locked_Sub.json,Locked. Naturally...,
Impact\Content\Maps\Chapters\Chapter04\EXPL_RetrieveGear\SecurityGuard\Ch04_EXPL_RetrieveGear_Serdar_ThatDoorLeads_Sub.json,"That door leads to a stairwell, by the looks of it...",
Impact\Content\Maps\Chapters\Chapter04\EXPL_RetrieveGear\SecurityGuard\Ch04_EXPL_RetrieveGear_Serdar_ThereTheBackpack_Sub.json,There's the backpack.,
Impact\Content\Maps\Chapters\Chapter04\KNE_YanaEscapes\LevelSequenceL2\Ch04_KNE_YanaEscapes_OldMan_FullScene_01_Sub.json,"No no no no, not the kids!",
Impact\Content\Maps\Chapters\Chapter04\KNE_YanaEscapes\LevelSequenceL2\Ch04_KNE_YanaEscapes_OldMan_FullScene_01_Sub.json,"There's too many toys and ATOMS here to, to get hurt by!",
Impact\Content\Maps\Chapters\Chapter04\KNE_YanaEscapes\LevelSequenceL2\Ch04_KNE_YanaEscapes_OldMan_FullScene_01_Sub.json,"Off you go, off you go.",
Impact\Content\Maps\Chapters\Chapter04\KNE_YanaEscapes\LevelSequenceL2\Ch04_KNE_YanaEscapes_OldMan_FullScene_02_Sub.json,YES!!! THE KIDS HAVE GONE TO SEE THE WORM!!!,
Impact\Content\Maps\Chapters\Chapter04\KNE_YanaEscapes\LevelSequenceL2\Ch04_KNE_YanaEscapes_OldMan_FullScene_02_Sub.json,"The worm, the worm, the worm...",
Impact\Content\Maps\Chapters\Chapter04\KNE_YanaEscapes\LevelSequenceL2\Ch04_KNE_YanaEscapes_OldMan_FullScene_02_Sub.json,"He thinks that the worm isn’t real, but ooooh he is!",
Impact\Content\Maps\Chapters\Chapter04\KNE_YanaEscapes\LevelSequenceL2\Ch04_KNE_YanaEscapes_OldMan_FullScene_02_Sub.json,He thinks he invented the worm but the worm has always been!,
Impact\Content\Maps\Chapters\Chapter04\KNE_YanaEscapes\LevelSequenceL2\Ch04_KNE_YanaEscapes_OldMan_FullScene_02_Sub.json,The worm will feed on the angry souls...,
Impact\Content\Maps\Chapters\Chapter04\KNE_YanaEscapes\LevelSequenceL2\Ch04_KNE_YanaEscapes_OldMan_FullScene_02_Sub.json,"He just gave him the name, that’s what he did!",
Impact\Content\Maps\Chapters\Chapter04\KNE_YanaEscapes\LevelSequenceL2\Ch04_KNE_YanaEscapes_OldMan_FullScene_02_Sub.json,And it will grow strong enough to suck the souls of the living!,
Impact\Content\Maps\Chapters\Chapter04\KNE_YanaEscapes\LevelSequenceL2\Ch04_KNE_YanaEscapes_OldMan_FullScene_02_Sub.json,Oh poor little rabbits...,
Impact\Content\Maps\Chapters\Chapter04\KNE_YanaEscapes\LevelSequenceL2\Ch04_KNE_YanaEscapes_OldMan_FullScene_02_Sub.json,"Oh, you cry now, but soon they will feed him...",
Impact\Content\Maps\Chapters\Chapter04\KNE_YanaEscapes\LevelSequenceL2\Ch04_KNE_YanaEscapes_OldMan_FullScene_02_Sub.json,"We will forget, we all forget.",
Impact\Content\Maps\Chapters\Chapter04\KNE_YanaEscapes\LevelSequenceL2\Ch04_KNE_YanaEscapes_OldMan_FullScene_02_Sub.json,"We will never forget him, but soon, soon, death always wins...",
Impact\Content\Maps\Chapters\Chapter04\KNE_YanaEscapes\LevelSequenceL2\Ch04_KNE_YanaEscapes_Serdar_IHitMy_Sub.json,I... I hit my head.,
Impact\Content\Maps\Chapters\Chapter04\KNE_YanaEscapes\LevelSequenceL2\Ch04_KNE_YanaEscapes_Serdar_IHitMy_Sub.json,"Or, someone hit my head, more like.",
Impact\Content\Maps\Chapters\Chapter04\KNE_YanaEscapes\LevelSequenceL2\Ch04_KNE_YanaEscapes_Serdar_ThatLikeA_Sub.json,...that...sounds like a fascinating conversation for another time.,
Impact\Content\Maps\Chapters\Chapter04\KNE_YanaEscapes\LevelSequenceL2\Ch04_KNE_YanaEscapes_Serdar_ThatLikeA_Sub.json,Preferably AFTER we're safely back in Akademicheskaya.,
Impact\Content\Maps\Chapters\Chapter04\KNE_YanaEscapes\LevelSequenceL2\Ch04_KNE_YanaEscapes_Serdar_TheyOnlyHire_Sub.json,"They only hire the best and brightest, I see.",
Impact\Content\Maps\Chapters\Chapter04\KNE_YanaEscapes\LevelSequenceL2\Ch04_KNE_YanaEscapes_Serdar_YanaAreWe_Sub.json,Yana? What-- where are we?,
Impact\Content\Maps\Chapters\Chapter04\KNE_YanaEscapes\LevelSequenceL2\Ch04_KNE_YanaEscapes_Serdar_YanaMyGod_Sub.json,"Yana! Oh my God, Yana!",
Impact\Content\Maps\Chapters\Chapter04\KNE_YanaEscapes\LevelSequenceL2\Ch04_KNE_YanaEscapes_Serdar_YanaMyGod_Sub.json,Can you even hear yourself?!,
Impact\Content\Maps\Chapters\Chapter04\KNE_YanaEscapes\LevelSequenceL2\Ch04_KNE_YanaEscapes_Serdar_YanaMyGod_Sub.json,You sound as crazy as that old idiot!,
Impact\Content\Maps\Chapters\Chapter04\KNE_YanaEscapes\LevelSequenceL2\Ch04_KNE_YanaEscapes_Serdar_YanaMyGod_Sub.json,Look where it got you! Where it got us!,
Impact\Content\Maps\Chapters\Chapter04\KNE_YanaEscapes\LevelSequenceL2\Ch04_KNE_YanaEscapes_Serdar_YanaMyGod_Sub.json,And for what? For nothing!,
Impact\Content\Maps\Chapters\Chapter04\KNE_YanaEscapes\LevelSequenceL2\Ch04_KNE_YanaEscapes_Serdar_YanaMyGod_Sub.json,For nothing! For your delusions!,
Impact\Content\Maps\Chapters\Chapter04\KNE_YanaEscapes\LevelSequenceL2\Ch04_KNE_YanaEscapes_Serdar_YanaMyGod_Sub.json,Why?! Was it so difficult to keep taking these fucking pills?!,
Impact\Content\Maps\Chapters\Chapter04\KNE_YanaEscapes\LevelSequenceL2\Ch04_KNE_YanaEscapes_Serdar_YanaMyGod_Sub.json,None of this would’ve happened!,
Impact\Content\Maps\Chapters\Chapter04\KNE_YanaEscapes\LevelSequenceL2\Ch04_KNE_YanaEscapes_Serdar_YanaMyGod_Sub.json,Fuck! None of this is real!,
Impact\Content\Maps\Chapters\Chapter04\KNE_YanaEscapes\LevelSequenceL2\Ch04_KNE_YanaEscapes_Serdar_YanaMyGod_Sub.json,"I don’t know about the other kids, but your son is dead!",
Impact\Content\Maps\Chapters\Chapter04\KNE_YanaEscapes\LevelSequenceL2\Ch04_KNE_YanaEscapes_Serdar_YanaMyGod_Sub.json,He! Is! Dead!,
Impact\Content\Maps\Chapters\Chapter04\KNE_YanaEscapes\LevelSequenceL2\Ch04_KNE_YanaEscapes_Serdar_YanaMyGod_Sub.json,"Oh damn, how tired I am!",
Impact\Content\Maps\Chapters\Chapter04\KNE_YanaEscapes\LevelSequenceL2\Ch04_KNE_YanaEscapes_Serdar_YanaThisIs_Sub.json,"Yana, please! If this is about Petya again--",
Impact\Content\Maps\Chapters\Chapter04\KNE_YanaEscapes\LevelSequenceL2\Ch04_KNE_YanaEscapes_Serdar_YanaWillFind_Sub.json,Yana! I will find you!,
Impact\Content\Maps\Chapters\Chapter04\KNE_YanaEscapes\LevelSequenceL2\Ch04_KNE_YanaEscapes_Slaver1_AndThatNeverGetsOldToYou_Sub.json,And that never gets old to you??,
Impact\Content\Maps\Chapters\Chapter04\KNE_YanaEscapes\LevelSequenceL2\Ch04_KNE_YanaEscapes_Slaver1_BigBoyHere_Sub.json,Big boy here's gonna need a leash,
Impact\Content\Maps\Chapters\Chapter04\KNE_YanaEscapes\LevelSequenceL2\Ch04_KNE_YanaEscapes_Slaver1_EverybodyBackOfTheCages_Sub.json,"Everybody, back of the cages!",
Impact\Content\Maps\Chapters\Chapter04\KNE_YanaEscapes\LevelSequenceL2\Ch04_KNE_YanaEscapes_Slaver1_HeyDropTheHeroBit_Sub.json,"Hey! Drop the hero bit and don't be a dick, OK?",
Impact\Content\Maps\Chapters\Chapter04\KNE_YanaEscapes\LevelSequenceL2\Ch04_KNE_YanaEscapes_Slaver1_TheGirlAndTheOldGuy_Sub.json,The girl and old guy first!,
Impact\Content\Maps\Chapters\Chapter04\KNE_YanaEscapes\LevelSequenceL2\Ch04_KNE_YanaEscapes_Slaver2_KeepMoving_Sub.json,Keep moving!,
Impact\Content\Maps\Chapters\Chapter04\KNE_YanaEscapes\LevelSequenceL2\Ch04_KNE_YanaEscapes_Slaver2_LadiesAndGentlemen_Sub.json,"Ladies and gentlemen, we hope your stay with us has been a comfortable one,",
Impact\Content\Maps\Chapters\Chapter04\KNE_YanaEscapes\LevelSequenceL2\Ch04_KNE_YanaEscapes_Slaver2_LadiesAndGentlemen_Sub.json,but unfortunately we will be needing the room for other guests.,
Impact\Content\Maps\Chapters\Chapter04\KNE_YanaEscapes\LevelSequenceL2\Ch04_KNE_YanaEscapes_Slaver2_NuhUh_Sub.json,Nuh-uh! Move it!,
Impact\Content\Maps\Chapters\Chapter04\KNE_YanaEscapes\LevelSequenceL2\Ch04_KNE_YanaEscapes_Slaver2_ShutTheFuckUp_Sub.json,Shut the fuck up already!,
Impact\Content\Maps\Chapters\Chapter04\KNE_YanaEscapes\LevelSequenceL2\Ch04_KNE_YanaEscapes_Slaver2_WhereDidI_Sub.json,Where did I... Ah fuck it.,
Impact\Content\Maps\Chapters\Chapter04\KNE_YanaEscapes\LevelSequenceL2\Ch04_KNE_YanaEscapes_Yana_FullScene_Sub.json,"Oh God, you gave me a heart attack!",
Impact\Content\Maps\Chapters\Chapter04\KNE_YanaEscapes\LevelSequenceL2\Ch04_KNE_YanaEscapes_Yana_FullScene_Sub.json,Are you OK?!? You just kept staring.,
Impact\Content\Maps\Chapters\Chapter04\KNE_YanaEscapes\LevelSequenceL2\Ch04_KNE_YanaEscapes_Yana_FullScene_Sub.json,Some scum decided the memorial would make an excellent mousetrap for a slave ring.,
Impact\Content\Maps\Chapters\Chapter04\KNE_YanaEscapes\LevelSequenceL2\Ch04_KNE_YanaEscapes_Yana_FullScene_Sub.json,Preying on other people's grief...,
Impact\Content\Maps\Chapters\Chapter04\KNE_YanaEscapes\LevelSequenceL2\Ch04_KNE_YanaEscapes_Yana_FullScene_Sub.json,Like they're not afraid that the dead will take revenge on them,
Impact\Content\Maps\Chapters\Chapter04\KNE_YanaEscapes\LevelSequenceL2\Ch04_KNE_YanaEscapes_Yana_FullScene_Sub.json,for hurting their living...,
Impact\Content\Maps\Chapters\Chapter04\KNE_YanaEscapes\LevelSequenceL2\Ch04_KNE_YanaEscapes_Yana_FullScene_Sub.json,"No, he's right! I mean- he's cuckoo but he's right!",
Impact\Content\Maps\Chapters\Chapter04\KNE_YanaEscapes\LevelSequenceL2\Ch04_KNE_YanaEscapes_Yana_FullScene_Sub.json,"The guards were talking about the children, I heard them!",
Impact\Content\Maps\Chapters\Chapter04\KNE_YanaEscapes\LevelSequenceL2\Ch04_KNE_YanaEscapes_Yana_FullScene_Sub.json,"Serdar, I-- I can't leave.",
Impact\Content\Maps\Chapters\Chapter04\KNE_YanaEscapes\LevelSequenceL2\Ch04_KNE_YanaEscapes_Yana_FullScene_Sub.json,Stop! He is here.,
Impact\Content\Maps\Chapters\Chapter04\KNE_YanaEscapes\LevelSequenceL2\Ch04_KNE_YanaEscapes_Yana_FullScene_Sub.json,"I'm sorry if you don't like it but Petya is here,",
Impact\Content\Maps\Chapters\Chapter04\KNE_YanaEscapes\LevelSequenceL2\Ch04_KNE_YanaEscapes_Yana_FullScene_Sub.json,"and I followed his voice to the memorial, and --",
Impact\Content\Maps\Chapters\Chapter04\KNE_YanaEscapes\LevelSequenceL2\Ch04_KNE_YanaEscapes_Yana_FullScene_Sub.json,"yes, roughly translated-- what this man says IS TRUE!",
Impact\Content\Maps\Chapters\Chapter04\KNE_YanaEscapes\LevelSequenceL2\Ch04_KNE_YanaEscapes_Yana_FullScene_Sub.json,Those slaver scumbags are freaking out,
Impact\Content\Maps\Chapters\Chapter04\KNE_YanaEscapes\LevelSequenceL2\Ch04_KNE_YanaEscapes_Yana_FullScene_Sub.json,because all the kids around here keep going missing!,
Impact\Content\Maps\Chapters\Chapter04\KNE_YanaEscapes\LevelSequenceL2\Ch04_KNE_YanaEscapes_Yana_FullScene_Sub.json,"You see, he knows...",
Impact\Content\Maps\Chapters\Chapter04\KNE_YanaEscapes\LevelSequenceL2\Ch04_KNE_YanaEscapes_Yana_FullScene_Sub.json,No!! They took your things that way-,
Impact\Content\Maps\Chapters\Chapter04\KNE_YanaEscapes\LevelSequenceL2\Ch04_KNE_YanaEscapes_Yana_FullScene_Sub.json,Call Max! Have him send help--!,
Impact\Content\Maps\Chapters\Chapter04\KNE_YanaEscapes\LevelSequenceL2\Ch04_KNE_YanaEscapes_Yana_FullScene_Sub.json,I'm sorry!,
Impact\Content\Maps\Chapters\Chapter04\KNE_YanaEscapes\LevelSequenceL2\Ch04_KNE_YanaEscapes_Yana_SerdarReminder1_Sub.json,Serdar what’s wrong with you?,
Impact\Content\Maps\Chapters\Chapter04\KNE_YanaEscapes\LevelSequenceL2\Ch04_KNE_YanaEscapes_Yana_SerdarReminder2_Sub.json,What are you doing?,
Impact\Content\Maps\Chapters\Chapter04\KNE_YanaEscapes\LevelSequenceL2\Ch04_KNE_YanaEscapes_Yana_SerdarReminder3_Sub.json,"Please, snap out of it Serdar!",
Impact\Content\Maps\Chapters\Chapter04\KNE_YanaEscapes\LevelSequenceL2\Ch04_KNE_YanaEscapes_Yana_SerdarReminder4_Sub.json,You're scaring me...,
Impact\Content\Maps\Chapters\Chapter04\KNE_YanaEscapes\LevelSequenceL2\Ch04_KNE_YanaEscapes_Yana_SerdarReminder5_Sub.json,"Serdar, please. Just look at me!",
Impact\Content\Maps\Chapters\Chapter04\TTR_EvadeSlavers3\FreedSlave\Ch04_TTR_EvadeSlavers3_Oksana_SerdarCanThere_Sub.json,"Serdar, you can't stay there!",
Impact\Content\Maps\Chapters\Chapter04\TTR_EvadeSlavers3\FreedSlave\Ch04_TTR_EvadeSlavers3_Oksana_SerdarCanThere_Sub.json,Go!,
Impact\Content\Maps\Chapters\Chapter04\TTR_EvadeSlavers3\FreedSlave\Ch04_TTR_EvadeSlavers3_Old_Man_IToldHer_Sub.json,I told her the worm only likes the kiddies!,
Impact\Content\Maps\Chapters\Chapter04\TTR_EvadeSlavers3\FreedSlave\Ch04_TTR_EvadeSlavers3_Old_Man_IToldHer_Sub.json,"But that woman, she never listens!",
Impact\Content\Maps\Chapters\Chapter04\TTR_EvadeSlavers3\FreedSlave\Ch04_TTR_EvadeSlavers3_Old_Man_TheWorm_Sub.json,"The worm, the worm, the worm, the worm...",
Impact\Content\Maps\Chapters\Chapter04\TTR_EvadeSlavers3\FreedSlave\Ch04_TTR_EvadeSlavers3_Old_Man_TheyGoingInto_Sub.json,"They're going into Hell's Mouth, to Hell's Mouth,",
Impact\Content\Maps\Chapters\Chapter04\TTR_EvadeSlavers3\FreedSlave\Ch04_TTR_EvadeSlavers3_Old_Man_TheyGoingInto_Sub.json,"to Hell's Mouth, to Hell's Mouth, to Hell's Mouth...",
Impact\Content\Maps\Chapters\Chapter04\TTR_EvadeSlavers3\FreedSlave\Ch04_TTR_EvadeSlavers3_Old_Man_TheyGoingInto_Sub.json,"They're going into Hell's Mouth, to Hell's Mouth,",
Impact\Content\Maps\Chapters\Chapter04\TTR_EvadeSlavers3\FreedSlave\Ch04_TTR_EvadeSlavers3_Old_Man_TheyGoingInto_Sub.json,"to Hell's Mouth, to Hell's Mouth, to Hell's Mouth...",
Impact\Content\Maps\Chapters\Chapter04\TTR_EvadeSlavers3\FreedSlave\Ch04_TTR_EvadeSlavers3_Old_Man_TheyGoingInto_Sub.json,"They're going into Hell's Mouth, to Hell's Mouth,",
Impact\Content\Maps\Chapters\Chapter04\TTR_EvadeSlavers3\FreedSlave\Ch04_TTR_EvadeSlavers3_Old_Man_TheyGoingInto_Sub.json,"to Hell's Mouth, to Hell's Mouth, to Hell's Mouth...",
Impact\Content\Maps\Chapters\Chapter04\TTR_EvadeSlavers3\FreedSlave\Ch04_TTR_EvadeSlavers3_Old_Man_TheyGoingInto_Sub.json,"They're going into Hell's Mouth, to Hell's Mouth,",
Impact\Content\Maps\Chapters\Chapter04\TTR_EvadeSlavers3\FreedSlave\Ch04_TTR_EvadeSlavers3_Old_Man_TheyGoingInto_Sub.json,"to Hell's Mouth, to Hell's Mouth, to Hell's Mouth...",
Impact\Content\Maps\Chapters\Chapter04\TTR_EvadeSlavers3\FreedSlave\Ch04_TTR_EvadeSlavers3_Old_Man_TheyGoingInto_Sub.json,"They're going into Hell's Mouth, to Hell's Mouth,",
Impact\Content\Maps\Chapters\Chapter04\TTR_EvadeSlavers3\FreedSlave\Ch04_TTR_EvadeSlavers3_Old_Man_TheyGoingInto_Sub.json,"to Hell's Mouth, to Hell's Mouth, to Hell's Mouth...",
Impact\Content\Maps\Chapters\Chapter04\TTR_EvadeSlavers3\FreedSlave\Ch04_TTR_EvadeSlavers3_Old_Man_TheyGoingInto_Sub.json,"They're going into Hell's Mouth, to Hell's Mouth,",
Impact\Content\Maps\Chapters\Chapter04\TTR_EvadeSlavers3\FreedSlave\Ch04_TTR_EvadeSlavers3_Old_Man_TheyGoingInto_Sub.json,"to Hell's Mouth, to Hell's Mouth, to Hell's Mouth...",
Impact\Content\Maps\Chapters\Chapter04\TTR_EvadeSlavers3\FreedSlave\Ch04_TTR_EvadeSlavers3_Old_Man_TheyGoingInto_Sub.json,"They're going into Hell's Mouth, to Hell's Mouth,",
Impact\Content\Maps\Chapters\Chapter04\TTR_EvadeSlavers3\FreedSlave\Ch04_TTR_EvadeSlavers3_Old_Man_TheyGoingInto_Sub.json,"to Hell's Mouth, to Hell's Mouth, to Hell's Mouth...",
Impact\Content\Maps\Chapters\Chapter04\TTR_EvadeSlavers3\FreedSlave\Ch04_TTR_EvadeSlavers3_Serdar_OksanaOutsideThe_Sub.json,"Oksana, I'm outside the compound.",
Impact\Content\Maps\Chapters\Chapter04\TTR_EvadeSlavers3\FreedSlave\Ch04_TTR_EvadeSlavers3_Serdar_OksanaOutsideThe_Sub.json,How far is the train yard?,
Impact\Content\Maps\Chapters\Chapter04\TTR_EvadeSlavers3\FreedSlave\Ch04_TTR_EvadeSlavers3_Serdar_WaitHellYana_Sub.json,Wait!! What's Hell's Mouth??!,
Impact\Content\Maps\Chapters\Chapter04\TTR_EvadeSlavers3\FreedSlave\Ch04_TTR_EvadeSlavers3_Serdar_WaitHellYana_Sub.json,Where did Yana go???,
Impact\Content\Maps\Chapters\Chapter04\TTR_EvadeSlavers3\FreedSlave\Ch04_TTR_EvadeSlavers3_Serdar_WaitYana_Sub.json,Wait! Where's Yana??,
Impact\Content\Maps\Chapters\Chapter04\TTR_EvadeSlavers3\LWAmmo\CH04_TTR_EvadeSlavers3_Heavy1_NoDima_Sub.json,"Yeah, well, get the lights back on and we'll talk.",
Impact\Content\Maps\Chapters\Chapter04\TTR_EvadeSlavers3\LWAmmo\CH04_TTR_EvadeSlavers3_Heavy1_NoDima_Sub.json,"Until then, you don't pay me enough to wander around out in the dark",
Impact\Content\Maps\Chapters\Chapter04\TTR_EvadeSlavers3\LWAmmo\CH04_TTR_EvadeSlavers3_Heavy1_NoDima_Sub.json,with my ass hanging out.,
Impact\Content\Maps\Chapters\Chapter04\TTR_EvadeSlavers3\LWAmmo\CH04_TTR_EvadeSlavers3_Heavy2_BogdanWhy_Sub.json,"Bogdan, what the fuck, man?",
Impact\Content\Maps\Chapters\Chapter04\TTR_EvadeSlavers3\LWAmmo\CH04_TTR_EvadeSlavers3_Heavy2_BogdanWhy_Sub.json,The whole station's on alert; you can't just hang out here doing fuck all!,
Impact\Content\Maps\Chapters\Chapter04\TTR_EvadeSlavers3\LWAmmo\CH04_TTR_EvadeSlavers3_Heavy2_ShtoZadknis_Sub.json,You live underground and are afraid of the dark.,
Impact\Content\Maps\Chapters\Chapter04\TTR_EvadeSlavers3\LWAmmo\CH04_TTR_EvadeSlavers3_Heavy2_ShtoZadknis_Sub.json,For real.,
Impact\Content\Maps\Chapters\Chapter04\TTR_EvadeSlavers3\LWGate\CH04_TTR_EvadeSlavers3_Heavy2_DoorShut_Sub.json,We can't wait any longer!,
Impact\Content\Maps\Chapters\Chapter04\TTR_EvadeSlavers3\LWGate\CH04_TTR_EvadeSlavers3_Heavy2_DoorShut_Sub.json,Shut the gate!,
Impact\Content\Maps\Chapters\Chapter04\TTR_EvadeSlavers3\LWIntro\CH04_TTR_EvadeSlavers3_Heavy1_LookLikeClassroom_Sub.json,Would you shut up about goddamn ghosts and goblins and shit?,
Impact\Content\Maps\Chapters\Chapter04\TTR_EvadeSlavers3\LWIntro\CH04_TTR_EvadeSlavers3_Heavy1_TakSloshai_Sub.json,"Listen up! Once those gates are sealed, whoever we've got is who we've got.",
Impact\Content\Maps\Chapters\Chapter04\TTR_EvadeSlavers3\LWIntro\CH04_TTR_EvadeSlavers3_Heavy1_TakSloshai_Sub.json,"We pool the weapons, and then fan out to secure the transports in teams.",
Impact\Content\Maps\Chapters\Chapter04\TTR_EvadeSlavers3\LWIntro\CH04_TTR_EvadeSlavers3_SlaverIntro_DdaSir_Sub.json,Fuck you! I've been saying the tunnels were haunted for weeks!,
Impact\Content\Maps\Chapters\Chapter04\TTR_EvadeSlavers3\LWIntro\CH04_TTR_EvadeSlavers3_SlaverIntro_DdaSir_Sub.json,Everyone has heard those voices.,
Impact\Content\Maps\Chapters\Chapter04\TTR_EvadeSlavers3\LWIntro\CH04_TTR_EvadeSlavers3_SlaverIntro_DdaSir_Sub.json,Even you!,
Impact\Content\Maps\Chapters\Chapter04\TTR_EvadeSlavers3\LWIntro\CH04_TTR_EvadeSlavers3_SlaverIntro_Shashlik_Sub.json,You know what? Have a séance with a unicorn for all I care.,
Impact\Content\Maps\Chapters\Chapter04\TTR_EvadeSlavers3\LWIntro\CH04_TTR_EvadeSlavers3_SlaverIntro_Shashlik_Sub.json,"Just leave your ammo cuz the rest of us have to go KILL those fuckers, OK???",
Impact\Content\Maps\Chapters\Chapter04\TTR_EvadeSlavers3\LWIntro\CH04_TTR_EvadeSlavers3_SlaverIntro_WhoAreWe_Sub.json,Are you nuts?,
Impact\Content\Maps\Chapters\Chapter04\TTR_EvadeSlavers3\LWIntro\CH04_TTR_EvadeSlavers3_SlaverIntro_WhoAreWe_Sub.json,You want to wage a counteroffensive against an army of fucking ghosts?!?,
Impact\Content\Maps\Chapters\Chapter04\TTR_EvadeSlavers3\LWMetro\CH04_TTR_EvadeSlavers3_Heavy1_DvaIdiota_Sub.json,Hey! You two idiots do realize we're under attack right??,
Impact\Content\Maps\Chapters\Chapter04\TTR_EvadeSlavers3\LWMetro\CH04_TTR_EvadeSlavers3_Heavy1_DvaIdiota_Sub.json,Enough with the chit chat already and do your fucking jobs!,
Impact\Content\Maps\Chapters\Chapter04\TTR_EvadeSlavers3\LWMetro\CH04_TTR_EvadeSlavers3_SlaverIntro_BringingInTheHeavies_Sub.json,"I've seen people devoured by mutants, other crazy shit...",
Impact\Content\Maps\Chapters\Chapter04\TTR_EvadeSlavers3\LWMetro\CH04_TTR_EvadeSlavers3_SlaverIntro_BringingInTheHeavies_Sub.json,but what they did to Pavel...,
Impact\Content\Maps\Chapters\Chapter04\TTR_EvadeSlavers3\LWMetro\CH04_TTR_EvadeSlavers3_SlaverIntro_BringingInTheHeavies_Sub.json,"God, I wish they'd lock those damn gates already.",
Impact\Content\Maps\Chapters\Chapter04\TTR_EvadeSlavers3\LWMetro\CH04_TTR_EvadeSlavers3_SlaverIntro_StartedDrooling_Sub.json,Yeah - just don't expect to run home crying to bahbooshka,
Impact\Content\Maps\Chapters\Chapter04\TTR_EvadeSlavers3\LWMetro\CH04_TTR_EvadeSlavers3_SlaverIntro_StartedDrooling_Sub.json,when your legs are devoured like piece of shahshlik,
Impact\Content\Maps\Chapters\Chapter04\TTR_EvadeSlavers3\LWMetro\CH04_TTR_EvadeSlavers3_SlaverIntro_StartedDrooling_Sub.json,and your guts are like fucking kaht letah!,
Impact\Content\Maps\Chapters\Chapter04\TTR_EvadeSlavers3\LWMetro\CH04_TTR_EvadeSlavers3_SlaverMetro_NosalisesAndBandits_Sub.json,"Great, now I'll never think of shahshlik the same again...",
Impact\Content\Maps\Chapters\Chapter04\TTR_EvadeSlavers3\LWMetro\CH04_TTR_EvadeSlavers3_SlaverMetro_Tvoyu_Sub.json,"Holy crap, are you shaking?",
Impact\Content\Maps\Chapters\Chapter04\TTR_EvadeSlavers3\LWMetro\CH04_TTR_EvadeSlavers3_SlaverMetro_Tvoyu_Sub.json,You're really THAT freaked out?,
Impact\Content\Maps\Chapters\Chapter04\TTR_EvadeSlavers3\LWMetro\CH04_TTR_EvadeSlavers3_SlaverMetro_ViolenceAndMurder_Sub.json,"Aw, you want me to go out there and ask the bad men to stop doing scary things?",
Impact\Content\Maps\Chapters\Chapter04\TTR_EvadeSlavers3\LWRadio\Ch04_TTR_EvadeSlavers3_Oksana_OhNoAre_Sub.json,Oh no... the slavers are ordering a station-wide lockdown!,
Impact\Content\Maps\Chapters\Chapter04\TTR_EvadeSlavers3\LWRadio\Ch04_TTR_EvadeSlavers3_Oksana_OhNoAre_Sub.json,They're moving to seal the gates once everyone's back inside!,
Impact\Content\Maps\Chapters\Chapter05\EXPL_FreeGhosts\AfterLightsOn\Ch05_EXPL_FreeGhosts_Oksana_ButYouYou_Sub.json,But you’re certain you heard their voices?,
Impact\Content\Maps\Chapters\Chapter05\EXPL_FreeGhosts\AfterLightsOn\Ch05_EXPL_FreeGhosts_Oksana_ButYouYou_Sub.json,Cause I haven’t…,
Impact\Content\Maps\Chapters\Chapter05\EXPL_FreeGhosts\AfterLightsOn\Ch05_EXPL_FreeGhosts_Oksana_DidYouHave_Sub.json,Did you have any of those pills to ease your wife’s condition?,
Impact\Content\Maps\Chapters\Chapter05\EXPL_FreeGhosts\AfterLightsOn\Ch05_EXPL_FreeGhosts_Oksana_DidYouHave_Sub.json,Cause you might use a couple.,
Impact\Content\Maps\Chapters\Chapter05\EXPL_FreeGhosts\AfterLightsOn\Ch05_EXPL_FreeGhosts_Serdar_OhFuckOff_Sub.json,Oh fuck off...,
Impact\Content\Maps\Chapters\Chapter05\EXPL_FreeGhosts\AfterLightsOn\Ch05_EXPL_FreeGhosts_Serdar_OksanaTheyOne_Sub.json,"Oksana, they're-- there's no one here...",
Impact\Content\Maps\Chapters\Chapter05\EXPL_FreeGhosts\AfterLightsOn\Ch05_EXPL_FreeGhosts_Serdar_OksanaTheyOne_Sub.json,It’s just bones over here...,
Impact\Content\Maps\Chapters\Chapter05\EXPL_FreeGhosts\AfterLightsOn\Ch05_EXPL_FreeGhosts_Serdar_OksanaTheyOne_Sub.json,Looks like they’ve been here for ages...,
Impact\Content\Maps\Chapters\Chapter05\EXPL_FreeGhosts\AfterLightsOn\Ch05_EXPL_FreeGhosts_Serdar_WhereDidYou_Sub.json,Where-- where did you go?,
Impact\Content\Maps\Chapters\Chapter05\EXPL_FreeGhosts\AfterLightsOn\Ch05_EXPL_FreeGhosts_Serdar_WhereDidYou_Sub.json,Hello? Hello??!!,
Impact\Content\Maps\Chapters\Chapter05\EXPL_FreeGhosts\AfterLightsOn\Ch05_EXPL_FreeGhosts_Serdar_YouNotSaying_Sub.json,"You’re not saying I was hallucinating, are you?!",
Impact\Content\Maps\Chapters\Chapter05\EXPL_FreeGhosts\AfterLightsOn\Ch05_EXPL_FreeGhosts_Trapped_Voice_2_GodCanFinally_Sub.json,"God, we can finally go home!",
Impact\Content\Maps\Chapters\Chapter05\EXPL_FreeGhosts\AfterLightsOn\Ch05_EXPL_FreeGhosts_Trapped_Voice_2_YouDidIt_Sub.json,You did it!,
Impact\Content\Maps\Chapters\Chapter05\EXPL_FreeGhosts\AfterLightsOn\Ch05_EXPL_FreeGhosts_Trapped_Voice_3_ThankYouSo_Sub.json,Thank you so much! You have no idea how happy you have just made me!,
Impact\Content\Maps\Chapters\Chapter05\EXPL_FreeGhosts\BoxEncounterChatter\Ch05_EXPL_FreeGhosts_Oksana_UhShouldSee_Sub.json,"Uh, you should see a power station any time.",
Impact\Content\Maps\Chapters\Chapter05\EXPL_FreeGhosts\BoxEncounterChatter\Ch05_EXPL_FreeGhosts_Serdar_AreYouStill_Sub.json,Are you still there?,
Impact\Content\Maps\Chapters\Chapter05\EXPL_FreeGhosts\BoxEncounterChatter\Ch05_EXPL_FreeGhosts_Serdar_HowDidYou_Sub.json,How did you happen to be trapped in there?,
Impact\Content\Maps\Chapters\Chapter05\EXPL_FreeGhosts\BoxEncounterChatter\Ch05_EXPL_FreeGhosts_Serdar_HowDidYou_Sub.json,Were you trying to escape the attack?,
Impact\Content\Maps\Chapters\Chapter05\EXPL_FreeGhosts\BoxEncounterChatter\Ch05_EXPL_FreeGhosts_Serdar_YourPhone_Sub.json,Your phone?,
Impact\Content\Maps\Chapters\Chapter05\EXPL_FreeGhosts\BoxEncounterChatter\Ch05_EXPL_FreeGhosts_Trapped_Voice_1_PleaseTellMe_Sub.json,Please tell me we get to go home soon...,
Impact\Content\Maps\Chapters\Chapter05\EXPL_FreeGhosts\BoxEncounterChatter\Ch05_EXPL_FreeGhosts_Trapped_Voice_1_YesWereAll_Sub.json,Yes! We were all on our way home when the car,
Impact\Content\Maps\Chapters\Chapter05\EXPL_FreeGhosts\BoxEncounterChatter\Ch05_EXPL_FreeGhosts_Trapped_Voice_1_YesWereAll_Sub.json,started to tip over and everything went black.,
Impact\Content\Maps\Chapters\Chapter05\EXPL_FreeGhosts\BoxEncounterChatter\Ch05_EXPL_FreeGhosts_Trapped_Voice_2_ITriedCalling_Sub.json,I tried calling my wife but my phone's dead.,
Impact\Content\Maps\Chapters\Chapter05\EXPL_FreeGhosts\BoxEncounterChatter\Ch05_EXPL_FreeGhosts_Trapped_Voices_01_WeHere_Sub.json,We're here!,
Impact\Content\Maps\Chapters\Chapter05\EXPL_FreeGhosts\BoxEncounterChatter\Ch05_EXPL_FreeGhosts_Trapped_Voices_02_WeHere_Sub.json,We're here!,
Impact\Content\Maps\Chapters\Chapter05\EXPL_FreeGhosts\OnRouteToBox\Ch05_EXPL_FreeGhosts_Oksana_ChucklesMind_Sub.json,"Oh, never mind.",
Impact\Content\Maps\Chapters\Chapter05\EXPL_FreeGhosts\OnRouteToBox\Ch05_EXPL_FreeGhosts_Oksana_DoYouWant_Sub.json,Do you want to tell me more?,
Impact\Content\Maps\Chapters\Chapter05\EXPL_FreeGhosts\OnRouteToBox\Ch05_EXPL_FreeGhosts_Oksana_MaybeYouHopeless_Sub.json,Maybe you’re not hopeless.,
Impact\Content\Maps\Chapters\Chapter05\EXPL_FreeGhosts\OnRouteToBox\Ch05_EXPL_FreeGhosts_Oksana_NoNotWorried_Sub.json,"No, I'm not worried about Alex....",
Impact\Content\Maps\Chapters\Chapter05\EXPL_FreeGhosts\OnRouteToBox\Ch05_EXPL_FreeGhosts_Oksana_NoNotWorried_Sub.json,Or at least...,
Impact\Content\Maps\Chapters\Chapter05\EXPL_FreeGhosts\OnRouteToBox\Ch05_EXPL_FreeGhosts_Oksana_NoNotWorried_Sub.json,never mind. Do what you need to do.,
Impact\Content\Maps\Chapters\Chapter05\EXPL_FreeGhosts\OnRouteToBox\Ch05_EXPL_FreeGhosts_Oksana_SoAndYour_Sub.json,So... You and your wife...,
Impact\Content\Maps\Chapters\Chapter05\EXPL_FreeGhosts\OnRouteToBox\Ch05_EXPL_FreeGhosts_Oksana_SoAndYour_Sub.json,"You haven’t been that long together, have you?",
Impact\Content\Maps\Chapters\Chapter05\EXPL_FreeGhosts\OnRouteToBox\Ch05_EXPL_FreeGhosts_Oksana_SoAndYour_Sub.json,Newly married?,
Impact\Content\Maps\Chapters\Chapter05\EXPL_FreeGhosts\OnRouteToBox\Ch05_EXPL_FreeGhosts_Oksana_ThereAnElectrical_Sub.json,There's an electrical substation just past the collapsed section.,
Impact\Content\Maps\Chapters\Chapter05\EXPL_FreeGhosts\OnRouteToBox\Ch05_EXPL_FreeGhosts_Oksana_ThereAnElectrical_Sub.json,"Right after the war started, Alex figured out how to tap power off one of those",
Impact\Content\Maps\Chapters\Chapter05\EXPL_FreeGhosts\OnRouteToBox\Ch05_EXPL_FreeGhosts_Oksana_ThereAnElectrical_Sub.json,charging station boxes like at the cages.,
Impact\Content\Maps\Chapters\Chapter05\EXPL_FreeGhosts\OnRouteToBox\Ch05_EXPL_FreeGhosts_Oksana_WasItHer_Sub.json,Was it her leaving you?,
Impact\Content\Maps\Chapters\Chapter05\EXPL_FreeGhosts\OnRouteToBox\Ch05_EXPL_FreeGhosts_Oksana_WhatHaveYou_Sub.json,What have you done?,
Impact\Content\Maps\Chapters\Chapter05\EXPL_FreeGhosts\OnRouteToBox\Ch05_EXPL_FreeGhosts_Oksana_WowDestinyThe_Sub.json,Wow. That’s destiny.,
Impact\Content\Maps\Chapters\Chapter05\EXPL_FreeGhosts\OnRouteToBox\Ch05_EXPL_FreeGhosts_Oksana_WowDestinyThe_Sub.json,"I mean, what are the chances, right?",
Impact\Content\Maps\Chapters\Chapter05\EXPL_FreeGhosts\OnRouteToBox\Ch05_EXPL_FreeGhosts_Serdar_ActuallyKnowHer_Sub.json,"Actually, I’ve know her for an eternity.",
Impact\Content\Maps\Chapters\Chapter05\EXPL_FreeGhosts\OnRouteToBox\Ch05_EXPL_FreeGhosts_Serdar_ActuallyKnowHer_Sub.json,Since college. First love.,
Impact\Content\Maps\Chapters\Chapter05\EXPL_FreeGhosts\OnRouteToBox\Ch05_EXPL_FreeGhosts_Serdar_ActuallyKnowHer_Sub.json,But back at that time we split.,
Impact\Content\Maps\Chapters\Chapter05\EXPL_FreeGhosts\OnRouteToBox\Ch05_EXPL_FreeGhosts_Serdar_ActuallyKnowHer_Sub.json,And I only found her after the War.,
Impact\Content\Maps\Chapters\Chapter05\EXPL_FreeGhosts\OnRouteToBox\Ch05_EXPL_FreeGhosts_Serdar_ActuallyKnowHer_Sub.json,Here in the Metro.,
Impact\Content\Maps\Chapters\Chapter05\EXPL_FreeGhosts\OnRouteToBox\Ch05_EXPL_FreeGhosts_Serdar_ActuallyKnowHer_Sub.json,Just literally bumped into her.,
Impact\Content\Maps\Chapters\Chapter05\EXPL_FreeGhosts\OnRouteToBox\Ch05_EXPL_FreeGhosts_Serdar_HowDoYou_Sub.json,How do you know?,
Impact\Content\Maps\Chapters\Chapter05\EXPL_FreeGhosts\OnRouteToBox\Ch05_EXPL_FreeGhosts_Serdar_IFeelHorrible_Sub.json,I feel horrible about what I’ve done to her.,
Impact\Content\Maps\Chapters\Chapter05\EXPL_FreeGhosts\OnRouteToBox\Ch05_EXPL_FreeGhosts_Serdar_IfWeCount_Sub.json,If we count fifty thousand survivors on a fifteen million people city?,
Impact\Content\Maps\Chapters\Chapter05\EXPL_FreeGhosts\OnRouteToBox\Ch05_EXPL_FreeGhosts_Serdar_IfWeCount_Sub.json,One to three hundred.,
Impact\Content\Maps\Chapters\Chapter05\EXPL_FreeGhosts\OnRouteToBox\Ch05_EXPL_FreeGhosts_Serdar_IShouldnShouted_Sub.json,I shouldn’t have shouted at her like that.,
Impact\Content\Maps\Chapters\Chapter05\EXPL_FreeGhosts\OnRouteToBox\Ch05_EXPL_FreeGhosts_Serdar_No_Sub.json,No.,
Impact\Content\Maps\Chapters\Chapter05\EXPL_FreeGhosts\OnRouteToBox\Ch05_EXPL_FreeGhosts_Serdar_SoHowDo_Sub.json,How do we restore the tunnel lights?,
Impact\Content\Maps\Chapters\Chapter05\EXPL_FreeGhosts\OnRouteToBox\Ch05_EXPL_FreeGhosts_Serdar_WeWonLong_Sub.json,"We won't be long, I promise.",
Impact\Content\Maps\Chapters\Chapter05\EXPL_FreeGhosts\TrappedGhosts\Ch05_EXPL_FreeGhosts_Oksana_ISorry_Sub.json,I'm sorry?,
Impact\Content\Maps\Chapters\Chapter05\EXPL_FreeGhosts\TrappedGhosts\Ch05_EXPL_FreeGhosts_Oksana_SerdarAreYou_Sub.json,"Serdar, who are you talking to?",
Impact\Content\Maps\Chapters\Chapter05\EXPL_FreeGhosts\TrappedGhosts\Ch05_EXPL_FreeGhosts_Oksana_YouProbablyNear_Sub.json,You're probably near St. Clements.,
Impact\Content\Maps\Chapters\Chapter05\EXPL_FreeGhosts\TrappedGhosts\Ch05_EXPL_FreeGhosts_Oksana_YouProbablyNear_Sub.json,Alex and I pass through there sometimes.,
Impact\Content\Maps\Chapters\Chapter05\EXPL_FreeGhosts\TrappedGhosts\Ch05_EXPL_FreeGhosts_Oksana_YouProbablyNear_Sub.json,"That tunnel eventually runs into the Reds though,",
Impact\Content\Maps\Chapters\Chapter05\EXPL_FreeGhosts\TrappedGhosts\Ch05_EXPL_FreeGhosts_Oksana_YouProbablyNear_Sub.json,"so assuming the slavers have more transports, they'll be on a different line.",
Impact\Content\Maps\Chapters\Chapter05\EXPL_FreeGhosts\TrappedGhosts\Ch05_EXPL_FreeGhosts_Serdar_AlrightBackIn_Sub.json,"Alright, I'm back in the Metro.",
Impact\Content\Maps\Chapters\Chapter05\EXPL_FreeGhosts\TrappedGhosts\Ch05_EXPL_FreeGhosts_Serdar_AreYouThere_Sub.json,Are you there?,
Impact\Content\Maps\Chapters\Chapter05\EXPL_FreeGhosts\TrappedGhosts\Ch05_EXPL_FreeGhosts_Serdar_IsThereA_Sub.json,Is there a transfer nearby?,
Impact\Content\Maps\Chapters\Chapter05\EXPL_FreeGhosts\TrappedGhosts\Ch05_EXPL_FreeGhosts_Serdar_ThereMayBe_Sub.json,There may be a solution.,
Impact\Content\Maps\Chapters\Chapter05\EXPL_FreeGhosts\TrappedGhosts\Ch05_EXPL_FreeGhosts_Serdar_ThereMayBe_Sub.json,I'll be back in a moment.,
Impact\Content\Maps\Chapters\Chapter05\EXPL_FreeGhosts\TrappedGhosts\Ch05_EXPL_FreeGhosts_Serdar_WeDonTime_Sub.json,We don't have time for this...,
Impact\Content\Maps\Chapters\Chapter05\EXPL_FreeGhosts\TrappedGhosts\Ch05_EXPL_FreeGhosts_Serdar_YesAreYou_Sub.json,Yes! Where are you?,
Impact\Content\Maps\Chapters\Chapter05\EXPL_FreeGhosts\TrappedGhosts\Ch05_EXPL_FreeGhosts_Trapped_Voice_1_WeTrappedInside_Sub.json,We're trapped inside a Metro car!,
Impact\Content\Maps\Chapters\Chapter05\EXPL_FreeGhosts\TrappedGhosts\Ch05_EXPL_FreeGhosts_Trapped_Voice_1_YesButWe_Sub.json,Yes but we can't see a damn thing!,
Impact\Content\Maps\Chapters\Chapter05\EXPL_FreeGhosts\TrappedGhosts\Ch05_EXPL_FreeGhosts_Trapped_Voice_2_IsThereA_Sub.json,Is there a box or a switch or something to turn on the emergency lights?,
Impact\Content\Maps\Chapters\Chapter05\EXPL_FreeGhosts\TrappedGhosts\Ch05_EXPL_FreeGhosts_Trapped_Voice_2_TheLightsWent_Sub.json,The lights went out.,
Impact\Content\Maps\Chapters\Chapter05\EXPL_FreeGhosts\TrappedGhosts\Ch05_EXPL_FreeGhosts_Trapped_Voice_2_TheLightsWent_Sub.json,Do you know what happened?,
Impact\Content\Maps\Chapters\Chapter05\EXPL_FreeGhosts\TrappedGhosts\Ch05_EXPL_FreeGhosts_Trapped_Voice_3_AnythingYouCan_Sub.json,Anything you can do!,
Impact\Content\Maps\Chapters\Chapter05\EXPL_FreeGhosts\TrappedGhosts\Ch05_EXPL_FreeGhosts_Trapped_Voice_3_AnythingYouCan_Sub.json,We just want to go home!,
Impact\Content\Maps\Chapters\Chapter05\EXPL_FreeGhosts\TrappedGhosts\Ch05_EXPL_FreeGhosts_Trapped_Voice_3_OhThankGod_Sub.json,Oh thank God. We've been stuck here forever!,
Impact\Content\Maps\Chapters\Chapter05\EXPL_FreeGhosts\TrappedGhosts\Ch05_EXPL_FreeGhosts_Trapped_Voices_01_HelloSomeoneOut_Sub.json,Hello!?! Is someone out there??!,
Impact\Content\Maps\Chapters\Chapter05\EXPL_FreeGhosts\TurningOnPowerChatter\Ch05_EXPL_FreeGhosts_Oksana_DoYouSee_Sub.json,Do you see a bunch of metal cabinets with lots of lights and switches?,
Impact\Content\Maps\Chapters\Chapter05\EXPL_FreeGhosts\TurningOnPowerChatter\Ch05_EXPL_FreeGhosts_Oksana_SoundsLikeA_Sub.json,Sounds like a substation to me.,
Impact\Content\Maps\Chapters\Chapter05\EXPL_FreeGhosts\TurningOnPowerChatter\Ch05_EXPL_FreeGhosts_Oksana_SoundsLikeA_Sub.json,Now close all four circuits to power cycle the generators.,
Impact\Content\Maps\Chapters\Chapter05\EXPL_FreeGhosts\TurningOnPowerChatter\Ch05_EXPL_FreeGhosts_Oksana_SoundsLikeA_Sub.json,That should give you emergency lighting in the tunnels - at the very least.,
Impact\Content\Maps\Chapters\Chapter05\EXPL_FreeGhosts\TurningOnPowerChatter\Ch05_EXPL_FreeGhosts_Serdar_IAssumeThis_Sub.json,I assume this is the substation?,
Impact\Content\Maps\Chapters\Chapter05\EXPL_FreeGhosts\TurningOnPowerChatter\Ch05_EXPL_FreeGhosts_Serdar_Yes_Sub.json,Yes.,
Impact\Content\Maps\Chapters\Chapter05\EXPL_FreeGhosts\TurningOnPowerChatter\Ch05_EXPL_FreeGhosts_Serdar_YouWereObviously_Sub.json,You were obviously an electrician in another life.,
Impact\Content\Maps\Chapters\Chapter05\EXPL_FreeSlaves\AfterFirstCages\Ch05_EXPL_FreeSlaves_Oksana_AreYouAlright_Sub.json,"Are you alright, doctor?",
Impact\Content\Maps\Chapters\Chapter05\EXPL_FreeSlaves\AfterFirstCages\Ch05_EXPL_FreeSlaves_Oksana_TryToFocus_Sub.json,Try to focus on Yana right now.,
Impact\Content\Maps\Chapters\Chapter05\EXPL_FreeSlaves\AfterFirstCages\Ch05_EXPL_FreeSlaves_Serdar_SpeakingOfTopics_Sub.json,Speaking of topics I don't understand?,
Impact\Content\Maps\Chapters\Chapter05\EXPL_FreeSlaves\AfterFirstCages\Ch05_EXPL_FreeSlaves_Serdar_YesIJust_Sub.json,Yes... I'm sorry.,
Impact\Content\Maps\Chapters\Chapter05\EXPL_FreeSlaves\AfterFirstCages\Ch05_EXPL_FreeSlaves_Serdar_YesIJust_Sub.json,I just... I don't understand...,
Impact\Content\Maps\Chapters\Chapter05\EXPL_FreeSlaves\AfterFirstCages\Ch05_EXPL_FreeSlaves_Serdar_YesIJust_Sub.json,The slaves. They’ve vanished!,
Impact\Content\Maps\Chapters\Chapter05\EXPL_FreeSlaves\AfterFirstCages\Ch05_TRAV_ToCapturedYana_Serdar_WhatInThe_Sub.json,What in the blazes...!,
Impact\Content\Maps\Chapters\Chapter05\EXPL_FreeSlaves\ApproachFirstSlaveCar\Ch05_EXPL_FreeSlaves_Serdar_ISeeA_Sub.json,I see a transport ahead.,
Impact\Content\Maps\Chapters\Chapter05\EXPL_FreeSlaves\ApproachFirstSlaveCar\Ch05_EXPL_FreeSlaves_Serdar_ISeeA_Sub.json,There are cages on it.,
Impact\Content\Maps\Chapters\Chapter05\EXPL_FreeSlaves\ApproachFirstSlaveCar\Ch05_EXPL_FreeSlaves_Serdar_RightHeadFor_Sub.json,I'll head for the front of the train.,
Impact\Content\Maps\Chapters\Chapter05\EXPL_FreeSlaves\ApproachFirstSlaveCar\Ch05_EXPL_FreeSlaves_Voice_In_Cage_ShhhComingBack_Sub.json,Shhh! They're coming back!!,
Impact\Content\Maps\Chapters\Chapter05\EXPL_FreeSlaves\ApproachSecondSlaveCar\Ch05_EXPL_FreeSlaves_Oksana_QuietUsuallyIsn_Sub.json,Quiet usually isn't good.,
Impact\Content\Maps\Chapters\Chapter05\EXPL_FreeSlaves\ApproachSecondSlaveCar\Ch05_EXPL_FreeSlaves_Oksana_QuietUsuallyIsn_Sub.json,Be careful.,
Impact\Content\Maps\Chapters\Chapter05\EXPL_FreeSlaves\ApproachSecondSlaveCar\Ch05_EXPL_FreeSlaves_Serdar_MoreCagesTransport_Sub.json,More cages. And another transport...,
Impact\Content\Maps\Chapters\Chapter05\EXPL_FreeSlaves\ArriveFirstSlaveCar\Ch05_EXPL_FreeSlaves_Oksana_ISureThat_Sub.json,I'm sure that's it.,
Impact\Content\Maps\Chapters\Chapter05\EXPL_FreeSlaves\ArriveFirstSlaveCar\Ch05_EXPL_FreeSlaves_Oksana_TheyDonLike_Sub.json,They don't sound like they're very happy to see you.,
Impact\Content\Maps\Chapters\Chapter05\EXPL_FreeSlaves\ArriveFirstSlaveCar\Ch05_EXPL_FreeSlaves_Scared_Prisoner_SssshhhhhhhhAway_Sub.json,SSSSHHHHHHHH!!! Go away!!,
Impact\Content\Maps\Chapters\Chapter05\EXPL_FreeSlaves\ArriveFirstSlaveCar\Ch05_EXPL_FreeSlaves_Serdar_EveryoneGoingTo_Sub.json,"Everyone, I'm going to unlock the cages, so be ready to move!",
Impact\Content\Maps\Chapters\Chapter05\EXPL_FreeSlaves\ArriveFirstSlaveCar\Ch05_EXPL_FreeSlaves_Serdar_TheyNotHere_Sub.json,They're not here.,
Impact\Content\Maps\Chapters\Chapter05\EXPL_FreeSlaves\ArriveFirstSlaveCar\Ch05_EXPL_FreeSlaves_Serdar_TraumaCanHave_Sub.json,Trauma can have a wicked effect on the mind.,
Impact\Content\Maps\Chapters\Chapter05\EXPL_FreeSlaves\ArriveFirstSlaveCar\Ch05_EXPL_FreeSlaves_Serdar_TraumaCanHave_Sub.json,"Plus, some people just don't like doctors.",
Impact\Content\Maps\Chapters\Chapter05\EXPL_FreeSlaves\ArriveFirstSlaveCar\Ch05_EXPL_FreeSlaves_Serdar_Yana_Sub.json,Yana? Alex?,
Impact\Content\Maps\Chapters\Chapter05\EXPL_FreeSlaves\ArriveSecondSlaveCar\Ch05_EXPL_FreeSlaves_Oksana_DoYouSee_Sub.json,Do you see Yana in any of the cages?,
Impact\Content\Maps\Chapters\Chapter05\EXPL_FreeSlaves\ArriveSecondSlaveCar\Ch05_EXPL_FreeSlaves_Serdar_EveryoneDeadAnd_Sub.json,Everyone's dead.,
Impact\Content\Maps\Chapters\Chapter05\EXPL_FreeSlaves\ArriveSecondSlaveCar\Ch05_EXPL_FreeSlaves_Serdar_EveryoneDeadAnd_Sub.json,The prisoners AND the guards.,
Impact\Content\Maps\Chapters\Chapter05\EXPL_FreeSlaves\ArriveSecondSlaveCar\Ch05_EXPL_FreeSlaves_Serdar_NotYet_Sub.json,"Not yet, thankfully.",
Impact\Content\Maps\Chapters\Chapter05\EXPL_FreeSlaves\AtSecondSlaveCar\Ch05_EXPL_FreeSlaves_Oksana_GoodLord_Sub.json,Good Lord! How?,
Impact\Content\Maps\Chapters\Chapter05\EXPL_FreeSlaves\AtSecondSlaveCar\Ch05_EXPL_FreeSlaves_Serdar_IDonAhead_Sub.json,I don't know. There's something ahead...,
Impact\Content\Maps\Chapters\Chapter05\EXPL_FreeSlaves\AtSecondSlaveCar\Ch05_EXPL_FreeSlaves_Serdar_ItNotA_Sub.json,It’s not a snake...,
Impact\Content\Maps\Chapters\Chapter05\EXPL_FreeSlaves\AtSecondSlaveCar\Ch05_EXPL_FreeSlaves_Serdar_ItNotA_Sub.json,It’s a worm.,
Impact\Content\Maps\Chapters\Chapter05\EXPL_FreeSlaves\AtSecondSlaveCar\Ch05_EXPL_FreeSlaves_Serdar_OneOfThe_Sub.json,One of the men who took Yana!,
Impact\Content\Maps\Chapters\Chapter05\EXPL_FreeSlaves\AtSecondSlaveCar\Ch05_EXPL_FreeSlaves_Serdar_OneOfThe_Sub.json,He's been poisoned...,
Impact\Content\Maps\Chapters\Chapter05\EXPL_FreeSlaves\CultistAmbush\Ch05_EXPL_FreeSlaves_Oksana_Alright_Sub.json,"Alright, Mr. Rational.",
Impact\Content\Maps\Chapters\Chapter05\EXPL_FreeSlaves\CultistAmbush\Ch05_EXPL_FreeSlaves_Oksana_CauseYouRational_Sub.json,"Cause you’re too rational, that’s why.",
Impact\Content\Maps\Chapters\Chapter05\EXPL_FreeSlaves\CultistAmbush\Ch05_EXPL_FreeSlaves_Oksana_DidSomethingAttack_Sub.json,Did something attack you?!,
Impact\Content\Maps\Chapters\Chapter05\EXPL_FreeSlaves\CultistAmbush\Ch05_EXPL_FreeSlaves_Oksana_GoodOrNot_Sub.json,"Dead or not, someone took Yana, right?",
Impact\Content\Maps\Chapters\Chapter05\EXPL_FreeSlaves\CultistAmbush\Ch05_EXPL_FreeSlaves_Oksana_LastYearWe_Sub.json,"Last year, a woman we met in Oktyabrskaya said her son was kidnapped.",
Impact\Content\Maps\Chapters\Chapter05\EXPL_FreeSlaves\CultistAmbush\Ch05_EXPL_FreeSlaves_Oksana_LastYearWe_Sub.json,"She claimed, the dead took him...",
Impact\Content\Maps\Chapters\Chapter05\EXPL_FreeSlaves\CultistAmbush\Ch05_EXPL_FreeSlaves_Oksana_LastYearWe_Sub.json,Shooting her with a poisonous dart.,
Impact\Content\Maps\Chapters\Chapter05\EXPL_FreeSlaves\CultistAmbush\Ch05_EXPL_FreeSlaves_Oksana_TheSlaversTo_Sub.json,"The slavers - they're preparing to send reinforcements back to the depot,",
Impact\Content\Maps\Chapters\Chapter05\EXPL_FreeSlaves\CultistAmbush\Ch05_EXPL_FreeSlaves_Oksana_TheSlaversTo_Sub.json,so whoever took Yana must still be around - which I suppose is good news?,
Impact\Content\Maps\Chapters\Chapter05\EXPL_FreeSlaves\CultistAmbush\Ch05_EXPL_FreeSlaves_Oksana_TheyMightThink_Sub.json,They might think they do.,
Impact\Content\Maps\Chapters\Chapter05\EXPL_FreeSlaves\CultistAmbush\Ch05_EXPL_FreeSlaves_Oksana_WeMustHope_Sub.json,"We must hope, Serdar.",
Impact\Content\Maps\Chapters\Chapter05\EXPL_FreeSlaves\CultistAmbush\Ch05_EXPL_FreeSlaves_Serdar_AManMe_Sub.json,A man.,
Impact\Content\Maps\Chapters\Chapter05\EXPL_FreeSlaves\CultistAmbush\Ch05_EXPL_FreeSlaves_Serdar_AManMe_Sub.json,He shot me with a blow dart.,
Impact\Content\Maps\Chapters\Chapter05\EXPL_FreeSlaves\CultistAmbush\Ch05_EXPL_FreeSlaves_Serdar_IHopeShe_Sub.json,I hope she’s still alive.,
Impact\Content\Maps\Chapters\Chapter05\EXPL_FreeSlaves\CultistAmbush\Ch05_EXPL_FreeSlaves_Serdar_OhGodAlmighty_Sub.json,"Oh god almighty, how tired I am of this bullshit.",
Impact\Content\Maps\Chapters\Chapter05\EXPL_FreeSlaves\CultistAmbush\Ch05_EXPL_FreeSlaves_Serdar_OhGodAlmighty_Sub.json,Why would the dead use the blowpipes?,
Impact\Content\Maps\Chapters\Chapter05\EXPL_FreeSlaves\CultistAmbush\Ch05_EXPL_FreeSlaves_Serdar_OhGodAlmighty_Sub.json,"And how? The dead can’t breathe, can they?",
Impact\Content\Maps\Chapters\Chapter05\EXPL_FreeSlaves\CultistAmbush\Ch05_EXPL_FreeSlaves_Serdar_ThatWas_Sub.json,That was... unpleasant.,
Impact\Content\Maps\Chapters\Chapter05\EXPL_FreeSlaves\CultistAmbush\Ch05_EXPL_FreeSlaves_Serdar_TheyCanEither_Sub.json,They can’t think either.,
Impact\Content\Maps\Chapters\Chapter05\EXPL_FreeSlaves\CultistAmbush\Ch05_EXPL_FreeSlaves_Serdar_WhatWouldYou_Sub.json,What... Why would you call me that?,
Impact\Content\Maps\Chapters\Chapter05\EXPL_FreeSlaves\CultistAmbush\Ch05_EXPL_FreeSlaves_Serdar_WhatWouldYou_Sub.json,My friend Max calls me that.,
Impact\Content\Maps\Chapters\Chapter05\EXPL_FreeSlaves\SlavesGone\Nudge_General_Gameplay_Serdar_Hm_Sub.json,Hm...,
Impact\Content\Maps\Chapters\Chapter05\HYG_FightCultists1\CranePhase1\Ch05_HYG_FightCultists1_Oksana_SirensYourBig_Sub.json,Sirens? That's your big plan?,
Impact\Content\Maps\Chapters\Chapter05\HYG_FightCultists1\CranePhase1\Ch05_HYG_FightCultists1_Serdar_SoundsLikeA_Sub.json,Sounds like a fuse blew somewhere.,
Impact\Content\Maps\Chapters\Chapter05\HYG_FightCultists1\CranePhase1\Ch05_HYG_FightCultists1_Serdar_SoundsLikeA_Sub.json,I’ll check the other side.,
Impact\Content\Maps\Chapters\Chapter05\HYG_FightCultists1\EnterDepot\Ch05_HYG_FightCultists1_Serdar_TheDamnedFootbridge_Sub.json,"The damned footbridge across was destroyed, and it's too far to jump.",
Impact\Content\Maps\Chapters\Chapter05\HYG_FightCultists1\EnterDepot\Ch05_HYG_FightCultists1_Serdar_TheDamnedFootbridge_Sub.json,I'll have to improvise.,
Impact\Content\Maps\Chapters\Chapter05\HYG_FightCultists1\Phase2\Ch05_HYG_FightCultists1_Serdar_ItDoneThe_Sub.json,It's done! Heading for the exit now!,
Impact\Content\Maps\Chapters\Chapter05\HYG_FightCultists1\Phase2\Ch05_HYG_FightCultists1_Serdar_Nudge_GetOutOf_Sub.json,Get out of my way!,
Impact\Content\Maps\Chapters\Chapter05\HYG_FightCultists1\Phase2\Ch05_HYG_FightCultists1_Serdar_Nudge_JustALittle_Sub.json,"...just a little longer, Yana...",
Impact\Content\Maps\Chapters\Chapter05\HYG_FightCultists1\Phase2\Ch05_HYG_FightCultists1_Serdar_Nudge_JustALittle_Sub.json,Almost there...,
Impact\Content\Maps\Chapters\Chapter05\HYG_FightCultists1\Phase2\Ch05_HYG_FightCultists1_Serdar_Nudge_JustLetMe_Sub.json,"Just let me pass, damnit!",
Impact\Content\Maps\Chapters\Chapter05\HYG_FightCultists1\Phase2\Ch05_HYG_FightCultists1_Serdar_Nudge_JustLetMe_Sub.json,I'm not here for you!,
Impact\Content\Maps\Chapters\Chapter05\HYG_FightCultists1\Phase2\Ch05_HYG_FightCultists1_Serdar_Nudge_ThatForMy_Sub.json,"That's for my wife, you bastard.",
Impact\Content\Maps\Chapters\Chapter05\KNE_Dream2\Dream2_L2\Ch05_KNE_Dream2_Genghis_Khan_LetMyFire_Sub.json,"Let my fire be the beacon for all things,",
Impact\Content\Maps\Chapters\Chapter05\KNE_Dream2\Dream2_L2\Ch05_KNE_Dream2_Genghis_Khan_LetMyFire_Sub.json,living and dead.,
Impact\Content\Maps\Chapters\Chapter05\KNE_Dream2\Dream2_L2\Ch05_KNE_Dream2_Genghis_Khan_PriestMeThe_Sub.json,Priest.,
Impact\Content\Maps\Chapters\Chapter05\KNE_Dream2\Dream2_L2\Ch05_KNE_Dream2_Genghis_Khan_PriestMeThe_Sub.json,Give me the blade.,
Impact\Content\Maps\Chapters\Chapter05\KNE_Dream2\Dream2_L2\Ch05_KNE_Dream2_Priest_Act_02_01_Sub.json,"For you, mighty Khan...",
Impact\Content\Maps\Chapters\Chapter05\KNE_Dream2\Dream2_L2\Ch05_KNE_Dream2_Priest_Act_02_01_Sub.json,Now you return to repeat your great deeds.,
Impact\Content\Maps\Chapters\Chapter05\KNE_Dream2\Dream2_L2\Ch05_KNE_Dream2_Priest_Act_02_01_Sub.json,"Like you had shed blood before to establish eternal peace,",
Impact\Content\Maps\Chapters\Chapter05\KNE_Dream2\Dream2_L2\Ch05_KNE_Dream2_Priest_Act_02_01_Sub.json,now we must shed blood for eternal peace to prevail.,
Impact\Content\Maps\Chapters\Chapter05\KNE_Dream2\Dream2_L2\Ch05_KNE_Dream2_Priest_Act_02_01_Sub.json,Take my knife and show me the way.,
Impact\Content\Maps\Chapters\Chapter05\RNPCE_YanasPush\YanasPush_L2\Ch05_RNPCE_YanasPush_Serdar_IGetYou_Sub.json,I'll get you out of here!,
Impact\Content\Maps\Chapters\Chapter05\RNPCE_YanasPush\YanasPush_L2\Ch05_RNPCE_YanasPush_Serdar_YanaAreGoing_Sub.json,Yana... You are going to a sure death.,
Impact\Content\Maps\Chapters\Chapter05\RNPCE_YanasPush\YanasPush_L2\Ch05_RNPCE_YanasPush_Serdar_YanaAreGoing_Sub.json,I can’t let you...,
Impact\Content\Maps\Chapters\Chapter05\RNPCE_YanasPush\YanasPush_L2\Ch5_RNPCE_YanasPush_Yana_Act01_Sub.json,"No! There's too many of those... ""worm people"".",
Impact\Content\Maps\Chapters\Chapter05\RNPCE_YanasPush\YanasPush_L2\Ch5_RNPCE_YanasPush_Yana_Act01_Sub.json,Serdar... I need to go with them.,
Impact\Content\Maps\Chapters\Chapter05\RNPCE_YanasPush\YanasPush_L2\Ch5_RNPCE_YanasPush_Yana_Act01_Sub.json,"I don't know why yet, or what this Hell's Mouth place has to do with it...",
Impact\Content\Maps\Chapters\Chapter05\RNPCE_YanasPush\YanasPush_L2\Ch5_RNPCE_YanasPush_Yana_Act01_Sub.json,"but it is right, somehow.",
Impact\Content\Maps\Chapters\Chapter05\RNPCE_YanasPush\YanasPush_L2\Ch5_RNPCE_YanasPush_Yana_Act02_Sub.json,Shit! They're leaving...,
Impact\Content\Maps\Chapters\Chapter05\RNPCE_YanasPush\YanasPush_L2\Ch5_RNPCE_YanasPush_Yana_Act02_Sub.json,I understand why you can't believe me.,
Impact\Content\Maps\Chapters\Chapter05\RNPCE_YanasPush\YanasPush_L2\Ch5_RNPCE_YanasPush_Yana_Act02_Sub.json,Maybe even more than YOU do--,
Impact\Content\Maps\Chapters\Chapter05\RNPCE_YanasPush\YanasPush_L2\Ch5_RNPCE_YanasPush_Yana_Act02_Sub.json,--but just because I don't have an explanation...,
Impact\Content\Maps\Chapters\Chapter05\RNPCE_YanasPush\YanasPush_L2\Ch5_RNPCE_YanasPush_Yana_Act02_Sub.json,it doesn't make me wrong.,
Impact\Content\Maps\Chapters\Chapter05\RNPCE_YanasPush\YanasPush_L2\Ch5_RNPCE_YanasPush_Yana_Act02_Sub.json,"When you hear him laugh, you'll understand.",
Impact\Content\Maps\Chapters\Chapter05\RNPCE_YanasPush\YanasPush_L2\Ch5_RNPCE_YanasPush_Yana_Act02_Sub.json,Forgive me.,
Impact\Content\Maps\Chapters\Chapter05\RNPCE_YanasPush\YanasPush_L2\Ch5_RNPCE_YanasPush_Yana_Intro_Sub.json,Serdar?,
Impact\Content\Maps\Chapters\Chapter05\RNPCE_YanasPush\YanasPush_L2\Ch5_RNPCE_YanasPush_Yana_Intro_Sub.json,"No. No, no no no no. You can't be here, Serdar! Please!",
Impact\Content\Maps\Chapters\Chapter05\RNPCE_YanasPush\YanasPush_L2\Ch5_RNPCE_YanasPush_Yana_IntroReminder01_Sub.json,This isn’t what I wanted.,
Impact\Content\Maps\Chapters\Chapter05\RNPCE_YanasPush\YanasPush_L2\Ch5_RNPCE_YanasPush_Yana_IntroReminder02_Sub.json,Please just go!,
Impact\Content\Maps\Chapters\Chapter05\RNPCE_YanasPush\YanasPush_L2\Ch5_RNPCE_YanasPush_Yana_IntroReminder03_Sub.json,You can’t help me.,
Impact\Content\Maps\Chapters\Chapter05\TRAV_ToCapturedYana\AfterHYGChatter\Ch05_TRAV_ToCapturedYana_Oksana_UmSomeSmall_Sub.json,Um... just some small evacuation platforms...,
Impact\Content\Maps\Chapters\Chapter05\TRAV_ToCapturedYana\AfterHYGChatter\Ch05_TRAV_ToCapturedYana_Oksana_UmSomeSmall_Sub.json,I think there was an entrance to a pumping station...,
Impact\Content\Maps\Chapters\Chapter05\TRAV_ToCapturedYana\AfterHYGChatter\Ch05_TRAV_ToCapturedYana_Oksana_UmSomeSmall_Sub.json,you're hitting the outskirts of Tretyakovskaya's infrastructure.,
Impact\Content\Maps\Chapters\Chapter05\TRAV_ToCapturedYana\AfterHYGChatter\Ch05_TRAV_ToCapturedYana_Serdar_HeWasKilled_Sub.json,He was killed with a dart!,
Impact\Content\Maps\Chapters\Chapter05\TRAV_ToCapturedYana\AfterHYGChatter\Ch05_TRAV_ToCapturedYana_Serdar_HeWasKilled_Sub.json,They’re still here!,
Impact\Content\Maps\Chapters\Chapter05\TRAV_ToCapturedYana\AfterHYGChatter\Ch05_TRAV_ToCapturedYana_Serdar_SoBasicallyNothing_Sub.json,So basically nothing.,
Impact\Content\Maps\Chapters\Chapter05\TRAV_ToCapturedYana\AfterHYGChatter\Ch05_TRAV_ToCapturedYana_Serdar_TheBattleIs_Sub.json,The battle's dying. What else is out there?,
Impact\Content\Maps\Chapters\Chapter05\TRAV_ToCapturedYana\HearingYanaOnApproach\Ch05_TRAV_ToCapturedYana_Cultist01_TheLittleOnes_Sub.json,The little ones will be friends.,
Impact\Content\Maps\Chapters\Chapter05\TRAV_ToCapturedYana\HearingYanaOnApproach\Ch05_TRAV_ToCapturedYana_Cultist01_TheWomanWill_Sub.json,The woman will make good meat.,
Impact\Content\Maps\Chapters\Chapter05\TRAV_ToCapturedYana\HearingYanaOnApproach\Ch05_TRAV_ToCapturedYana_Cultist02_TheGreatWorm_Sub.json,"The Great Worm will teach the little ones, and the little ones will be happy.",
Impact\Content\Maps\Chapters\Chapter05\TRAV_ToCapturedYana\HearingYanaOnApproach\Ch05_TRAV_ToCapturedYana_Cultist02_ThePriestIs_Sub.json,The Priest is right.,
Impact\Content\Maps\Chapters\Chapter05\TRAV_ToCapturedYana\HearingYanaOnApproach\Ch05_TRAV_ToCapturedYana_Cultist02_ThePriestIs_Sub.json,The People of the Machines know nothing.,
Impact\Content\Maps\Chapters\Chapter05\TRAV_ToCapturedYana\HearingYanaOnApproach\Ch05_TRAV_ToCapturedYana_Oksana_ThisIsNot_Sub.json,This is not necessarily good news.,
Impact\Content\Maps\Chapters\Chapter05\TRAV_ToCapturedYana\HearingYanaOnApproach\Ch05_TRAV_ToCapturedYana_Oksana_YouBetterHurry_Sub.json,You better hurry!,
Impact\Content\Maps\Chapters\Chapter05\TRAV_ToCapturedYana\HearingYanaOnApproach\Ch05_TRAV_ToCapturedYana_Serdar_INeedTo_Sub.json,I need to get her out of there!,
Impact\Content\Maps\Chapters\Chapter05\TRAV_ToCapturedYana\HearingYanaOnApproach\Ch05_TRAV_ToCapturedYana_Serdar_ThatYana_Sub.json,That's Yana's voice!,
Impact\Content\Maps\Chapters\Chapter05\TRAV_ToCapturedYana\HearingYanaOnApproach\Ch05_TRAV_ToCapturedYana_Serdar_TheyHereHumans_Sub.json,They’re here... And they’re talking.,
Impact\Content\Maps\Chapters\Chapter05\TRAV_ToCapturedYana\HearingYanaOnApproach\Ch05_TRAV_ToCapturedYana_Serdar_TheyHereHumans_Sub.json,They’re mere humans.,
Impact\Content\Maps\Chapters\Chapter05\TRAV_ToCapturedYana\HearingYanaOnApproach\Ch05_TRAV_ToCapturedYana_Yana_IsTheWorm_Sub.json,Is the Worm in Hell's Mouth?,
Impact\Content\Maps\Chapters\Chapter05\TRAV_ToCapturedYana\HearingYanaOnApproach\Ch05_TRAV_ToCapturedYana_Yana_IsTheWorm_Sub.json,Is that where it takes the little ones?,
Impact\Content\Maps\Chapters\Chapter05\TRAV_ToTrainYard\RadioVO\Ch05_TRAV_ToTrainYard_Oksana_DidITell_Sub.json,Did I tell you I’m a tarot reader?,
Impact\Content\Maps\Chapters\Chapter05\TRAV_ToTrainYard\RadioVO\Ch05_TRAV_ToTrainYard_Oksana_DidITell_Sub.json,"That’s probably nonsense too, am I right?",
Impact\Content\Maps\Chapters\Chapter05\TRAV_ToTrainYard\RadioVO\Ch05_TRAV_ToTrainYard_Oksana_IKnowYou_Sub.json,"I know you're upset, but even if she IS free, whatever she thinks she's after",
Impact\Content\Maps\Chapters\Chapter05\TRAV_ToTrainYard\RadioVO\Ch05_TRAV_ToTrainYard_Oksana_IKnowYou_Sub.json,is still leading her to the train yards.,
Impact\Content\Maps\Chapters\Chapter05\TRAV_ToTrainYard\RadioVO\Ch05_TRAV_ToTrainYard_Oksana_IKnowYou_Sub.json,The fastest way is through an old machine shop ahead.,
Impact\Content\Maps\Chapters\Chapter05\TRAV_ToTrainYard\RadioVO\Ch05_TRAV_ToTrainYard_Oksana_ItCalledReason_Sub.json,It's called 'the unknown' for a reason - some people just REALLY want to know.,
Impact\Content\Maps\Chapters\Chapter05\TRAV_ToTrainYard\RadioVO\Ch05_TRAV_ToTrainYard_Oksana_PeopleUsedTo_Sub.json,People used to gossip about a place in the Metro haunted by the souls of missing children.,
Impact\Content\Maps\Chapters\Chapter05\TRAV_ToTrainYard\RadioVO\Ch05_TRAV_ToTrainYard_Oksana_PeopleUsedTo_Sub.json,I can't recall if anyone ever called it Hell's Mouth though.,
Impact\Content\Maps\Chapters\Chapter05\TRAV_ToTrainYard\RadioVO\Ch05_TRAV_ToTrainYard_Serdar_TarotLikeThe_Sub.json,Tarot? Like the Tarot cards?,
Impact\Content\Maps\Chapters\Chapter05\TRAV_ToTrainYard\RadioVO\Ch05_TRAV_ToTrainYard_Serdar_TarotLikeThe_Sub.json,Predicting bullshit to poor idiots?,
Impact\Content\Maps\Chapters\Chapter05\TRAV_ToTrainYard\RadioVO\Ch05_TRAV_ToTrainYard_Serdar_ThatHellHe_Sub.json,That Hell's Mouth he was babbling about.,
Impact\Content\Maps\Chapters\Chapter05\TRAV_ToTrainYard\RadioVO\Ch05_TRAV_ToTrainYard_Serdar_ThatHellHe_Sub.json,Do you have any idea where it might be?,
Impact\Content\Maps\Chapters\Chapter05\TRAV_ToTrainYard\RadioVO\Ch05_TRAV_ToTrainYard_Serdar_WhatHaveYou_Sub.json,"What have you done, Yana...??",
Impact\Content\Maps\Chapters\Chapter05\TRAV_ToTrainYard\RadioVO\Ch05_TRAV_ToTrainYard_Serdar_WhyDoesEverything_Sub.json,Why does everything have to be wrapped in superstitious nonsense?!,
Impact\Content\Maps\Chapters\Chapter06\EXPL_EscapeLabyrinth1\LevelSequences\LabyrinthEnding\Ch06_EXPL_FollowSingingInPipes_Serdar_IReallyWish_Sub.json,I really wish I'd found that Haloperidol right about now.,
Impact\Content\Maps\Chapters\Chapter06\EXPL_EscapeLabyrinth1\LevelSequences\LabyrinthEnding\Ch06_EXPL_FollowSingingInPipes_Serdar_IReallyWish_Sub.json,Thank goodness Yana never described symptoms like these...,
Impact\Content\Maps\Chapters\Chapter06\EXPL_EscapeLabyrinth1\LevelSequences\LabyrinthEnding\Ch06_EXPL_FollowSingingInPipes_Serdar_OksanaWasReal_Sub.json,Oksana was real.,
Impact\Content\Maps\Chapters\Chapter06\EXPL_EscapeLabyrinth1\LevelSequences\LabyrinthEnding\Ch06_EXPL_FollowSingingInPipes_Serdar_OksanaWasReal_Sub.json,"She was. This radio woke up, and she spoke to me.",
Impact\Content\Maps\Chapters\Chapter06\EXPL_EscapeLabyrinth1\LevelSequences\LabyrinthEnding\Ch06_EXPL_FollowSingingInPipes_Serdar_OksanaWasReal_Sub.json,"Come on, Serdar, she helped you navigate this fucking labyrinth.",
Impact\Content\Maps\Chapters\Chapter06\EXPL_EscapeLabyrinth1\LevelSequences\LabyrinthEnding\Ch06_EXPL_FollowSingingInPipes_Serdar_OksanaWasReal_Sub.json,She can’t be a product of your imagination.,
Impact\Content\Maps\Chapters\Chapter06\EXPL_EscapeLabyrinth1\LevelSequences\LabyrinthEnding\Ch06_EXPL_FollowSingingInPipes_Serdar_OksanaWasReal_Sub.json,She knew things your subconscious wasn’t aware of.,
Impact\Content\Maps\Chapters\Chapter06\EXPL_EscapeLabyrinth1\LevelSequences\LabyrinthEnding\Ch06_EXPL_FollowSingingInPipes_Serdar_OksanaWasReal_Sub.json,"She has just fallen out of range, is all.",
Impact\Content\Maps\Chapters\Chapter06\EXPL_EscapeLabyrinth1\LevelSequences\LabyrinthEnding\Ch06_EXPL_FollowSingingInPipes_Serdar_OksanaWasReal_Sub.json,Damn it.,
Impact\Content\Maps\Chapters\Chapter06\EXPL_EscapeLabyrinth1\LevelSequences\LabyrinthEnding\Ch06_EXPL_FollowSingingInPipes_Serdar_ThisQuietIs_Sub.json,This quiet is more unsettling than the sound in the tubes...,
Impact\Content\Maps\Chapters\Chapter06\EXPL_EscapeLabyrinth1\LevelSequences\LabyrinthEnding\Ch06_EXPL_FollowSingingInPipes_Serdar_ThisQuietIs_Sub.json,Odd.,
Impact\Content\Maps\Chapters\Chapter06\EXPL_EscapeLabyrinth1\LevelSequences\LabyrinthEnding\Ch06_EXPL_FollowSingingInPipes_Serdar_WhenDidIt_Sub.json,When did it start?,
Impact\Content\Maps\Chapters\Chapter06\EXPL_EscapeLabyrinth1\LevelSequences\LabyrinthEnding\Ch06_EXPL_FollowSingingInPipes_Serdar_WhenDidIt_Sub.json,"Something triggered it, it’s often so with mental disorders,",
Impact\Content\Maps\Chapters\Chapter06\EXPL_EscapeLabyrinth1\LevelSequences\LabyrinthEnding\Ch06_EXPL_FollowSingingInPipes_Serdar_WhenDidIt_Sub.json,there’s a triggering event...,
Impact\Content\Maps\Chapters\Chapter06\EXPL_EscapeLabyrinth1\LevelSequences\LabyrinthEnding\Ch06_EXPL_FollowSingingInPipes_Serdar_WhenDidIt_Sub.json,Was it losing Yana?,
Impact\Content\Maps\Chapters\Chapter06\EXPL_EscapeLabyrinth1\LevelSequences\LabyrinthEnding\Ch06_EXPL_FollowSingingInPipes_Serdar_WhenDidIt_Sub.json,Was it making her go?,
Impact\Content\Maps\Chapters\Chapter06\EXPL_EscapeLabyrinth1\LevelSequences\LabyrinthEnding\Ch06_EXPL_FollowSingingInPipes_Serdar_WhenDidIt_Sub.json,Was it losing the connection with Max?,
Impact\Content\Maps\Chapters\Chapter06\EXPL_EscapeLabyrinth1\LevelSequences\LabyrinthEnding\Ch06_EXPL_FollowSingingInPipes_Serdar_WhenDidIt_Sub.json,Or with Oksana?,
Impact\Content\Maps\Chapters\Chapter06\EXPL_EscapeLabyrinth1\LevelSequences\PipeCallout1\Ch06_EXPL_EscapeLabyrinth1_Serdar_ItNotMy_Sub.json,It's not my mind; those tubes ARE making noise.,
Impact\Content\Maps\Chapters\Chapter06\EXPL_EscapeLabyrinth1\LevelSequences\PipeCallout1\Ch06_EXPL_EscapeLabyrinth1_Serdar_ItNotMy_Sub.json,It merely sounds like voices.,
Impact\Content\Maps\Chapters\Chapter06\EXPL_EscapeLabyrinth1\LevelSequences\PipeCallout2\Ch06_EXPL_EscapeLabyrinth1_Serdar_StrangeICan_Sub.json,Strange I can only hear that singing in certain locations...,
Impact\Content\Maps\Chapters\Chapter06\EXPL_EscapeLabyrinth1\LevelSequences\PipeCallout2\Ch06_EXPL_EscapeLabyrinth1_Serdar_StrangeICan_Sub.json,I mean that noise.,
Impact\Content\Maps\Chapters\Chapter06\EXPL_EscapeLabyrinth1\LevelSequences\PipeCallout2\Ch06_EXPL_EscapeLabyrinth1_Serdar_StrangeICan_Sub.json,"It's not singing, damnit.",
Impact\Content\Maps\Chapters\Chapter06\EXPL_EscapeLabyrinth1\LevelSequences\PipeCallout3\Ch06_EXPL_EscapeLabyrinth1_Serdar_WhatIfFollowing_Sub.json,What if following the voices has a degree of truth to it?,
Impact\Content\Maps\Chapters\Chapter06\EXPL_EscapeLabyrinth1\LevelSequences\PipeCallout3\Ch06_EXPL_EscapeLabyrinth1_Serdar_WhatIfFollowing_Sub.json,"Like, something about the air pressure coming from the direction of a doorway or",
Impact\Content\Maps\Chapters\Chapter06\EXPL_EscapeLabyrinth1\LevelSequences\PipeCallout3\Ch06_EXPL_EscapeLabyrinth1_Serdar_WhatIfFollowing_Sub.json,another room? I could try...,
Impact\Content\Maps\Chapters\Chapter06\EXPL_EscapeLabyrinth1\LevelSequences\PipeCallout4\Ch06_EXPL_EscapeLabyrinth1_Serdar_IsThatSinging_Sub.json,Is that singing my only hope of ever escaping this mad labyrinth?,
Impact\Content\Maps\Chapters\Chapter06\EXPL_EscapeLabyrinth1\LevelSequences\PreviewPipeReaction\Ch06_EXPL_EscapeLabyrinth1_Serdar_WasThatEnough_Sub.json,"Was that... grrr, stop!",
Impact\Content\Maps\Chapters\Chapter06\EXPL_EscapeLabyrinth1\LevelSequences\PreviewPipeReaction\Ch06_EXPL_EscapeLabyrinth1_Serdar_WasThatEnough_Sub.json,"Your mind's full enough with your own nonsense, you don't need Oksana's as well!",
Impact\Content\Maps\Chapters\Chapter06\EXPL_EscapeLabyrinth1\LevelSequences\PreviewPipeReaction\Ch06_EXPL_EscapeLabyrinth1_Serdar_WasThatEnough_Sub.json,"Control yourself, already!",
Impact\Content\Maps\Chapters\Chapter06\EXPL_EscapeLabyrinth1\LevelSequences\PreviewPipeReaction\Ch06_EXPL_EscapeLabyrinth1_Serdar_WasThatEnough_Sub.json,"Damn, I never trusted those who claimed schizophrenia was contagious...",
Impact\Content\Maps\Chapters\Chapter06\EXPL_EscapeLabyrinth1\LevelSequences\PreviewPipeReaction\Ch06_EXPL_EscapeLabyrinth1_Serdar_WasThatEnough_Sub.json,Could it be that these tunnels are driving me crazy?,
Impact\Content\Maps\Chapters\Chapter06\EXPL_EscapeLabyrinth1\LevelSequences\PreviewPipeReaction\Ch06_EXPL_EscapeLabyrinth1_Serdar_WasThatEnough_Sub.json,Or something in them...,
Impact\Content\Maps\Chapters\Chapter06\EXPL_EscapeLabyrinth1\LevelSequences\PreviewPipeReaction\Ch06_EXPL_EscapeLabyrinth1_Serdar_WasThatEnough_Sub.json,"Why did you throw your pills away, Yana?",
Impact\Content\Maps\Chapters\Chapter06\EXPL_EscapeLabyrinth1\LevelSequences\PreviewPipeReaction\Ch06_EXPL_EscapeLabyrinth1_Serdar_WasThatEnough_Sub.json,I might well use a couple of them right now!,
Impact\Content\Maps\Chapters\Chapter06\EXPL_EscapeLabyrinth1\LevelSequences\ReturnToRoom1\Ch06_EXPL_EscapeLabyrinth1_Serdar_WaitDidI_Sub.json,Wait. How did I get back here?,
Impact\Content\Maps\Chapters\Chapter06\EXPL_EscapeLabyrinth1\LevelSequences\ReturnToRoom2\Ch06_EXPL_EscapeLabyrinth1_Serdar_ThisIsNot_Sub.json,This is not happening.,
Impact\Content\Maps\Chapters\Chapter06\EXPL_EscapeLabyrinth1\LevelSequences\ReturnToRoom2\Ch06_EXPL_EscapeLabyrinth1_Serdar_ThisIsNot_Sub.json,"This is NOT happening, do you hear me?",
Impact\Content\Maps\Chapters\Chapter06\EXPL_EscapeLabyrinth1\LevelSequences\ReturnToRoom2\Ch06_EXPL_EscapeLabyrinth1_Serdar_ThisIsNot_Sub.json,It's a hallucination.,
Impact\Content\Maps\Chapters\Chapter06\EXPL_EscapeLabyrinth1\LevelSequences\ReturnToRoom2\Ch06_EXPL_EscapeLabyrinth1_Serdar_ThisIsNot_Sub.json,"Neurons misfiring, an imbalance in chemistry.",
Impact\Content\Maps\Chapters\Chapter06\EXPL_EscapeLabyrinth1\LevelSequences\ReturnToRoom2\Ch06_EXPL_EscapeLabyrinth1_Serdar_ThisIsNot_Sub.json,That's all.,
Impact\Content\Maps\Chapters\Chapter06\EXPL_EscapeLabyrinth1\LevelSequences\ReturnToRoom3\Ch06_EXPL_EscapeLabyrinth1_Serdar_DamnYouAnd_Sub.json,DAMN YOU AND THOSE INFERNAL PIPES!,
Impact\Content\Maps\Chapters\Chapter06\EXPL_EscapeLabyrinth1\LevelSequences\ReturnToRoom3\Ch06_EXPL_EscapeLabyrinth1_Serdar_DamnYouAnd_Sub.json,You're not real! You're a figment of my subconscious!,
Impact\Content\Maps\Chapters\Chapter06\EXPL_EscapeLabyrinth1\LevelSequences\ReturnToRoom4\Ch06_EXPL_EscapeLabyrinth1_Serdar_YouWillFind_Sub.json,"You WILL find a way, man.",
Impact\Content\Maps\Chapters\Chapter06\EXPL_EscapeLabyrinth1\LevelSequences\ReturnToRoom4\Ch06_EXPL_EscapeLabyrinth1_Serdar_YouWillFind_Sub.json,For Yana's sake.,
Impact\Content\Maps\Chapters\Chapter06\EXPL_FollowSingingInPipes\LockedDoor\Ch06_EXPL_FollowSingingInPipes_Serdar_Hello_Sub.json,Hello?,
Impact\Content\Maps\Chapters\Chapter06\EXPL_FollowSingingInPipes\Vents\Ch06_EXPL_FollowSingingInPipes_Serdar_FocusOnYana_Sub.json,Focus on Yana! Just focus on her and don't stop!,
Impact\Content\Maps\Chapters\Chapter06\TRAV_ChaseYana\AwakeAfterYanasPush\Ch06_TRAV_ChaseYana_Angry_Slaver_HeStillThere_Sub.json,He's still there! Move your ass!,
Impact\Content\Maps\Chapters\Chapter06\TRAV_ChaseYana\AwakeAfterYanasPush\Ch06_TRAV_ChaseYana_Oksana_LookThisHell_Sub.json,"Look, wherever this Hell's Mouth is,",
Impact\Content\Maps\Chapters\Chapter06\TRAV_ChaseYana\AwakeAfterYanasPush\Ch06_TRAV_ChaseYana_Oksana_LookThisHell_Sub.json,you can still catch them as long as we find you another ride soon!,
Impact\Content\Maps\Chapters\Chapter06\TRAV_ChaseYana\AwakeAfterYanasPush\Ch06_TRAV_ChaseYana_Oksana_ThereYouAre_Sub.json,There you are!,
Impact\Content\Maps\Chapters\Chapter06\TRAV_ChaseYana\AwakeAfterYanasPush\Ch06_TRAV_ChaseYana_Oksana_ThereYouAre_Sub.json,"Now that I know you're still breathing, you need to get off that line - right now.",
Impact\Content\Maps\Chapters\Chapter06\TRAV_ChaseYana\AwakeAfterYanasPush\Ch06_TRAV_ChaseYana_Serdar_ICanThe_Sub.json,I can't. Picking up the trail of these Worm savages is the only chance I have.,
Impact\Content\Maps\Chapters\Chapter06\TRAV_ChaseYana\AwakeAfterYanasPush\Ch06_TRAV_ChaseYana_Serdar_Yana_Sub.json,YANA?!?!,
Impact\Content\Maps\Chapters\Chapter06\TRAV_ChaseYana\InquireAboutYana\Ch06_TRAV_ChaseYana_Oksana_ButItYou_Sub.json,"But it’s still you, right?",
Impact\Content\Maps\Chapters\Chapter06\TRAV_ChaseYana\InquireAboutYana\Ch06_TRAV_ChaseYana_Oksana_ButItYou_Sub.json,So why would you lock that other you inside?,
Impact\Content\Maps\Chapters\Chapter06\TRAV_ChaseYana\InquireAboutYana\Ch06_TRAV_ChaseYana_Oksana_OhMyYou_Sub.json,Oh my.,
Impact\Content\Maps\Chapters\Chapter06\TRAV_ChaseYana\InquireAboutYana\Ch06_TRAV_ChaseYana_Oksana_OhMyYou_Sub.json,What if they were real?,
Impact\Content\Maps\Chapters\Chapter06\TRAV_ChaseYana\InquireAboutYana\Ch06_TRAV_ChaseYana_Oksana_ScaredOfWhat_Sub.json,Scared of what?,
Impact\Content\Maps\Chapters\Chapter06\TRAV_ChaseYana\InquireAboutYana\Ch06_TRAV_ChaseYana_Oksana_ShapedAsGenghis_Sub.json,Shaped as Genghis Khan?,
Impact\Content\Maps\Chapters\Chapter06\TRAV_ChaseYana\InquireAboutYana\Ch06_TRAV_ChaseYana_Oksana_TellMe_Sub.json,Tell me.,
Impact\Content\Maps\Chapters\Chapter06\TRAV_ChaseYana\InquireAboutYana\Ch06_TRAV_ChaseYana_Oksana_YesCourse_Sub.json,"Yes, of course.",
Impact\Content\Maps\Chapters\Chapter06\TRAV_ChaseYana\InquireAboutYana\Ch06_TRAV_ChaseYana_Serdar_ForgetAboutIt_Sub.json,Forget about it. Just...,
Impact\Content\Maps\Chapters\Chapter06\TRAV_ChaseYana\InquireAboutYana\Ch06_TRAV_ChaseYana_Serdar_ForgetAboutIt_Sub.json,let me know if you overhear anything more from the slavers.,
Impact\Content\Maps\Chapters\Chapter06\TRAV_ChaseYana\InquireAboutYana\Ch06_TRAV_ChaseYana_Serdar_IScared_Sub.json,"I’m scared, Oksana.",
Impact\Content\Maps\Chapters\Chapter06\TRAV_ChaseYana\InquireAboutYana\Ch06_TRAV_ChaseYana_Serdar_ISeeingThings_Sub.json,I'm seeing things...,
Impact\Content\Maps\Chapters\Chapter06\TRAV_ChaseYana\InquireAboutYana\Ch06_TRAV_ChaseYana_Serdar_ISeeingThings_Sub.json,hearing things...,
Impact\Content\Maps\Chapters\Chapter06\TRAV_ChaseYana\InquireAboutYana\Ch06_TRAV_ChaseYana_Serdar_ItMySubconscious_Sub.json,"It’s my subconscious trying to warn me about something, clearly.",
Impact\Content\Maps\Chapters\Chapter06\TRAV_ChaseYana\InquireAboutYana\Ch06_TRAV_ChaseYana_Serdar_ItMySubconscious_Sub.json,Some fears I suppress...,
Impact\Content\Maps\Chapters\Chapter06\TRAV_ChaseYana\InquireAboutYana\Ch06_TRAV_ChaseYana_Serdar_ItMySubconscious_Sub.json,Are coming out.,
Impact\Content\Maps\Chapters\Chapter06\TRAV_ChaseYana\InquireAboutYana\Ch06_TRAV_ChaseYana_Serdar_OfLosingMy_Sub.json,Of losing my mind...,
Impact\Content\Maps\Chapters\Chapter06\TRAV_ChaseYana\InquireAboutYana\Ch06_TRAV_ChaseYana_Serdar_OfLosingMy_Sub.json,I feel like my entire life I’ve been sitting on a hatch.,
Impact\Content\Maps\Chapters\Chapter06\TRAV_ChaseYana\InquireAboutYana\Ch06_TRAV_ChaseYana_Serdar_OfLosingMy_Sub.json,Sealing a deep well.,
Impact\Content\Maps\Chapters\Chapter06\TRAV_ChaseYana\InquireAboutYana\Ch06_TRAV_ChaseYana_Serdar_OfLosingMy_Sub.json,"And in that well, there’s something...",
Impact\Content\Maps\Chapters\Chapter06\TRAV_ChaseYana\InquireAboutYana\Ch06_TRAV_ChaseYana_Serdar_OfLosingMy_Sub.json,Someone there. Huge.,
Impact\Content\Maps\Chapters\Chapter06\TRAV_ChaseYana\InquireAboutYana\Ch06_TRAV_ChaseYana_Serdar_OfLosingMy_Sub.json,Powerful. Waiting.,
Impact\Content\Maps\Chapters\Chapter06\TRAV_ChaseYana\InquireAboutYana\Ch06_TRAV_ChaseYana_Serdar_OfLosingMy_Sub.json,No... Demanding to be unleashed.,
Impact\Content\Maps\Chapters\Chapter06\TRAV_ChaseYana\InquireAboutYana\Ch06_TRAV_ChaseYana_Serdar_OfLosingMy_Sub.json,And I must hold this hatch down with all my weight.,
Impact\Content\Maps\Chapters\Chapter06\TRAV_ChaseYana\InquireAboutYana\Ch06_TRAV_ChaseYana_Serdar_OfLosingMy_Sub.json,And if I ever lose balance it will come out.,
Impact\Content\Maps\Chapters\Chapter06\TRAV_ChaseYana\InquireAboutYana\Ch06_TRAV_ChaseYana_Serdar_OfLosingMy_Sub.json,"Maybe it will come out one day anyway,",
Impact\Content\Maps\Chapters\Chapter06\TRAV_ChaseYana\InquireAboutYana\Ch06_TRAV_ChaseYana_Serdar_OfLosingMy_Sub.json,because it’s much stronger and way more cunning than I am.,
Impact\Content\Maps\Chapters\Chapter06\TRAV_ChaseYana\InquireAboutYana\Ch06_TRAV_ChaseYana_Serdar_OksanaFearSomething_Sub.json,"Oksana... Oksana, I fear something is very wrong with me.",
Impact\Content\Maps\Chapters\Chapter06\TRAV_ChaseYana\InquireAboutYana\Ch06_TRAV_ChaseYana_Serdar_YanaUsedTo_Sub.json,"Yana used to say I was the reincarnation of Genghis Khan, and now...",
Impact\Content\Maps\Chapters\Chapter06\TRAV_ChaseYana\InquireAboutYana\Ch06_TRAV_ChaseYana_Serdar_YanaUsedTo_Sub.json,"twice, I've had moments where I see him hunting her.",
Impact\Content\Maps\Chapters\Chapter06\TRAV_ChaseYana\InquireAboutYana\Ch06_TRAV_ChaseYana_Serdar_YanaUsedTo_Sub.json,Murdering her.,
Impact\Content\Maps\Chapters\Chapter06\TRAV_EscapeSlavers\EndoftheLine\Ch06_TRAV_EscapeSlavers_Oksana_TheOneWith_Sub.json,The one with Yana?,
Impact\Content\Maps\Chapters\Chapter06\TRAV_EscapeSlavers\EndoftheLine\Ch06_TRAV_EscapeSlavers_Serdar_ImpossibleToTell_Sub.json,Impossible to tell.,
Impact\Content\Maps\Chapters\Chapter06\TRAV_EscapeSlavers\EndoftheLine\Ch06_TRAV_EscapeSlavers_Serdar_ThatOneOf_Sub.json,That's one of the slaver's transports!,
Impact\Content\Maps\Chapters\Chapter06\TRAV_EscapeSlavers\SlaversOnCart\Ch06_TRAV_EscapeSlavers_Serdar_UnlessItExceedingly_Sub.json,"Unless it's an exceedingly slow ambush, those flesh peddlers are alone in there.",
Impact\Content\Maps\Chapters\Chapter06\TRAV_EscapeSlavers\SlaversOnCart\Ch06_TRAV_EscapeSlavers_Serdar_UnlessItExceedingly_Sub.json,"But if the worm people did pass through here, perhaps Oksana was right about there",
Impact\Content\Maps\Chapters\Chapter06\TRAV_EscapeSlavers\SlaversOnCart\Ch06_TRAV_EscapeSlavers_Serdar_UnlessItExceedingly_Sub.json,being an auxiliary train line somewhere.,
Impact\Content\Maps\Chapters\Chapter06\TRAV_EscapeSlavers\SlaversOnCart\Ch06_TRAV_EscapeSlavers_Serdar_UnlessItExceedingly_Sub.json,And that room would be the right spot for it.,
Impact\Content\Maps\Chapters\Chapter06\TRAV_EscapeSlavers\TalkAboutHellsMouth\Ch06_TRAV_EscapeSlavers_Oksana_AFewYears_Sub.json,A few years after it became obvious none of us,
Impact\Content\Maps\Chapters\Chapter06\TRAV_EscapeSlavers\TalkAboutHellsMouth\Ch06_TRAV_EscapeSlavers_Oksana_AFewYears_Sub.json,"were heading back to the surface anytime soon,",
Impact\Content\Maps\Chapters\Chapter06\TRAV_EscapeSlavers\TalkAboutHellsMouth\Ch06_TRAV_EscapeSlavers_Oksana_AFewYears_Sub.json,"I got lost on my way to Exhibition; to this day, I'm still not sure how.",
Impact\Content\Maps\Chapters\Chapter06\TRAV_EscapeSlavers\TalkAboutHellsMouth\Ch06_TRAV_EscapeSlavers_Oksana_AFewYears_Sub.json,"I wound up out near Dostoevskaya, and the man who found me insisted something",
Impact\Content\Maps\Chapters\Chapter06\TRAV_EscapeSlavers\TalkAboutHellsMouth\Ch06_TRAV_EscapeSlavers_Oksana_AFewYears_Sub.json,singing in the tunnel's pipes had led him to me.,
Impact\Content\Maps\Chapters\Chapter06\TRAV_EscapeSlavers\TalkAboutHellsMouth\Ch06_TRAV_EscapeSlavers_Oksana_EarlierVoicesTrapped_Sub.json,"Earlier, the voices trapped inside the train.",
Impact\Content\Maps\Chapters\Chapter06\TRAV_EscapeSlavers\TalkAboutHellsMouth\Ch06_TRAV_EscapeSlavers_Oksana_YesIs_Sub.json,Yes.,
Impact\Content\Maps\Chapters\Chapter06\TRAV_EscapeSlavers\TalkAboutHellsMouth\Ch06_TRAV_EscapeSlavers_Oksana_YesIs_Sub.json,"Yes, it is.",
Impact\Content\Maps\Chapters\Chapter06\TRAV_EscapeSlavers\TalkAboutHellsMouth\Ch06_TRAV_EscapeSlavers_Serdar_ByThatLogic_Sub.json,"By that logic, you could be one of those voices right now!",
Impact\Content\Maps\Chapters\Chapter06\TRAV_EscapeSlavers\TalkAboutHellsMouth\Ch06_TRAV_EscapeSlavers_Serdar_ByThatLogic_Sub.json,"It's equally plausible, isn't it?",
Impact\Content\Maps\Chapters\Chapter06\TRAV_EscapeSlavers\TalkAboutHellsMouth\Ch06_TRAV_EscapeSlavers_Serdar_DamnFool_Sub.json,Damn fool...,
Impact\Content\Maps\Chapters\Chapter06\TRAV_EscapeSlavers\TalkAboutHellsMouth\Ch06_TRAV_EscapeSlavers_Serdar_Oksana_Sub.json,Oksana?,
Impact\Content\Maps\Chapters\Chapter06\TRAV_EscapeSlavers\TalkAboutHellsMouth\Ch06_TRAV_EscapeSlavers_Serdar_Oksana_Sub.json,Oksana??,
Impact\Content\Maps\Chapters\Chapter06\TRAV_EscapeSlavers\TalkAboutHellsMouth\Ch06_TRAV_EscapeSlavers_Serdar_OksanaAgain_Sub.json,"Oksana-- please, not again.",
Impact\Content\Maps\Chapters\Chapter06\TRAV_EscapeSlavers\TalkAboutHellsMouth\Ch06_TRAV_EscapeSlavers_Serdar_ThenIfYou_Sub.json,"Then if you're a hallucination, please, by all means!",
Impact\Content\Maps\Chapters\Chapter06\TRAV_EscapeSlavers\TalkAboutHellsMouth\Ch06_TRAV_EscapeSlavers_Serdar_ThenIfYou_Sub.json,"Oh, my subconscious! I am talking to you!",
Impact\Content\Maps\Chapters\Chapter06\TRAV_EscapeSlavers\TalkAboutHellsMouth\Ch06_TRAV_EscapeSlavers_Serdar_ThenIfYou_Sub.json,Do reveal these magic pipes that are supposed to solve all my problems!,
Impact\Content\Maps\Chapters\Chapter06\TRAV_EscapeSlavers\TalkAboutHellsMouth\Ch06_TRAV_EscapeSlavers_Serdar_TheOnesYou_Sub.json,The ones you didn't hear?,
Impact\Content\Maps\Chapters\Chapter06\TRAV_EscapeSlavers\TalkAboutHellsMouth\Ch06_TRAV_EscapeSlavers_Serdar_TheOnesYou_Sub.json,Most likely because they were in my head?,
Impact\Content\Maps\Chapters\Chapter06\TROL_ToForsakenTunnels1\LevelSequences\TryContactOksana\Ch06_TROL_ToForsakenTunnels1_Serdar_Anyone_Sub.json,Anyone?,
Impact\Content\Maps\Chapters\Chapter06\TROL_ToForsakenTunnels1\LevelSequences\TryContactOksana\Ch06_TROL_ToForsakenTunnels1_Serdar_MaxSerdarCopy_Sub.json,Max?,
Impact\Content\Maps\Chapters\Chapter06\TROL_ToForsakenTunnels1\LevelSequences\TryContactOksana\Ch06_TROL_ToForsakenTunnels1_Serdar_MaxSerdarCopy_Sub.json,"Max, it's Serdar, do you copy?",
Impact\Content\Maps\Chapters\Chapter06\TROL_ToForsakenTunnels1\LevelSequences\TryContactOksana\Ch06_TROL_ToForsakenTunnels1_Serdar_OksanaYouHear_Sub.json,"Oksana, can you hear me?",
Impact\Content\Maps\Chapters\Chapter06\TROL_ToYanasRailCart\LevelSequences\AfterLastWave\Ch06_TROL_ToYanasRailCart_Oksana_AtLeastFor_Sub.json,"At least for a little longer, it seems.",
Impact\Content\Maps\Chapters\Chapter06\TROL_ToYanasRailCart\LevelSequences\AfterLastWave\Ch06_TROL_ToYanasRailCart_Oksana_DoNotWorry_Sub.json,Do not worry about me and Alex.,
Impact\Content\Maps\Chapters\Chapter06\TROL_ToYanasRailCart\LevelSequences\AfterLastWave\Ch06_TROL_ToYanasRailCart_Oksana_DoNotWorry_Sub.json,My gut tells me those men aren't the danger to us that I thought they were.,
Impact\Content\Maps\Chapters\Chapter06\TROL_ToYanasRailCart\LevelSequences\AfterLastWave\Ch06_TROL_ToYanasRailCart_Serdar_DonGoOn_Sub.json,"Don’t go on too much about guts, please!",
Impact\Content\Maps\Chapters\Chapter06\TROL_ToYanasRailCart\LevelSequences\AfterLastWave\Ch06_TROL_ToYanasRailCart_Serdar_DonGoOn_Sub.json,This reminds me of a certain lady whose gut got us into this!,
Impact\Content\Maps\Chapters\Chapter06\TROL_ToYanasRailCart\LevelSequences\AfterLastWave\Ch06_TROL_ToYanasRailCart_Serdar_IMeantWhat_Sub.json,I meant what I said - I haven't forgotten about Alex.,
Impact\Content\Maps\Chapters\Chapter06\TROL_ToYanasRailCart\LevelSequences\AfterLastWave\Ch06_TROL_ToYanasRailCart_Serdar_IMeantWhat_Sub.json,"Once Yana's safe, I'll return with help.",
Impact\Content\Maps\Chapters\Chapter06\TROL_ToYanasRailCart\LevelSequences\AfterLastWave\Ch06_TROL_ToYanasRailCart_Serdar_OksanaYouStill_Sub.json,"Oksana, are you still with me?",
Impact\Content\Maps\Chapters\Chapter06\TROL_ToYanasRailCart\LevelSequences\BetweenWaves\Ch06_TROL_ToYanasRailCart_Oksana_EhYesSuppose_Sub.json,"Eh, yes, I suppose...",
Impact\Content\Maps\Chapters\Chapter06\TROL_ToYanasRailCart\LevelSequences\BetweenWaves\Ch06_TROL_ToYanasRailCart_Oksana_MyTarotCards_Sub.json,My Tarot cards…,
Impact\Content\Maps\Chapters\Chapter06\TROL_ToYanasRailCart\LevelSequences\BetweenWaves\Ch06_TROL_ToYanasRailCart_Oksana_MyTarotCards_Sub.json,How come… I can’t touch them.,
Impact\Content\Maps\Chapters\Chapter06\TROL_ToYanasRailCart\LevelSequences\BetweenWaves\Ch06_TROL_ToYanasRailCart_Oksana_MyTarotCards_Sub.json,They’re… Where are they?,
Impact\Content\Maps\Chapters\Chapter06\TROL_ToYanasRailCart\LevelSequences\BetweenWaves\Ch06_TROL_ToYanasRailCart_Oksana_NoICan_Sub.json,"No. I can’t find anything, Serdar.",
Impact\Content\Maps\Chapters\Chapter06\TROL_ToYanasRailCart\LevelSequences\BetweenWaves\Ch06_TROL_ToYanasRailCart_Oksana_NoICan_Sub.json,I feel like I’m not going to ever find anything.,
Impact\Content\Maps\Chapters\Chapter06\TROL_ToYanasRailCart\LevelSequences\BetweenWaves\Ch06_TROL_ToYanasRailCart_Oksana_NoICan_Sub.json,I feel trapped!,
Impact\Content\Maps\Chapters\Chapter06\TROL_ToYanasRailCart\LevelSequences\BetweenWaves\Ch06_TROL_ToYanasRailCart_Serdar_ActuallyIKnow_Sub.json,Actually... I know it goes against everything I’ve told you so far...,
Impact\Content\Maps\Chapters\Chapter06\TROL_ToYanasRailCart\LevelSequences\BetweenWaves\Ch06_TROL_ToYanasRailCart_Serdar_ActuallyIKnow_Sub.json,But could you... Would you please...,
Impact\Content\Maps\Chapters\Chapter06\TROL_ToYanasRailCart\LevelSequences\BetweenWaves\Ch06_TROL_ToYanasRailCart_Serdar_ActuallyIKnow_Sub.json,Do Tarot for me?,
Impact\Content\Maps\Chapters\Chapter06\TROL_ToYanasRailCart\LevelSequences\BetweenWaves\Ch06_TROL_ToYanasRailCart_Serdar_ActuallyIKnow_Sub.json,"If it doesn’t help, it won’t hurt either.",
Impact\Content\Maps\Chapters\Chapter06\TROL_ToYanasRailCart\LevelSequences\BetweenWaves\Ch06_TROL_ToYanasRailCart_Serdar_OksanaDonAlex_Sub.json,"Oksana, don’t worry.",
Impact\Content\Maps\Chapters\Chapter06\TROL_ToYanasRailCart\LevelSequences\BetweenWaves\Ch06_TROL_ToYanasRailCart_Serdar_OksanaDonAlex_Sub.json,I’ll find Alex and we’ll come back for you.,
Impact\Content\Maps\Chapters\Chapter06\TROL_ToYanasRailCart\LevelSequences\BetweenWaves\Ch06_TROL_ToYanasRailCart_Serdar_OksanaDonAlex_Sub.json,I promise.,
Impact\Content\Maps\Chapters\Chapter06\TROL_ToYanasRailCart\LevelSequences\BetweenWaves\Ch06_TROL_ToYanasRailCart_Serdar_YeahNowYou_Sub.json,"Yeah, now you tell me I’ve been so arrogant about anything spiritual.",
Impact\Content\Maps\Chapters\Chapter06\TROL_ToYanasRailCart\LevelSequences\BetweenWaves\Ch06_TROL_ToYanasRailCart_Serdar_YouCanThem_Sub.json,You can’t touch them?,
Impact\Content\Maps\Chapters\Chapter06\TTR_EvadeSlavers4\GateElectricPanel\Nudge_General_Gameplay_Serdar_AlmostThere_Sub.json,Almost there.,
Impact\Content\Maps\Chapters\Chapter06\TTR_EvadeSlavers4\GuardFixingLights\Ch06_TTR_EvadeSlavers4_Slaver01_FyodorGotEaten_Sub.json,Fyodor got eaten.,
Impact\Content\Maps\Chapters\Chapter06\TTR_EvadeSlavers4\GuardFixingLights\Ch06_TTR_EvadeSlavers4_Slaver01_FyodorGotEaten_Sub.json,By a CANNIBAL...! How the fuck is that even a real thing?!??,
Impact\Content\Maps\Chapters\Chapter06\TTR_EvadeSlavers4\GuardFixingLights\Ch06_TTR_EvadeSlavers4_Slaver02_ButWatchingThat_Sub.json,But watching that pasty motherfucker chomping on Fyodor's arm...,
Impact\Content\Maps\Chapters\Chapter06\TTR_EvadeSlavers4\GuardFixingLights\Ch06_TTR_EvadeSlavers4_Slaver02_ButWatchingThat_Sub.json,I want to throw up even thinking about it.,
Impact\Content\Maps\Chapters\Chapter06\TTR_EvadeSlavers4\GuardFixingLights\Ch06_TTR_EvadeSlavers4_Slaver02_GuysGettingShot_Sub.json,"Guys getting shot, I can handle.",
Impact\Content\Maps\Chapters\Chapter06\TTR_EvadeSlavers4\GuardFixingLights\Ch06_TTR_EvadeSlavers4_Slaver02_GuysGettingShot_Sub.json,"Hell, I had one guy who's head exploded right next to me.",
Impact\Content\Maps\Chapters\Chapter06\TTR_EvadeSlavers4\GuardFixingLights\Ch06_TTR_EvadeSlavers4_Slaver03_CTheArea_Sub.json,C'mon. Sweep the area.,
Impact\Content\Maps\Chapters\Chapter06\TTR_EvadeSlavers4\GuardMeeting1\Ch06_TTR_EvadeSlavers4_Slaver01_IGotA_Sub.json,I've got a very bad feeling about this place.,
Impact\Content\Maps\Chapters\Chapter06\TTR_EvadeSlavers4\GuardMeeting1\Ch06_TTR_EvadeSlavers4_Slaver02_YeahLoveTo_Sub.json,"Yeah, well, I'd love to find somewhere in the Metro I DON'T have a bad feeling about.",
Impact\Content\Maps\Chapters\Chapter06\TTR_EvadeSlavers4\GuardMeeting1\Ch06_TTR_EvadeSlavers4_Slaver02_YeahLoveTo_Sub.json,Just keep your eyes open.,
Impact\Content\Maps\Chapters\Chapter06\TTR_EvadeSlavers4\SerdarTalkingToHimself\Ch06_TTR_EvadeSlavers4_Serdar_OksanaRailwayMust_Sub.json,Oksana's railway must be through that door.,
Impact\Content\Maps\Chapters\Chapter06\TTR_EvadeSlavers4\SerdarTalkingToHimself\Ch06_TTR_EvadeSlavers4_Serdar_OksanaRailwayMust_Sub.json,Now if I can open it...,
Impact\Content\Maps\Chapters\Chapter07\EXPL_FollowSoldierShade\FollowShade\Ch07_EXPL_FollowSoldierShade_Serdar_IBelieveThis_Sub.json,I believe this is what you're looking for.,
Impact\Content\Maps\Chapters\Chapter07\EXPL_FollowSoldierShade\FollowShade\Ch07_EXPL_FollowSoldierShade_Serdar_Tamir_Sub.json,Tamir??,
Impact\Content\Maps\Chapters\Chapter07\EXPL_FollowSoldierShade\FollowShade\Ch07_EXPL_FollowSoldierShade_Serdar_WhatWasIt_Sub.json,"What was it called, again...",
Impact\Content\Maps\Chapters\Chapter07\EXPL_FollowSoldierShade\FollowShade\Ch07_EXPL_FollowSoldierShade_Serdar_YourFatherIt_Sub.json,Your father's novel...,
Impact\Content\Maps\Chapters\Chapter07\EXPL_FollowSoldierShade\FollowShade\Ch07_EXPL_FollowSoldierShade_Serdar_YourFatherIt_Sub.json,I discovered it digging through a stack one of the stalkers dragged through here...,
Impact\Content\Maps\Chapters\Chapter07\EXPL_FollowSoldierShade\FollowShade\Ch07_EXPL_FollowSoldierShade_Tamir_ChristWonderYou_Sub.json,"Christ, no wonder you avoided me.",
Impact\Content\Maps\Chapters\Chapter07\EXPL_FollowSoldierShade\FollowShade\Ch07_EXPL_FollowSoldierShade_Tamir_ChristWonderYou_Sub.json,You're hoarding the entire public library in here!,
Impact\Content\Maps\Chapters\Chapter07\EXPL_FollowSoldierShade\FollowShade\Ch07_EXPL_FollowSoldierShade_Tamir_DonPlayDumb_Sub.json,Don't play dumb.,
Impact\Content\Maps\Chapters\Chapter07\EXPL_FollowSoldierShade\FollowShade\Ch07_EXPL_FollowSoldierShade_Tamir_DonPlayDumb_Sub.json,"I know you've been avoiding me, admit it.",
Impact\Content\Maps\Chapters\Chapter07\EXPL_FollowSoldierShade\FollowShade\Ch07_EXPL_FollowSoldierShade_Tamir_DonPlayDumb_Sub.json,You couldn't dig up my dad's book after all.,
Impact\Content\Maps\Chapters\Chapter07\EXPL_FollowSoldierShade\FollowShade\Ch07_EXPL_FollowSoldierShade_Tamir_HeWroteThis_Sub.json,"He wrote this when he was my age, you know.",
Impact\Content\Maps\Chapters\Chapter07\EXPL_FollowSoldierShade\FollowShade\Ch07_EXPL_FollowSoldierShade_Tamir_HeWroteThis_Sub.json,"Never thought I'd see one again, not after the evacuation.",
Impact\Content\Maps\Chapters\Chapter07\EXPL_FollowSoldierShade\FollowShade\Ch07_EXPL_FollowSoldierShade_Tamir_HeWroteThis_Sub.json,The very last piece of him...,
Impact\Content\Maps\Chapters\Chapter07\EXPL_FollowSoldierShade\FollowShade\Ch07_EXPL_FollowSoldierShade_Tamir_HeWroteThis_Sub.json,"I owe you one, Khan – thanks.",
Impact\Content\Maps\Chapters\Chapter07\EXPL_FollowSoldierShade\FollowShade\Ch07_EXPL_FollowSoldierShade_Tamir_HolyShitYou_Sub.json,"Holy shit, I can't believe you actually tracked it down.",
Impact\Content\Maps\Chapters\Chapter07\EXPL_FollowSoldierShade\FollowShade\Ch07_EXPL_FollowSoldierShade_Tamir_HolyShitYou_Sub.json,That sucker wasn't even in print when I was born!,
Impact\Content\Maps\Chapters\Chapter07\EXPL_FollowSoldierShade\FollowShade\Ch07_EXPL_FollowSoldierShade_Tamir_LookKnowI_Sub.json,"Look - I know I can be a dick sometimes, but y'know --",
Impact\Content\Maps\Chapters\Chapter07\EXPL_FollowSoldierShade\FollowShade\Ch07_EXPL_FollowSoldierShade_Tamir_LookKnowI_Sub.json,not everybody would give a crap about hunting down some stupid childhood bullshit.,
Impact\Content\Maps\Chapters\Chapter07\EXPL_FollowSoldierShade\FollowShade\Ch07_EXPL_FollowSoldierShade_Tamir_LookKnowI_Sub.json,"I-- I appreciate it, Khan.",
Impact\Content\Maps\Chapters\Chapter07\EXPL_FollowSoldierShade\FollowShade\Ch07_EXPL_FollowSoldierShade_Tamir_LookKnowI_Sub.json,You're OK.,
Impact\Content\Maps\Chapters\Chapter07\EXPL_FollowSoldierShade\FollowShade\Ch07_EXPL_FollowSoldierShade_Tamir_Nudge_AnyDayNow_Sub.json,Any day now.,
Impact\Content\Maps\Chapters\Chapter07\EXPL_FollowSoldierShade\FollowShade\Ch07_EXPL_FollowSoldierShade_Tamir_Nudge_ComeOn_Sub.json,"Come on, man! Let's go!",
Impact\Content\Maps\Chapters\Chapter07\EXPL_FollowSoldierShade\FollowShade\Ch07_EXPL_FollowSoldierShade_Tamir_Nudge_HavenYouMade_Sub.json,Haven't you made me wait long enough already??,
Impact\Content\Maps\Chapters\Chapter07\EXPL_FollowSoldierShade\FollowShade\Ch07_EXPL_FollowSoldierShade_Tamir_Nudge_HeyGotPlaces_Sub.json,Hey! I've got places to be here!,
Impact\Content\Maps\Chapters\Chapter07\EXPL_FollowSoldierShade\FollowShade\Ch07_EXPL_FollowSoldierShade_Tamir_Nudge_YouComing_Sub.json,You coming?,
Impact\Content\Maps\Chapters\Chapter07\EXPL_FollowSoldierShade\FollowShade\Ch07_EXPL_FollowSoldierShade_Tamir_SomeSecretAgent_Sub.json,Some secret agent shit.,
Impact\Content\Maps\Chapters\Chapter07\EXPL_FollowSoldierShade\FollowShade\Ch07_EXPL_FollowSoldierShade_Tamir_SomeSecretAgent_Sub.json,Lots of smoking and screwing British spies for intel and stuff.,
Impact\Content\Maps\Chapters\Chapter07\EXPL_FollowSoldierShade\FollowShade\Ch07_EXPL_FollowSoldierShade_Tamir_SomeSecretAgent_Sub.json,My mother used to call it 'the other woman'...,
Impact\Content\Maps\Chapters\Chapter07\EXPL_FollowSoldierShade\FollowShade\Ch07_EXPL_FollowSoldierShade_Tamir_SomeSecretAgent_Sub.json,"after he died, of course; he got too pissed if she said it to his face.",
Impact\Content\Maps\Chapters\Chapter07\EXPL_FollowSoldierShade\FollowShade\Ch07_EXPL_FollowSoldierShade_Tamir_TheMoskvaReport_Sub.json,"""The Report""",
Impact\Content\Maps\Chapters\Chapter07\EXPL_FollowSoldierShade\FollowShade\Ch07_EXPL_FollowSoldierShade_Tamir_ThisIsYour_Sub.json,"This is your bunk, right?",
Impact\Content\Maps\Chapters\Chapter07\EXPL_FollowSoldierShade\FollowShade\Ch07_EXPL_FollowSoldierShade_Tamir_YouFoundIt_Sub.json,You found it??!,
Impact\Content\Maps\Chapters\Chapter07\EXPL_FollowSoldierShade\FollowShade\Ch07_EXPL_FollowSoldierShade_Tamir_YouFoundIt_Sub.json,Is it in your quarters?,
Impact\Content\Maps\Chapters\Chapter07\EXPL_FollowSoldierShade\FollowShade\Ch07_EXPL_FollowSoldierShade_Tamir_YouFoundIt_Sub.json,Let's go!,
Impact\Content\Maps\Chapters\Chapter07\HYG_FightNosalises\GhostVoices\Ch07_HYG_FightNosalises_Polyanka_Voices_01_HelpUsYou_Sub.json,"Help us, Khan!",
Impact\Content\Maps\Chapters\Chapter07\HYG_FightNosalises\GhostVoices\Ch07_HYG_FightNosalises_Polyanka_Voices_01_HelpUsYou_Sub.json,"Khan! Where are you, Khan!",
Impact\Content\Maps\Chapters\Chapter07\HYG_FightNosalises\GhostVoices\Ch07_HYG_FightNosalises_Polyanka_Voices_01_StayDown_Sub.json,"Stay down, you fuckers!!!",
Impact\Content\Maps\Chapters\Chapter07\HYG_FightNosalises\GhostVoices\Ch07_HYG_FightNosalises_Polyanka_Voices_01_WhereAreThey_Sub.json,Where are they getting in from?!!,
Impact\Content\Maps\Chapters\Chapter07\HYG_FightNosalises\GhostVoices\Ch07_HYG_FightNosalises_Polyanka_Voices_02_FragOut_Sub.json,Frag out!,
Impact\Content\Maps\Chapters\Chapter07\HYG_FightNosalises\GhostVoices\Ch07_HYG_FightNosalises_Polyanka_Voices_02_GetKhanAnd_Sub.json,Get Khan and Kuzmich up here!,
Impact\Content\Maps\Chapters\Chapter07\HYG_FightNosalises\GhostVoices\Ch07_HYG_FightNosalises_Polyanka_Voices_02_HelpUsYou_Sub.json,"Help us, Khan!",
Impact\Content\Maps\Chapters\Chapter07\HYG_FightNosalises\GhostVoices\Ch07_HYG_FightNosalises_Polyanka_Voices_02_HelpUsYou_Sub.json,"Khan! Where are you, Khan!",
Impact\Content\Maps\Chapters\Chapter07\HYG_FightNosalises\GhostVoices\Ch07_HYG_FightNosalises_Polyanka_Voices_03_BlowTheGateKhan_Sub.json,"Blow the gate, Khan!",
Impact\Content\Maps\Chapters\Chapter07\HYG_FightNosalises\GhostVoices\Ch07_HYG_FightNosalises_Polyanka_Voices_03_HelpUsYou_Sub.json,"Help us, Khan!",
Impact\Content\Maps\Chapters\Chapter07\HYG_FightNosalises\GhostVoices\Ch07_HYG_FightNosalises_Polyanka_Voices_03_HelpUsYou_Sub.json,"Khan! Where are you, Khan!",
Impact\Content\Maps\Chapters\Chapter07\HYG_FightNosalises\GhostVoices\Ch07_HYG_FightNosalises_Polyanka_Voices_03_TheyGotTheir_Sub.json,They've got their own problems!,
Impact\Content\Maps\Chapters\Chapter07\HYG_FightNosalises\GhostVoices\Ch07_HYG_FightNosalises_Polyanka_Voices_04_HelpUsYou_Sub.json,"Help us, Khan!",
Impact\Content\Maps\Chapters\Chapter07\HYG_FightNosalises\GhostVoices\Ch07_HYG_FightNosalises_Polyanka_Voices_04_HelpUsYou_Sub.json,"Khan! Where are you, Khan!",
Impact\Content\Maps\Chapters\Chapter07\HYG_FightNosalises\GhostVoices\Ch07_HYG_FightNosalises_Polyanka_Voices_04_YouHaveTo_Sub.json,You have to stop them!,
Impact\Content\Maps\Chapters\Chapter07\HYG_FightNosalises\GhostVoices\Ch07_HYG_FightNosalises_Polyanka_Voices_04_YouHaveTo_Sub.json,They're getting in!,
Impact\Content\Maps\Chapters\Chapter07\HYG_FightNosalises\GhostVoices\Ch07_HYG_FightNosalises_Polyanka_Voices_05_EvacuateTheWomen_Sub.json,Evacuate the women and children!,
Impact\Content\Maps\Chapters\Chapter07\HYG_FightNosalises\GhostVoices\Ch07_HYG_FightNosalises_Polyanka_Voices_05_HelpUsYou_Sub.json,"Help us, Khan!",
Impact\Content\Maps\Chapters\Chapter07\HYG_FightNosalises\GhostVoices\Ch07_HYG_FightNosalises_Polyanka_Voices_05_HelpUsYou_Sub.json,"Khan! Where are you, Khan!",
Impact\Content\Maps\Chapters\Chapter07\HYG_FightNosalises\GhostVoices\Ch07_HYG_FightNosalises_PolyankaVoices01_Nudge_HereTheyCome_Sub.json,Here they come again!,
Impact\Content\Maps\Chapters\Chapter07\HYG_FightNosalises\GhostVoices\Ch07_HYG_FightNosalises_PolyankaVoices01_Nudge_TheMutantsAre_Sub.json,The mutants are in the base!,
Impact\Content\Maps\Chapters\Chapter07\HYG_FightNosalises\GhostVoices\Ch07_HYG_FightNosalises_PolyankaVoices02_Nudge_HelpUs_Sub.json,"Help us, Khan!",
Impact\Content\Maps\Chapters\Chapter07\HYG_FightNosalises\GhostVoices\Ch07_HYG_FightNosalises_PolyankaVoices02_Nudge_Khan_Sub.json,Khan!,
Impact\Content\Maps\Chapters\Chapter07\HYG_FightNosalises\GhostVoices\Ch07_HYG_FightNosalises_PolyankaVoices02_Nudge_KhanNeedYou_Sub.json,"Khan, we need you!",
Impact\Content\Maps\Chapters\Chapter07\HYG_FightNosalises\GhostVoices\Ch07_HYG_FightNosalises_PolyankaVoices02_Nudge_StopThem_Sub.json,"Stop them, Khan!",
Impact\Content\Maps\Chapters\Chapter07\HYG_FightNosalises\GhostVoices\Ch07_HYG_FightNosalises_PolyankaVoices03_Nudge_SetOffThe_Sub.json,Set off the charges!,
Impact\Content\Maps\Chapters\Chapter07\HYG_FightNosalises\GhostVoices\Ch07_HYG_FightNosalises_PolyankaVoices03_Nudge_YouHaveTo_Sub.json,You have to destroy the gate!,
Impact\Content\Maps\Chapters\Chapter07\HYG_FightNosalises\GhostVoices\Ch07_HYG_FightNosalises_PolyankaVoices04_Nudge_DonLetThem_Sub.json,Don't let them get in!,
Impact\Content\Maps\Chapters\Chapter07\HYG_FightNosalises\GhostVoices\Ch07_HYG_FightNosalises_PolyankaVoices04_Nudge_NowItLate_Sub.json,"Now, before it's too late!",
Impact\Content\Maps\Chapters\Chapter07\HYG_FightNosalises\GhostVoices\Ch07_HYG_FightNosalises_PolyankaVoices04_Nudge_StopThem_Sub.json,Stop them!,
Impact\Content\Maps\Chapters\Chapter07\HYG_FightNosalises\GhostVoices\Ch07_HYG_FightNosalises_PolyankaVoices04_Nudge_TheyGettingIn_Sub.json,They're getting in!,
Impact\Content\Maps\Chapters\Chapter07\HYG_FightNosalises\GhostVoices\Ch07_HYG_FightNosalises_PolyankaVoices04_Nudge_YouHaveTo_Sub.json,You have to stop them!,
Impact\Content\Maps\Chapters\Chapter07\HYG_FightNosalises\GhostVoices\Ch07_HYG_FightNosalises_PolyankaVoices05_Nudge_Hurry_Sub.json,Hurry!,
Impact\Content\Maps\Chapters\Chapter07\HYG_FightNosalises\GhostVoices\Ch07_HYG_FightNosalises_PolyankaVoices05_Nudge_SaveUs_Sub.json,Save us!,
Impact\Content\Maps\Chapters\Chapter07\RNPCE_GetHypnotized\GetHypnotized_L2\Ch07_RNPCE_GetHypnotized_Evgeniy_FireReminder_01_Sub.json,You need to focus.,
Impact\Content\Maps\Chapters\Chapter07\RNPCE_GetHypnotized\GetHypnotized_L2\Ch07_RNPCE_GetHypnotized_Evgeniy_FireReminder_01_Sub.json,"Just take a deep breath, and look into the flames.",
Impact\Content\Maps\Chapters\Chapter07\RNPCE_GetHypnotized\GetHypnotized_L2\Ch07_RNPCE_GetHypnotized_Evgeniy_Intro_01a_Sub.json,"Ah, here you are!",
Impact\Content\Maps\Chapters\Chapter07\RNPCE_GetHypnotized\GetHypnotized_L2\Ch07_RNPCE_GetHypnotized_Evgeniy_Intro_01a_Sub.json,Did you see any ghosts?,
Impact\Content\Maps\Chapters\Chapter07\RNPCE_GetHypnotized\GetHypnotized_L2\Ch07_RNPCE_GetHypnotized_Evgeniy_Intro_01b_Sub.json,"As a philosopher, I am totally with you.",
Impact\Content\Maps\Chapters\Chapter07\RNPCE_GetHypnotized\GetHypnotized_L2\Ch07_RNPCE_GetHypnotized_Evgeniy_Intro_01b_Sub.json,One more thing I’m curious about...,
Impact\Content\Maps\Chapters\Chapter07\RNPCE_GetHypnotized\GetHypnotized_L2\Ch07_RNPCE_GetHypnotized_Evgeniy_Intro_01b_Sub.json,How’s your past life?,
Impact\Content\Maps\Chapters\Chapter07\RNPCE_GetHypnotized\GetHypnotized_L2\Ch07_RNPCE_GetHypnotized_Evgeniy_Intro_01b_Sub.json,Haha!,
Impact\Content\Maps\Chapters\Chapter07\RNPCE_GetHypnotized\GetHypnotized_L2\Ch07_RNPCE_GetHypnotized_Evgeniy_Intro_01c_Sub.json,Refresh my memory: how did you come to suspect you had been Khan in another life?,
Impact\Content\Maps\Chapters\Chapter07\RNPCE_GetHypnotized\GetHypnotized_L2\Ch07_RNPCE_GetHypnotized_Evgeniy_Intro_01d_Sub.json,"Right! Now, important: what did you see while you were under?",
Impact\Content\Maps\Chapters\Chapter07\RNPCE_GetHypnotized\GetHypnotized_L2\Ch07_RNPCE_GetHypnotized_Evgeniy_Intro_01e_Sub.json,Yes??,
Impact\Content\Maps\Chapters\Chapter07\RNPCE_GetHypnotized\GetHypnotized_L2\Ch07_RNPCE_GetHypnotized_Evgeniy_Intro_01f_Sub.json,How did he look like?,
Impact\Content\Maps\Chapters\Chapter07\RNPCE_GetHypnotized\GetHypnotized_L2\Ch07_RNPCE_GetHypnotized_Evgeniy_Intro_01g_Sub.json,Now tell me about the ceremony,
Impact\Content\Maps\Chapters\Chapter07\RNPCE_GetHypnotized\GetHypnotized_L2\Ch07_RNPCE_GetHypnotized_Evgeniy_Intro_02b_Sub.json,Genghis Khan's wife was kidnapped!?,
Impact\Content\Maps\Chapters\Chapter07\RNPCE_GetHypnotized\GetHypnotized_L2\Ch07_RNPCE_GetHypnotized_Evgeniy_Intro_03_Sub.json,Ah clever.,
Impact\Content\Maps\Chapters\Chapter07\RNPCE_GetHypnotized\GetHypnotized_L2\Ch07_RNPCE_GetHypnotized_Evgeniy_Intro_03_Sub.json,"The Mongolian tried to tell him something once, perhaps the second time is the charm.",
Impact\Content\Maps\Chapters\Chapter07\RNPCE_GetHypnotized\GetHypnotized_L2\Ch07_RNPCE_GetHypnotized_Evgeniy_Intro_03b_Sub.json,Here. Drink.,
Impact\Content\Maps\Chapters\Chapter07\RNPCE_GetHypnotized\GetHypnotized_L2\Ch07_RNPCE_GetHypnotized_Evgeniy_TeaReminder_01_Sub.json,"Drink it, while it's warm.",
Impact\Content\Maps\Chapters\Chapter07\RNPCE_GetHypnotized\GetHypnotized_L2\Ch07_RNPCE_GetHypnotized_Evgeniy_TeaReminder_02_Sub.json,Have a sip. It will relax you.,
Impact\Content\Maps\Chapters\Chapter07\RNPCE_GetHypnotized\GetHypnotized_L2\Ch07_RNPCE_GetHypnotized_Serdar_AlrightHaveI_Sub.json,"Alright. What have I got to lose, anyway...",
Impact\Content\Maps\Chapters\Chapter07\RNPCE_GetHypnotized\GetHypnotized_L2\Ch07_RNPCE_GetHypnotized_Serdar_HowInHell_Sub.json,How in Hell do you know this?,
Impact\Content\Maps\Chapters\Chapter07\RNPCE_GetHypnotized\GetHypnotized_L2\Ch07_RNPCE_GetHypnotized_Serdar_ICouldnAnything_Sub.json,I couldn't recall anything when I awoke.,
Impact\Content\Maps\Chapters\Chapter07\RNPCE_GetHypnotized\GetHypnotized_L2\Ch07_RNPCE_GetHypnotized_Serdar_ICouldnAnything_Sub.json,Yana and the doctor said I spoke of some--,
Impact\Content\Maps\Chapters\Chapter07\RNPCE_GetHypnotized\GetHypnotized_L2\Ch07_RNPCE_GetHypnotized_Serdar_ICouldnAnything_Sub.json,wait.,
Impact\Content\Maps\Chapters\Chapter07\RNPCE_GetHypnotized\GetHypnotized_L2\Ch07_RNPCE_GetHypnotized_Serdar_ItEitherThis_Sub.json,It’s either this or schizophrenia.,
Impact\Content\Maps\Chapters\Chapter07\RNPCE_GetHypnotized\GetHypnotized_L2\Ch07_RNPCE_GetHypnotized_Serdar_ItEitherThis_Sub.json,Both are possible.,
Impact\Content\Maps\Chapters\Chapter07\RNPCE_GetHypnotized\GetHypnotized_L2\Ch07_RNPCE_GetHypnotized_Serdar_ItEitherThis_Sub.json,"As a doctor, I prefer ghosts.",
Impact\Content\Maps\Chapters\Chapter07\RNPCE_GetHypnotized\GetHypnotized_L2\Ch07_RNPCE_GetHypnotized_Serdar_ItWasYana_Sub.json,It was Yana in my dream.,
Impact\Content\Maps\Chapters\Chapter07\RNPCE_GetHypnotized\GetHypnotized_L2\Ch07_RNPCE_GetHypnotized_Serdar_ItWasYana_Sub.json,"I might have read this book and forgotten about it,",
Impact\Content\Maps\Chapters\Chapter07\RNPCE_GetHypnotized\GetHypnotized_L2\Ch07_RNPCE_GetHypnotized_Serdar_ItWasYana_Sub.json,so that my subconscious ties it all together...,
Impact\Content\Maps\Chapters\Chapter07\RNPCE_GetHypnotized\GetHypnotized_L2\Ch07_RNPCE_GetHypnotized_Serdar_ItWasYana_Sub.json,Somehow.,
Impact\Content\Maps\Chapters\Chapter07\RNPCE_GetHypnotized\GetHypnotized_L2\Ch07_RNPCE_GetHypnotized_Serdar_ItWasYana_Sub.json,"Frankly, gentlemen, perceiving this as a nightmare would make much more sense",
Impact\Content\Maps\Chapters\Chapter07\RNPCE_GetHypnotized\GetHypnotized_L2\Ch07_RNPCE_GetHypnotized_Serdar_ItWasYana_Sub.json,than trying to accept all of these ghosts and reincarnations and...,
Impact\Content\Maps\Chapters\Chapter07\RNPCE_GetHypnotized\GetHypnotized_L2\Ch07_RNPCE_GetHypnotized_Serdar_MyPurposeIs_Sub.json,My purpose is to find my wife!,
Impact\Content\Maps\Chapters\Chapter07\RNPCE_GetHypnotized\GetHypnotized_L2\Ch07_RNPCE_GetHypnotized_Serdar_MyPurposeIs_Sub.json,And I don’t see how this gets me any closer to it...,
Impact\Content\Maps\Chapters\Chapter07\RNPCE_GetHypnotized\GetHypnotized_L2\Ch07_RNPCE_GetHypnotized_Serdar_Repulsive_Sub.json,Repulsive. Frightening.,
Impact\Content\Maps\Chapters\Chapter07\RNPCE_GetHypnotized\GetHypnotized_L2\Ch07_RNPCE_GetHypnotized_Serdar_RightJokeMissing_Sub.json,Right. That joke.,
Impact\Content\Maps\Chapters\Chapter07\RNPCE_GetHypnotized\GetHypnotized_L2\Ch07_RNPCE_GetHypnotized_Serdar_RightJokeMissing_Sub.json,I’ve been missing it.,
Impact\Content\Maps\Chapters\Chapter07\RNPCE_GetHypnotized\GetHypnotized_L2\Ch07_RNPCE_GetHypnotized_Serdar_SheSaidI_Sub.json,-- she said I described a ceremony.,
Impact\Content\Maps\Chapters\Chapter07\RNPCE_GetHypnotized\GetHypnotized_L2\Ch07_RNPCE_GetHypnotized_Serdar_SheSaidI_Sub.json,And I've dreamt of one recently.,
Impact\Content\Maps\Chapters\Chapter07\RNPCE_GetHypnotized\GetHypnotized_L2\Ch07_RNPCE_GetHypnotized_Serdar_SheSaidI_Sub.json,"Khan was there. I mean, the other one – Genghis Khan.",
Impact\Content\Maps\Chapters\Chapter07\RNPCE_GetHypnotized\GetHypnotized_L2\Ch07_RNPCE_GetHypnotized_Serdar_YanaPersuadedMe_Sub.json,Yana.,
Impact\Content\Maps\Chapters\Chapter07\RNPCE_GetHypnotized\GetHypnotized_L2\Ch07_RNPCE_GetHypnotized_Serdar_YanaPersuadedMe_Sub.json,Yana. She persuaded me to try hypnotic regression.,
Impact\Content\Maps\Chapters\Chapter07\RNPCE_GetHypnotized\GetHypnotized_L2\Ch07_RNPCE_GetHypnotized_Serdar_YouWantTo_Sub.json,You want to hypnotize me?,
Impact\Content\Maps\Chapters\Chapter07\RNPCE_GetHypnotized\GetHypnotized_L2\Ch07_RNPCE_GetHypnotized_Sergey_FireCallToAction_01_Sub.json,"Whether or not we like where it leads us,",
Impact\Content\Maps\Chapters\Chapter07\RNPCE_GetHypnotized\GetHypnotized_L2\Ch07_RNPCE_GetHypnotized_Sergey_FireCallToAction_01_Sub.json,we reject our destinies at our own peril.,
Impact\Content\Maps\Chapters\Chapter07\RNPCE_GetHypnotized\GetHypnotized_L2\Ch07_RNPCE_GetHypnotized_Sergey_FireCallToAction_01_Sub.json,Your mind prevented you from seeing SOMETHING back then.,
Impact\Content\Maps\Chapters\Chapter07\RNPCE_GetHypnotized\GetHypnotized_L2\Ch07_RNPCE_GetHypnotized_Sergey_FireCallToAction_01_Sub.json,I think it's time to find out what that was.,
Impact\Content\Maps\Chapters\Chapter07\RNPCE_GetHypnotized\GetHypnotized_L2\Ch07_RNPCE_GetHypnotized_Sergey_FireCallToAction_01_Sub.json,Now. Stare into the flame.,
Impact\Content\Maps\Chapters\Chapter07\RNPCE_GetHypnotized\GetHypnotized_L2\Ch07_RNPCE_GetHypnotized_Sergey_FireReminder_01_Sub.json,Concentrate. It won’t work if you’re distracted.,
Impact\Content\Maps\Chapters\Chapter07\RNPCE_GetHypnotized\GetHypnotized_L2\Ch07_RNPCE_GetHypnotized_Sergey_FireReminder_02_Sub.json,Over here.,
Impact\Content\Maps\Chapters\Chapter07\RNPCE_GetHypnotized\GetHypnotized_L2\Ch07_RNPCE_GetHypnotized_Sergey_FireReminder_02_Sub.json,The light; stare into the light.,
Impact\Content\Maps\Chapters\Chapter07\RNPCE_GetHypnotized\GetHypnotized_L2\Ch07_RNPCE_GetHypnotized_Sergey_Intro_01_Sub.json,Was there maybe a woman involved?,
Impact\Content\Maps\Chapters\Chapter07\RNPCE_GetHypnotized\GetHypnotized_L2\Ch07_RNPCE_GetHypnotized_Sergey_Intro_01_Sub.json,In that ceremony?,
Impact\Content\Maps\Chapters\Chapter07\RNPCE_GetHypnotized\GetHypnotized_L2\Ch07_RNPCE_GetHypnotized_Sergey_Intro_02_Sub.json,"From the good doctor's quarters, and I quote:",
Impact\Content\Maps\Chapters\Chapter07\RNPCE_GetHypnotized\GetHypnotized_L2\Ch07_RNPCE_GetHypnotized_Sergey_Intro_02_Sub.json,"”While often claiming fate had chosen him, many believe it was the abduction of his",
Impact\Content\Maps\Chapters\Chapter07\RNPCE_GetHypnotized\GetHypnotized_L2\Ch07_RNPCE_GetHypnotized_Sergey_Intro_02_Sub.json,"bride that most shaped the future the conqueror Khan would become""!",
Impact\Content\Maps\Chapters\Chapter07\RNPCE_GetHypnotized\GetHypnotized_L2\Ch07_RNPCE_GetHypnotized_Sergey_Intro_02_Sub.json,Didn’t I just say that?,
Impact\Content\Maps\Chapters\Chapter07\RNPCE_GetHypnotized\GetHypnotized_L2\Ch07_RNPCE_GetHypnotized_Sergey_Intro_02_Sub.json,"His bride Borte was abducted and in order to free her Genghis Khan,",
Impact\Content\Maps\Chapters\Chapter07\RNPCE_GetHypnotized\GetHypnotized_L2\Ch07_RNPCE_GetHypnotized_Sergey_Intro_02_Sub.json,"then known by his birth name Temujin, fought and won his first battle!",
Impact\Content\Maps\Chapters\Chapter07\RNPCE_GetHypnotized\GetHypnotized_L2\Ch07_RNPCE_GetHypnotized_Sergey_Intro_02_Sub.json,But maybe accepting it is exactly what you’re here for.,
Impact\Content\Maps\Chapters\Chapter07\RNPCE_GetHypnotized\GetHypnotized_L2\Ch07_RNPCE_GetHypnotized_Sergey_Intro_02_Sub.json,"You have found this station, haven’t you?",
Impact\Content\Maps\Chapters\Chapter07\RNPCE_GetHypnotized\GetHypnotized_L2\Ch07_RNPCE_GetHypnotized_Sergey_Intro_02_Sub.json,Don’t you think there’s a purpose in that?,
Impact\Content\Maps\Chapters\Chapter07\RNPCE_GetHypnotized\GetHypnotized_L2\Ch07_RNPCE_GetHypnotized_Sergey_Intro_02_Sub.json,"Okay. None of this exists, fine. Neither of us, nothing.",
Impact\Content\Maps\Chapters\Chapter07\RNPCE_GetHypnotized\GetHypnotized_L2\Ch07_RNPCE_GetHypnotized_Sergey_Intro_02_Sub.json,"Although I, personally, feel offended and slightly awkward",
Impact\Content\Maps\Chapters\Chapter07\RNPCE_GetHypnotized\GetHypnotized_L2\Ch07_RNPCE_GetHypnotized_Sergey_Intro_02_Sub.json,about non-existing and yet casually chatting.,
Impact\Content\Maps\Chapters\Chapter07\RNPCE_GetHypnotized\GetHypnotized_L2\Ch07_RNPCE_GetHypnotized_Sergey_Intro_02_Sub.json,Let’s adopt your perspective: maybe you need a closer contact with your subconscious,
Impact\Content\Maps\Chapters\Chapter07\RNPCE_GetHypnotized\GetHypnotized_L2\Ch07_RNPCE_GetHypnotized_Sergey_Intro_02_Sub.json,"that has the solution already, but you’re too blind to see it?",
Impact\Content\Maps\Chapters\Chapter07\RNPCE_GetHypnotized\GetHypnotized_L2\Ch07_RNPCE_GetHypnotized_Sergey_Intro_03_Sub.json,"I’d rather see it as a summoning, but feel free to take it as a hypnosis.",
Impact\Content\Maps\Chapters\Chapter07\RNPCE_GetHypnotized\GetHypnotized_L2\Ch07_RNPCE_GetHypnotized_Sergey_Intro_03_Sub.json,"Stand right here for me, in front of the fire.",
Impact\Content\Maps\Chapters\Chapter07\RNPCE_GetHypnotized\GetHypnotized_L2\Ch07_RNPCE_GetHypnotized_Sergey_Intro_03_Sub.json,Would you?,
Impact\Content\Maps\Chapters\Chapter07\RNPCE_GetHypnotized\GetHypnotized_L2\Ch07_RNPCE_GetHypnotized_Sergey_Outro_01_Sub.json,Think of this fire as a beacon.,
Impact\Content\Maps\Chapters\Chapter07\RNPCE_GetHypnotized\GetHypnotized_L2\Ch07_RNPCE_GetHypnotized_Sergey_Outro_01_Sub.json,"It beckons you, its warmth, its energy.",
Impact\Content\Maps\Chapters\Chapter07\RNPCE_GetHypnotized\GetHypnotized_L2\Ch07_RNPCE_GetHypnotized_Sergey_Outro_01_Sub.json,The fire will expand until it consumes all...,
Impact\Content\Maps\Chapters\Chapter07\RNPCE_GetHypnotized\GetHypnotized_L2\Ch07_RNPCE_GetHypnotized_Sergey_Outro_02_Sub.json,"...and in its light, that which is hidden shall be revealed.",
Impact\Content\Maps\Chapters\Chapter07\RNPCE_GetHypnotized\GetHypnotized_L2\Ch07_RNPCE_GetHypnotized_Sergey_Outro_02_Sub.json,"Now - focus your mind on your wife, Khan,",
Impact\Content\Maps\Chapters\Chapter07\RNPCE_GetHypnotized\GetHypnotized_L2\Ch07_RNPCE_GetHypnotized_Sergey_Outro_02_Sub.json,and step into the void...,
Impact\Content\Maps\Chapters\Chapter07\RNPCE_GetHypnotized\GetHypnotized_L2\Ch07_RNPCE_GetHypnotized_Sergey_TeaReminder_01_Sub.json,Come on. Drink up.,
Impact\Content\Maps\Chapters\Chapter07\RNPCE_ReuniteWithPhilosophers\RWP_L2\Ch07_RNPCE_ReuniteWithPhilosophers_Evgeniy_Act01_pt1_01a_Sub.json,My friend; tell us - what is this cloud that is so clearly hanging over you?,
Impact\Content\Maps\Chapters\Chapter07\RNPCE_ReuniteWithPhilosophers\RWP_L2\Ch07_RNPCE_ReuniteWithPhilosophers_Evgeniy_Act01_pt1_01a_Sub.json,What kind of illness is it?,
Impact\Content\Maps\Chapters\Chapter07\RNPCE_ReuniteWithPhilosophers\RWP_L2\Ch07_RNPCE_ReuniteWithPhilosophers_Evgeniy_Act01_pt1_01c_Sub.json,"Oh, those are the Children of the Great Worm.",
Impact\Content\Maps\Chapters\Chapter07\RNPCE_ReuniteWithPhilosophers\RWP_L2\Ch07_RNPCE_ReuniteWithPhilosophers_Evgeniy_Act01_pt1_01c_Sub.json,"It’s a cult, kind of...",
Impact\Content\Maps\Chapters\Chapter07\RNPCE_ReuniteWithPhilosophers\RWP_L2\Ch07_RNPCE_ReuniteWithPhilosophers_Evgeniy_Act01_pt1_01c_Sub.json,Not as much as I would like to.,
Impact\Content\Maps\Chapters\Chapter07\RNPCE_ReuniteWithPhilosophers\RWP_L2\Ch07_RNPCE_ReuniteWithPhilosophers_Evgeniy_Act02_pt1_Sub.json,"Oh, do you mean the one that used to be on those shelves...",
Impact\Content\Maps\Chapters\Chapter07\RNPCE_ReuniteWithPhilosophers\RWP_L2\Ch07_RNPCE_ReuniteWithPhilosophers_Evgeniy_Act02_pt1_Sub.json,I'd help but I'm so behind with the meal already...,
Impact\Content\Maps\Chapters\Chapter07\RNPCE_ReuniteWithPhilosophers\RWP_L2\Ch07_RNPCE_ReuniteWithPhilosophers_Evgeniy_Act02_pt2_02_Sub.json,Every great discovery begins with something that defied explanation.,
Impact\Content\Maps\Chapters\Chapter07\RNPCE_ReuniteWithPhilosophers\RWP_L2\Ch07_RNPCE_ReuniteWithPhilosophers_Evgeniy_Act02_pt2_02_Sub.json,The lack of understanding doesn't mean the lack of sanity.,
Impact\Content\Maps\Chapters\Chapter07\RNPCE_ReuniteWithPhilosophers\RWP_L2\Ch07_RNPCE_ReuniteWithPhilosophers_Evgeniy_Act02_pt2_Sub.json,"So you've lost your way, but...",
Impact\Content\Maps\Chapters\Chapter07\RNPCE_ReuniteWithPhilosophers\RWP_L2\Ch07_RNPCE_ReuniteWithPhilosophers_Evgeniy_Act02_pt2_Sub.json,I think everything runs deeper than asking directions,
Impact\Content\Maps\Chapters\Chapter07\RNPCE_ReuniteWithPhilosophers\RWP_L2\Ch07_RNPCE_ReuniteWithPhilosophers_Evgeniy_Act02_pt2_Sub.json,from two friends that you're not sure exist?,
Impact\Content\Maps\Chapters\Chapter07\RNPCE_ReuniteWithPhilosophers\RWP_L2\Ch07_RNPCE_ReuniteWithPhilosophers_Evgeniy_AndWhatElse_Sub.json,"And what else, civilization could have been founded by an old alcoholic",
Impact\Content\Maps\Chapters\Chapter07\RNPCE_ReuniteWithPhilosophers\RWP_L2\Ch07_RNPCE_ReuniteWithPhilosophers_Evgeniy_AndWhatElse_Sub.json,quite literally screwed by his own sons while raving in delirium tremens...,
Impact\Content\Maps\Chapters\Chapter07\RNPCE_ReuniteWithPhilosophers\RWP_L2\Ch07_RNPCE_ReuniteWithPhilosophers_Evgeniy_InThisCase_Sub.json,In this case those who survived are either mere statistical mistake overlooked by the,
Impact\Content\Maps\Chapters\Chapter07\RNPCE_ReuniteWithPhilosophers\RWP_L2\Ch07_RNPCE_ReuniteWithPhilosophers_Evgeniy_InThisCase_Sub.json,"Creator-Destroyer, or were left alive to contemplate the demise of their kind,",
Impact\Content\Maps\Chapters\Chapter07\RNPCE_ReuniteWithPhilosophers\RWP_L2\Ch07_RNPCE_ReuniteWithPhilosophers_Evgeniy_InThisCase_Sub.json,because without an external observer the punishment makes no pedagogical effect.,
Impact\Content\Maps\Chapters\Chapter07\RNPCE_ReuniteWithPhilosophers\RWP_L2\Ch07_RNPCE_ReuniteWithPhilosophers_Evgeniy_Intro_01a_Sub.json,Stop referring to yourself as an empiricist!,
Impact\Content\Maps\Chapters\Chapter07\RNPCE_ReuniteWithPhilosophers\RWP_L2\Ch07_RNPCE_ReuniteWithPhilosophers_Evgeniy_Intro_01a_Sub.json,It's inaccurate and frankly--,
Impact\Content\Maps\Chapters\Chapter07\RNPCE_ReuniteWithPhilosophers\RWP_L2\Ch07_RNPCE_ReuniteWithPhilosophers_Evgeniy_Intro_01a_Sub.json,We are not alone.,
Impact\Content\Maps\Chapters\Chapter07\RNPCE_ReuniteWithPhilosophers\RWP_L2\Ch07_RNPCE_ReuniteWithPhilosophers_Evgeniy_Intro_02a_Sub.json,"And it's delightful to see you here as well, my friend!",
Impact\Content\Maps\Chapters\Chapter07\RNPCE_ReuniteWithPhilosophers\RWP_L2\Ch07_RNPCE_ReuniteWithPhilosophers_Evgeniy_Intro_02a_Sub.json,"Though forgive me for asking, doctor, but are you alright?",
Impact\Content\Maps\Chapters\Chapter07\RNPCE_ReuniteWithPhilosophers\RWP_L2\Ch07_RNPCE_ReuniteWithPhilosophers_Evgeniy_Intro_02b_Sub.json,"Apologies, doctor.",
Impact\Content\Maps\Chapters\Chapter07\RNPCE_ReuniteWithPhilosophers\RWP_L2\Ch07_RNPCE_ReuniteWithPhilosophers_Evgeniy_Intro_02b_Sub.json,"For avoiding the further drama, can you fetch me the mushrooms from those shelves?",
Impact\Content\Maps\Chapters\Chapter07\RNPCE_ReuniteWithPhilosophers\RWP_L2\Ch07_RNPCE_ReuniteWithPhilosophers_Evgeniy_IWouldBe_Sub.json,I would be prepared to treat this pitiful castrated underground existence,
Impact\Content\Maps\Chapters\Chapter07\RNPCE_ReuniteWithPhilosophers\RWP_L2\Ch07_RNPCE_ReuniteWithPhilosophers_Evgeniy_IWouldBe_Sub.json,as an opportunity for an atonement and redemption.,
Impact\Content\Maps\Chapters\Chapter07\RNPCE_ReuniteWithPhilosophers\RWP_L2\Ch07_RNPCE_ReuniteWithPhilosophers_Evgeniy_MaybeInDetail_Sub.json,"Maybe in detail, maybe in degree of technological development,",
Impact\Content\Maps\Chapters\Chapter07\RNPCE_ReuniteWithPhilosophers\RWP_L2\Ch07_RNPCE_ReuniteWithPhilosophers_Evgeniy_MaybeInDetail_Sub.json,"but not in the essence of it and definitely not in regard of spiritual development,",
Impact\Content\Maps\Chapters\Chapter07\RNPCE_ReuniteWithPhilosophers\RWP_L2\Ch07_RNPCE_ReuniteWithPhilosophers_Evgeniy_MaybeInDetail_Sub.json,socially acceptable behavior and morale.,
Impact\Content\Maps\Chapters\Chapter07\RNPCE_ReuniteWithPhilosophers\RWP_L2\Ch07_RNPCE_ReuniteWithPhilosophers_Evgeniy_MushroomNotFound_Sub.json,"You know what, Serdar?",
Impact\Content\Maps\Chapters\Chapter07\RNPCE_ReuniteWithPhilosophers\RWP_L2\Ch07_RNPCE_ReuniteWithPhilosophers_Evgeniy_MushroomNotFound_Sub.json,Never mind.,
Impact\Content\Maps\Chapters\Chapter07\RNPCE_ReuniteWithPhilosophers\RWP_L2\Ch07_RNPCE_ReuniteWithPhilosophers_Evgeniy_MushroomNotFound_Sub.json,"We'll make do with the mushrooms we have, whether my colleague likes it or not.",
Impact\Content\Maps\Chapters\Chapter07\RNPCE_ReuniteWithPhilosophers\RWP_L2\Ch07_RNPCE_ReuniteWithPhilosophers_Evgeniy_MushroomNotPlaced_Sub.json,Perhaps we're taxing our guest a bit much after his travels.,
Impact\Content\Maps\Chapters\Chapter07\RNPCE_ReuniteWithPhilosophers\RWP_L2\Ch07_RNPCE_ReuniteWithPhilosophers_Evgeniy_MushroomNotPlaced_Sub.json,"Don’t worry about the mushrooms, doctor.",
Impact\Content\Maps\Chapters\Chapter07\RNPCE_ReuniteWithPhilosophers\RWP_L2\Ch07_RNPCE_ReuniteWithPhilosophers_Evgeniy_MushroomNotPlaced_Sub.json,"This is your home too, after all.",
Impact\Content\Maps\Chapters\Chapter07\RNPCE_ReuniteWithPhilosophers\RWP_L2\Ch07_RNPCE_ReuniteWithPhilosophers_Evgeniy_NoAmSorry_Sub.json,"No, I am sorry.",
Impact\Content\Maps\Chapters\Chapter07\RNPCE_ReuniteWithPhilosophers\RWP_L2\Ch07_RNPCE_ReuniteWithPhilosophers_Evgeniy_NoAmSorry_Sub.json,This vile and vicious civilization only deserves destruction.,
Impact\Content\Maps\Chapters\Chapter07\RNPCE_ReuniteWithPhilosophers\RWP_L2\Ch07_RNPCE_ReuniteWithPhilosophers_Evgeniy_OkayGoThrough_Sub.json,"Okay, let’s go through it once again.",
Impact\Content\Maps\Chapters\Chapter07\RNPCE_ReuniteWithPhilosophers\RWP_L2\Ch07_RNPCE_ReuniteWithPhilosophers_Evgeniy_Outro_01_Sub.json,Serdar - what about your past?,
Impact\Content\Maps\Chapters\Chapter07\RNPCE_ReuniteWithPhilosophers\RWP_L2\Ch07_RNPCE_ReuniteWithPhilosophers_Evgeniy_Outro_01_Sub.json,The past. Was there ever a time when you had such disconcerting visions?,
Impact\Content\Maps\Chapters\Chapter07\RNPCE_ReuniteWithPhilosophers\RWP_L2\Ch07_RNPCE_ReuniteWithPhilosophers_Evgeniy_Outro_01_Sub.json,"Despite your handiwork, the business with the mutants in our station",
Impact\Content\Maps\Chapters\Chapter07\RNPCE_ReuniteWithPhilosophers\RWP_L2\Ch07_RNPCE_ReuniteWithPhilosophers_Evgeniy_Outro_01_Sub.json,remains sadly unresolved.,
Impact\Content\Maps\Chapters\Chapter07\RNPCE_ReuniteWithPhilosophers\RWP_L2\Ch07_RNPCE_ReuniteWithPhilosophers_Evgeniy_Outro_02_Sub.json,"I know you're our guest, but would you entertain one last request?",
Impact\Content\Maps\Chapters\Chapter07\RNPCE_ReuniteWithPhilosophers\RWP_L2\Ch07_RNPCE_ReuniteWithPhilosophers_Evgeniy_Outro_02_Sub.json,The beasts you were fighting last are still here at the South entrance of this station.,
Impact\Content\Maps\Chapters\Chapter07\RNPCE_ReuniteWithPhilosophers\RWP_L2\Ch07_RNPCE_ReuniteWithPhilosophers_Evgeniy_Outro_02_Sub.json,You handle those beasts; I'll handle this one.,
Impact\Content\Maps\Chapters\Chapter07\RNPCE_ReuniteWithPhilosophers\RWP_L2\Ch07_RNPCE_ReuniteWithPhilosophers_Evgeniy_Outro_02_Sub.json,The gate is just over here.,
Impact\Content\Maps\Chapters\Chapter07\RNPCE_ReuniteWithPhilosophers\RWP_L2\Ch07_RNPCE_ReuniteWithPhilosophers_Evgeniy_OutroReminder01_Sub.json,"I apologize, my friend, for asking, but it would be such a help, though...",
Impact\Content\Maps\Chapters\Chapter07\RNPCE_ReuniteWithPhilosophers\RWP_L2\Ch07_RNPCE_ReuniteWithPhilosophers_Evgeniy_OutroReminder02_Sub.json,Trust me - you'd rather be out there with them than in here with...,
Impact\Content\Maps\Chapters\Chapter07\RNPCE_ReuniteWithPhilosophers\RWP_L2\Ch07_RNPCE_ReuniteWithPhilosophers_Evgeniy_OutroReminder02_Sub.json,you know.,
Impact\Content\Maps\Chapters\Chapter07\RNPCE_ReuniteWithPhilosophers\RWP_L2\Ch07_RNPCE_ReuniteWithPhilosophers_Evgeniy_PrayTellMe_Sub.json,Pray tell me how much the culture and civilization that Noah constructed,
Impact\Content\Maps\Chapters\Chapter07\RNPCE_ReuniteWithPhilosophers\RWP_L2\Ch07_RNPCE_ReuniteWithPhilosophers_Evgeniy_PrayTellMe_Sub.json,differed from the pre-deluge world?,
Impact\Content\Maps\Chapters\Chapter07\RNPCE_ReuniteWithPhilosophers\RWP_L2\Ch07_RNPCE_ReuniteWithPhilosophers_Evgeniy_TheMereContinuation_Sub.json,The mere continuation of the same pitiful and self-harming existence?,
Impact\Content\Maps\Chapters\Chapter07\RNPCE_ReuniteWithPhilosophers\RWP_L2\Ch07_RNPCE_ReuniteWithPhilosophers_Evgeniy_TheOnlyChance_Sub.json,The only chance I would be prepared to allow it,
Impact\Content\Maps\Chapters\Chapter07\RNPCE_ReuniteWithPhilosophers\RWP_L2\Ch07_RNPCE_ReuniteWithPhilosophers_Evgeniy_TheOnlyChance_Sub.json,is through making up for the sins it committed.,
Impact\Content\Maps\Chapters\Chapter07\RNPCE_ReuniteWithPhilosophers\RWP_L2\Ch07_RNPCE_ReuniteWithPhilosophers_Evgeniy_TheSecondChance_Sub.json,"The second chance, so to say.",
Impact\Content\Maps\Chapters\Chapter07\RNPCE_ReuniteWithPhilosophers\RWP_L2\Ch07_RNPCE_ReuniteWithPhilosophers_Evgeniy_TheSecondChance_Sub.json,The last word before the blade of the guillotine falls –,
Impact\Content\Maps\Chapters\Chapter07\RNPCE_ReuniteWithPhilosophers\RWP_L2\Ch07_RNPCE_ReuniteWithPhilosophers_Evgeniy_TheSecondChance_Sub.json,but the word that could somehow impress the jury.,
Impact\Content\Maps\Chapters\Chapter07\RNPCE_ReuniteWithPhilosophers\RWP_L2\Ch07_RNPCE_ReuniteWithPhilosophers_Evgeniy_WeDepartingFrom_Sub.json,"We’re departing from an assumption that the Last War was the Apocalypse,",
Impact\Content\Maps\Chapters\Chapter07\RNPCE_ReuniteWithPhilosophers\RWP_L2\Ch07_RNPCE_ReuniteWithPhilosophers_Evgeniy_WeDepartingFrom_Sub.json,"the ultimate punishment comparable to the deluge,",
Impact\Content\Maps\Chapters\Chapter07\RNPCE_ReuniteWithPhilosophers\RWP_L2\Ch07_RNPCE_ReuniteWithPhilosophers_Evgeniy_WeDepartingFrom_Sub.json,"the castigation of the mankind for the sins it committed,",
Impact\Content\Maps\Chapters\Chapter07\RNPCE_ReuniteWithPhilosophers\RWP_L2\Ch07_RNPCE_ReuniteWithPhilosophers_Evgeniy_WeDepartingFrom_Sub.json,with an intention to annihilate us.,
Impact\Content\Maps\Chapters\Chapter07\RNPCE_ReuniteWithPhilosophers\RWP_L2\Ch07_RNPCE_ReuniteWithPhilosophers_Serdar_AndWhatAbout_Sub.json,And what about the place called Hell’s Mouth?,
Impact\Content\Maps\Chapters\Chapter07\RNPCE_ReuniteWithPhilosophers\RWP_L2\Ch07_RNPCE_ReuniteWithPhilosophers_Serdar_AndWhatAbout_Sub.json,Ever heard of it?,
Impact\Content\Maps\Chapters\Chapter07\RNPCE_ReuniteWithPhilosophers\RWP_L2\Ch07_RNPCE_ReuniteWithPhilosophers_Serdar_DoYouKnow_Sub.json,Do you know anything about them?!,
Impact\Content\Maps\Chapters\Chapter07\RNPCE_ReuniteWithPhilosophers\RWP_L2\Ch07_RNPCE_ReuniteWithPhilosophers_Serdar_ICanThings_Sub.json,Her son died and could never bring herself to accept it.,
Impact\Content\Maps\Chapters\Chapter07\RNPCE_ReuniteWithPhilosophers\RWP_L2\Ch07_RNPCE_ReuniteWithPhilosophers_Serdar_IDonWhere_Sub.json,I don't know where it is.,
Impact\Content\Maps\Chapters\Chapter07\RNPCE_ReuniteWithPhilosophers\RWP_L2\Ch07_RNPCE_ReuniteWithPhilosophers_Serdar_IThingsThem_Sub.json,I've... experienced things.,
Impact\Content\Maps\Chapters\Chapter07\RNPCE_ReuniteWithPhilosophers\RWP_L2\Ch07_RNPCE_ReuniteWithPhilosophers_Serdar_IThingsThem_Sub.json,The only explanation that doesn't sound completely irrational,
Impact\Content\Maps\Chapters\Chapter07\RNPCE_ReuniteWithPhilosophers\RWP_L2\Ch07_RNPCE_ReuniteWithPhilosophers_Serdar_IThingsThem_Sub.json,is that I've gone literally insane.,
Impact\Content\Maps\Chapters\Chapter07\RNPCE_ReuniteWithPhilosophers\RWP_L2\Ch07_RNPCE_ReuniteWithPhilosophers_Serdar_ItSeriousA_Sub.json,She had a situation...,
Impact\Content\Maps\Chapters\Chapter07\RNPCE_ReuniteWithPhilosophers\RWP_L2\Ch07_RNPCE_ReuniteWithPhilosophers_Serdar_IWouldn_Sub.json,I... I wouldn't remember.,
Impact\Content\Maps\Chapters\Chapter07\RNPCE_ReuniteWithPhilosophers\RWP_L2\Ch07_RNPCE_ReuniteWithPhilosophers_Serdar_MyWife_Sub.json,My wife; she's ill.,
Impact\Content\Maps\Chapters\Chapter07\RNPCE_ReuniteWithPhilosophers\RWP_L2\Ch07_RNPCE_ReuniteWithPhilosophers_Serdar_OhShutUp_Sub.json,She’s gotten into the hands of some cavemen.,
Impact\Content\Maps\Chapters\Chapter07\RNPCE_ReuniteWithPhilosophers\RWP_L2\Ch07_RNPCE_ReuniteWithPhilosophers_Serdar_OhShutUp_Sub.json,They use a pictogram worm for a symbol.,
Impact\Content\Maps\Chapters\Chapter07\RNPCE_ReuniteWithPhilosophers\RWP_L2\Ch07_RNPCE_ReuniteWithPhilosophers_Serdar_PolyankaWasUnlivable_Sub.json,Polyanka was unlivable after the attack!,
Impact\Content\Maps\Chapters\Chapter07\RNPCE_ReuniteWithPhilosophers\RWP_L2\Ch07_RNPCE_ReuniteWithPhilosophers_Serdar_PolyankaWasUnlivable_Sub.json,All that remained was a graveyard!,
Impact\Content\Maps\Chapters\Chapter07\RNPCE_ReuniteWithPhilosophers\RWP_L2\Ch07_RNPCE_ReuniteWithPhilosophers_Serdar_SergeyAndreyichReal_Sub.json,Sergey Andreyich?,
Impact\Content\Maps\Chapters\Chapter07\RNPCE_ReuniteWithPhilosophers\RWP_L2\Ch07_RNPCE_ReuniteWithPhilosophers_Serdar_SergeyAndreyichReal_Sub.json,Evgeniy Dmitrich?,
Impact\Content\Maps\Chapters\Chapter07\RNPCE_ReuniteWithPhilosophers\RWP_L2\Ch07_RNPCE_ReuniteWithPhilosophers_Serdar_SergeyAndreyichReal_Sub.json,"How--? No, you can't be real!",
Impact\Content\Maps\Chapters\Chapter07\RNPCE_ReuniteWithPhilosophers\RWP_L2\Ch07_RNPCE_ReuniteWithPhilosophers_Serdar_ShouldnYouFind_Sub.json,Shouldn't you find cover?!,
Impact\Content\Maps\Chapters\Chapter07\RNPCE_ReuniteWithPhilosophers\RWP_L2\Ch07_RNPCE_ReuniteWithPhilosophers_Serdar_TheNosalisBack_Sub.json,The nosalis??? They came back???,
Impact\Content\Maps\Chapters\Chapter07\RNPCE_ReuniteWithPhilosophers\RWP_L2\Ch07_RNPCE_ReuniteWithPhilosophers_Serdar_WhatDoYou_Sub.json,What do you mean?,
Impact\Content\Maps\Chapters\Chapter07\RNPCE_ReuniteWithPhilosophers\RWP_L2\Ch07_RNPCE_ReuniteWithPhilosophers_Serdar_WhatHappening_Sub.json,What's happening??,
Impact\Content\Maps\Chapters\Chapter07\RNPCE_ReuniteWithPhilosophers\RWP_L2\Ch07_RNPCE_ReuniteWithPhilosophers_Sergey_Act01_pt1_01c_Sub.json,"Life is overestimated, my friend.",
Impact\Content\Maps\Chapters\Chapter07\RNPCE_ReuniteWithPhilosophers\RWP_L2\Ch07_RNPCE_ReuniteWithPhilosophers_Sergey_Act01_pt1_01d_Sub.json,"No, but it sounds cheery.",
Impact\Content\Maps\Chapters\Chapter07\RNPCE_ReuniteWithPhilosophers\RWP_L2\Ch07_RNPCE_ReuniteWithPhilosophers_Sergey_Act01_pt1_01d_Sub.json,So you're on your way to this place then?,
Impact\Content\Maps\Chapters\Chapter07\RNPCE_ReuniteWithPhilosophers\RWP_L2\Ch07_RNPCE_ReuniteWithPhilosophers_Sergey_Act02_pt1a_Sub.json,My esteemed counterpart: the kettle if you please!,
Impact\Content\Maps\Chapters\Chapter07\RNPCE_ReuniteWithPhilosophers\RWP_L2\Ch07_RNPCE_ReuniteWithPhilosophers_Sergey_Act02_pt1b_Sub.json,Curse your villainy...!,
Impact\Content\Maps\Chapters\Chapter07\RNPCE_ReuniteWithPhilosophers\RWP_L2\Ch07_RNPCE_ReuniteWithPhilosophers_Sergey_Act02_pt1b_Sub.json,Serdar! Quick! I implore you!,
Impact\Content\Maps\Chapters\Chapter07\RNPCE_ReuniteWithPhilosophers\RWP_L2\Ch07_RNPCE_ReuniteWithPhilosophers_Sergey_Act02_pt1b_Sub.json,There's another kettle over there by the cabinets somewhere.,
Impact\Content\Maps\Chapters\Chapter07\RNPCE_ReuniteWithPhilosophers\RWP_L2\Ch07_RNPCE_ReuniteWithPhilosophers_Sergey_Act02_pt1b_Sub.json,Fetch it here - it's got little flowers on it; you can't miss it.,
Impact\Content\Maps\Chapters\Chapter07\RNPCE_ReuniteWithPhilosophers\RWP_L2\Ch07_RNPCE_ReuniteWithPhilosophers_Sergey_AndEvenEnjoying_Sub.json,And even enjoying life in the underworld,
Impact\Content\Maps\Chapters\Chapter07\RNPCE_ReuniteWithPhilosophers\RWP_L2\Ch07_RNPCE_ReuniteWithPhilosophers_Sergey_AndEvenEnjoying_Sub.json,doesn’t contradict the intention of the Creator-Destroyer.,
Impact\Content\Maps\Chapters\Chapter07\RNPCE_ReuniteWithPhilosophers\RWP_L2\Ch07_RNPCE_ReuniteWithPhilosophers_Sergey_AndThusNot_Sub.json,"And thus, we should not accept the sufferings,",
Impact\Content\Maps\Chapters\Chapter07\RNPCE_ReuniteWithPhilosophers\RWP_L2\Ch07_RNPCE_ReuniteWithPhilosophers_Sergey_AndThusNot_Sub.json,should not regard our situation as our predefined destiny,
Impact\Content\Maps\Chapters\Chapter07\RNPCE_ReuniteWithPhilosophers\RWP_L2\Ch07_RNPCE_ReuniteWithPhilosophers_Sergey_AndThusNot_Sub.json,"and have the full right – and even obligation! – to resist it,",
Impact\Content\Maps\Chapters\Chapter07\RNPCE_ReuniteWithPhilosophers\RWP_L2\Ch07_RNPCE_ReuniteWithPhilosophers_Sergey_AndThusNot_Sub.json,adapting to the new circumstances.,
Impact\Content\Maps\Chapters\Chapter07\RNPCE_ReuniteWithPhilosophers\RWP_L2\Ch07_RNPCE_ReuniteWithPhilosophers_Sergey_ButIfYou_Sub.json,"But if you compare the current Apocalypse to the deluge,",
Impact\Content\Maps\Chapters\Chapter07\RNPCE_ReuniteWithPhilosophers\RWP_L2\Ch07_RNPCE_ReuniteWithPhilosophers_Sergey_ButIfYou_Sub.json,"then we should be compared to Noah, and the Metro to the Arc.",
Impact\Content\Maps\Chapters\Chapter07\RNPCE_ReuniteWithPhilosophers\RWP_L2\Ch07_RNPCE_ReuniteWithPhilosophers_Sergey_GiveItAt_Sub.json,Give it at least a chance!,
Impact\Content\Maps\Chapters\Chapter07\RNPCE_ReuniteWithPhilosophers\RWP_L2\Ch07_RNPCE_ReuniteWithPhilosophers_Sergey_InThisCase_Sub.json,"In this case, the sufferings that the mankind endures in the Metro",
Impact\Content\Maps\Chapters\Chapter07\RNPCE_ReuniteWithPhilosophers\RWP_L2\Ch07_RNPCE_ReuniteWithPhilosophers_Sergey_InThisCase_Sub.json,"is not the goal of the Creator-Destroyer,",
Impact\Content\Maps\Chapters\Chapter07\RNPCE_ReuniteWithPhilosophers\RWP_L2\Ch07_RNPCE_ReuniteWithPhilosophers_Sergey_InThisCase_Sub.json,but a mere byproduct of the conditions necessary,
Impact\Content\Maps\Chapters\Chapter07\RNPCE_ReuniteWithPhilosophers\RWP_L2\Ch07_RNPCE_ReuniteWithPhilosophers_Sergey_InThisCase_Sub.json,to remove our degenerate civilization from the face of the Earth.,
Impact\Content\Maps\Chapters\Chapter07\RNPCE_ReuniteWithPhilosophers\RWP_L2\Ch07_RNPCE_ReuniteWithPhilosophers_Sergey_Intro_01a_Sub.json,THAT's what you get for invoking rationalism with an underfed empiricist!!,
Impact\Content\Maps\Chapters\Chapter07\RNPCE_ReuniteWithPhilosophers\RWP_L2\Ch07_RNPCE_ReuniteWithPhilosophers_Sergey_Intro_01b_Sub.json,"EVERYONE is alone, you old--",
Impact\Content\Maps\Chapters\Chapter07\RNPCE_ReuniteWithPhilosophers\RWP_L2\Ch07_RNPCE_ReuniteWithPhilosophers_Sergey_Intro_01b_Sub.json,-- Serdar Iskanderov.,
Impact\Content\Maps\Chapters\Chapter07\RNPCE_ReuniteWithPhilosophers\RWP_L2\Ch07_RNPCE_ReuniteWithPhilosophers_Sergey_Intro_01b_Sub.json,You STILL think you picked enough mushrooms?!?,
Impact\Content\Maps\Chapters\Chapter07\RNPCE_ReuniteWithPhilosophers\RWP_L2\Ch07_RNPCE_ReuniteWithPhilosophers_Sergey_Intro_01c_Sub.json,Oh no! Not this existential nonsense.,
Impact\Content\Maps\Chapters\Chapter07\RNPCE_ReuniteWithPhilosophers\RWP_L2\Ch07_RNPCE_ReuniteWithPhilosophers_Sergey_Intro_01c_Sub.json,Go back from where you came.,
Impact\Content\Maps\Chapters\Chapter07\RNPCE_ReuniteWithPhilosophers\RWP_L2\Ch07_RNPCE_ReuniteWithPhilosophers_Sergey_Intro_02_Sub.json,"Serdar excuse me, I'm truly concerned as well -",
Impact\Content\Maps\Chapters\Chapter07\RNPCE_ReuniteWithPhilosophers\RWP_L2\Ch07_RNPCE_ReuniteWithPhilosophers_Sergey_Intro_02_Sub.json,BUT. My meal has been needlessly delayed --,
Impact\Content\Maps\Chapters\Chapter07\RNPCE_ReuniteWithPhilosophers\RWP_L2\Ch07_RNPCE_ReuniteWithPhilosophers_Sergey_InWhichCase_Sub.json,In which case the purpose of our survival is exactly to survive in order to,
Impact\Content\Maps\Chapters\Chapter07\RNPCE_ReuniteWithPhilosophers\RWP_L2\Ch07_RNPCE_ReuniteWithPhilosophers_Sergey_InWhichCase_Sub.json,repopulate the wasteland once it will be found fit for repopulation.,
Impact\Content\Maps\Chapters\Chapter07\RNPCE_ReuniteWithPhilosophers\RWP_L2\Ch07_RNPCE_ReuniteWithPhilosophers_Sergey_KettleNotFound_Sub.json,My survival instinct can take no more.,
Impact\Content\Maps\Chapters\Chapter07\RNPCE_ReuniteWithPhilosophers\RWP_L2\Ch07_RNPCE_ReuniteWithPhilosophers_Sergey_KettleNotFound_Sub.json,"I'll get a kettle, doctor.",
Impact\Content\Maps\Chapters\Chapter07\RNPCE_ReuniteWithPhilosophers\RWP_L2\Ch07_RNPCE_ReuniteWithPhilosophers_Sergey_KettleNotFound_Sub.json,Just... stop.,
Impact\Content\Maps\Chapters\Chapter07\RNPCE_ReuniteWithPhilosophers\RWP_L2\Ch07_RNPCE_ReuniteWithPhilosophers_Sergey_KettleNotPlaced_Sub.json,Am I the only one who understands the gravity of the moment?!?,
Impact\Content\Maps\Chapters\Chapter07\RNPCE_ReuniteWithPhilosophers\RWP_L2\Ch07_RNPCE_ReuniteWithPhilosophers_Sergey_KettleNotPlaced_Sub.json,Why are you conspiring to deny me my life's blood?,
Impact\Content\Maps\Chapters\Chapter07\RNPCE_ReuniteWithPhilosophers\RWP_L2\Ch07_RNPCE_ReuniteWithPhilosophers_Sergey_KettleNotPlaced_Sub.json,I relent. Forget the kettle.,
Impact\Content\Maps\Chapters\Chapter07\RNPCE_ReuniteWithPhilosophers\RWP_L2\Ch07_RNPCE_ReuniteWithPhilosophers_Sergey_KettleNotPlaced_Sub.json,You win.,
Impact\Content\Maps\Chapters\Chapter07\RNPCE_ReuniteWithPhilosophers\RWP_L2\Ch07_RNPCE_ReuniteWithPhilosophers_Sergey_KettleReminder01_Sub.json,"Serdar, check over by the shelf in the back corner over there.",
Impact\Content\Maps\Chapters\Chapter07\RNPCE_ReuniteWithPhilosophers\RWP_L2\Ch07_RNPCE_ReuniteWithPhilosophers_Sergey_KettleReminder02_Sub.json,"Now hang that kettle right here over the fire,",
Impact\Content\Maps\Chapters\Chapter07\RNPCE_ReuniteWithPhilosophers\RWP_L2\Ch07_RNPCE_ReuniteWithPhilosophers_Sergey_KettleReminder02_Sub.json,so that it will give life to the lifeless once again.,
Impact\Content\Maps\Chapters\Chapter07\RNPCE_ReuniteWithPhilosophers\RWP_L2\Ch07_RNPCE_ReuniteWithPhilosophers_Sergey_KettleSkip_Sub.json,Now I'm hallucinating too!,
Impact\Content\Maps\Chapters\Chapter07\RNPCE_ReuniteWithPhilosophers\RWP_L2\Ch07_RNPCE_ReuniteWithPhilosophers_Sergey_KettleSkip_Sub.json,How is the kettle here already?!,
Impact\Content\Maps\Chapters\Chapter07\RNPCE_ReuniteWithPhilosophers\RWP_L2\Ch07_RNPCE_ReuniteWithPhilosophers_Sergey_KettleSuccess_Sub.json,"Ah, at last!",
Impact\Content\Maps\Chapters\Chapter07\RNPCE_ReuniteWithPhilosophers\RWP_L2\Ch07_RNPCE_ReuniteWithPhilosophers_Sergey_KettleSuccess_Sub.json,Vitamins! Minerals!,
Impact\Content\Maps\Chapters\Chapter07\RNPCE_ReuniteWithPhilosophers\RWP_L2\Ch07_RNPCE_ReuniteWithPhilosophers_Sergey_MushroomReminder01_Sub.json,Serdar. Over by the stack of chairs in that corner.,
Impact\Content\Maps\Chapters\Chapter07\RNPCE_ReuniteWithPhilosophers\RWP_L2\Ch07_RNPCE_ReuniteWithPhilosophers_Sergey_MushroomReminder02_Sub.json,Drop them in the box here.,
Impact\Content\Maps\Chapters\Chapter07\RNPCE_ReuniteWithPhilosophers\RWP_L2\Ch07_RNPCE_ReuniteWithPhilosophers_Sergey_MushroomReminder02_Sub.json,That'll be fine.,
Impact\Content\Maps\Chapters\Chapter07\RNPCE_ReuniteWithPhilosophers\RWP_L2\Ch07_RNPCE_ReuniteWithPhilosophers_Sergey_MushroomReminder03_Sub.json,Bring them mushrooms right to me.,
Impact\Content\Maps\Chapters\Chapter07\RNPCE_ReuniteWithPhilosophers\RWP_L2\Ch07_RNPCE_ReuniteWithPhilosophers_Sergey_MushroomReminder03_Sub.json,"In the box, where I can keep an eye on them!",
Impact\Content\Maps\Chapters\Chapter07\RNPCE_ReuniteWithPhilosophers\RWP_L2\Ch07_RNPCE_ReuniteWithPhilosophers_Sergey_MushroomSkip_Sub.json,"Evgeniy, not to criticize, but it might interest you to know",
Impact\Content\Maps\Chapters\Chapter07\RNPCE_ReuniteWithPhilosophers\RWP_L2\Ch07_RNPCE_ReuniteWithPhilosophers_Sergey_MushroomSkip_Sub.json,you're asking our guest for labor he's already provided!,
Impact\Content\Maps\Chapters\Chapter07\RNPCE_ReuniteWithPhilosophers\RWP_L2\Ch07_RNPCE_ReuniteWithPhilosophers_Sergey_MushroomSkip_Sub.json,"Thank you, Serdar.",
Impact\Content\Maps\Chapters\Chapter07\RNPCE_ReuniteWithPhilosophers\RWP_L2\Ch07_RNPCE_ReuniteWithPhilosophers_Sergey_MushroomSkip_Sub.json,ONE of us noticed.,
Impact\Content\Maps\Chapters\Chapter07\RNPCE_ReuniteWithPhilosophers\RWP_L2\Ch07_RNPCE_ReuniteWithPhilosophers_Sergey_MushroomSuccess_Sub.json,"Ah yes, I can already feel the life flowing back into me.",
Impact\Content\Maps\Chapters\Chapter07\RNPCE_ReuniteWithPhilosophers\RWP_L2\Ch07_RNPCE_ReuniteWithPhilosophers_Sergey_Outro_01a_Sub.json,Absolutely not!,
Impact\Content\Maps\Chapters\Chapter07\RNPCE_ReuniteWithPhilosophers\RWP_L2\Ch07_RNPCE_ReuniteWithPhilosophers_Sergey_Outro_01a_Sub.json,I don't care if it's my turn!,
Impact\Content\Maps\Chapters\Chapter07\RNPCE_ReuniteWithPhilosophers\RWP_L2\Ch07_RNPCE_ReuniteWithPhilosophers_Sergey_Outro_01a_Sub.json,Serdar can go!,
Impact\Content\Maps\Chapters\Chapter07\RNPCE_ReuniteWithPhilosophers\RWP_L2\Ch07_RNPCE_ReuniteWithPhilosophers_Sergey_Outro_01b_Sub.json,"Yes! And had you blown up the station properly the first time,",
Impact\Content\Maps\Chapters\Chapter07\RNPCE_ReuniteWithPhilosophers\RWP_L2\Ch07_RNPCE_ReuniteWithPhilosophers_Sergey_Outro_01b_Sub.json,maybe we could enjoy a mutant-free meal once in a while!,
Impact\Content\Maps\Chapters\Chapter07\RNPCE_ReuniteWithPhilosophers\RWP_L2\Ch07_RNPCE_ReuniteWithPhilosophers_Sergey_OutroReminder01_Sub.json,"Hey, you wanted to talk -",
Impact\Content\Maps\Chapters\Chapter07\RNPCE_ReuniteWithPhilosophers\RWP_L2\Ch07_RNPCE_ReuniteWithPhilosophers_Sergey_OutroReminder01_Sub.json,it's not going to get any easier if the mutants come in here.,
Impact\Content\Maps\Chapters\Chapter07\RNPCE_ReuniteWithPhilosophers\RWP_L2\Ch07_RNPCE_ReuniteWithPhilosophers_Sergey_OutroReminder02_Sub.json,"Come on, Serdar! The tea will be cold by the time you’re finished!",
Impact\Content\Maps\Chapters\Chapter07\RNPCE_SergeysPhilosophies\SergeysPhilosophies_L2\Ch07_RNPCE_SergeysPhilosophies_Serdar_AllTamirWanted_Sub.json,All Tamir wanted was that book.,
Impact\Content\Maps\Chapters\Chapter07\RNPCE_SergeysPhilosophies\SergeysPhilosophies_L2\Ch07_RNPCE_SergeysPhilosophies_Serdar_AllTamirWanted_Sub.json,Is that why he never moved on?,
Impact\Content\Maps\Chapters\Chapter07\RNPCE_SergeysPhilosophies\SergeysPhilosophies_L2\Ch07_RNPCE_SergeysPhilosophies_Serdar_AndIEnded_Sub.json,And I ended up being responsible for their deaths.,
Impact\Content\Maps\Chapters\Chapter07\RNPCE_SergeysPhilosophies\SergeysPhilosophies_L2\Ch07_RNPCE_SergeysPhilosophies_Serdar_AndIEnded_Sub.json,"Whereas, should’ve I accepted that...",
Impact\Content\Maps\Chapters\Chapter07\RNPCE_SergeysPhilosophies\SergeysPhilosophies_L2\Ch07_RNPCE_SergeysPhilosophies_Serdar_AndIEnded_Sub.json,All of that...,
Impact\Content\Maps\Chapters\Chapter07\RNPCE_SergeysPhilosophies\SergeysPhilosophies_L2\Ch07_RNPCE_SergeysPhilosophies_Serdar_AndIEnded_Sub.json,All of what Yana believed in –,
Impact\Content\Maps\Chapters\Chapter07\RNPCE_SergeysPhilosophies\SergeysPhilosophies_L2\Ch07_RNPCE_SergeysPhilosophies_Serdar_AndIEnded_Sub.json,"premonitions, misgivings, me being a reincarnation of Genghis Khan...",
Impact\Content\Maps\Chapters\Chapter07\RNPCE_SergeysPhilosophies\SergeysPhilosophies_L2\Ch07_RNPCE_SergeysPhilosophies_Serdar_IHadA_Sub.json,"I had a friend who said that the Last War has turned the world inside out,",
Impact\Content\Maps\Chapters\Chapter07\RNPCE_SergeysPhilosophies\SergeysPhilosophies_L2\Ch07_RNPCE_SergeysPhilosophies_Serdar_IHadA_Sub.json,and the Hell is on the surface now.,
Impact\Content\Maps\Chapters\Chapter07\RNPCE_SergeysPhilosophies\SergeysPhilosophies_L2\Ch07_RNPCE_SergeysPhilosophies_Serdar_IThoughtI_Sub.json,I thought I had dozed off; had a dream.,
Impact\Content\Maps\Chapters\Chapter07\RNPCE_SergeysPhilosophies\SergeysPhilosophies_L2\Ch07_RNPCE_SergeysPhilosophies_Serdar_IThoughtI_Sub.json,And then after... It happened. And I...,
Impact\Content\Maps\Chapters\Chapter07\RNPCE_SergeysPhilosophies\SergeysPhilosophies_L2\Ch07_RNPCE_SergeysPhilosophies_Serdar_IThoughtI_Sub.json,Why didn’t I tell them?,
Impact\Content\Maps\Chapters\Chapter07\RNPCE_SergeysPhilosophies\SergeysPhilosophies_L2\Ch07_RNPCE_SergeysPhilosophies_Serdar_SergeyWasRight_Sub.json,Sergey...,
Impact\Content\Maps\Chapters\Chapter07\RNPCE_SergeysPhilosophies\SergeysPhilosophies_L2\Ch07_RNPCE_SergeysPhilosophies_Serdar_SergeyWasRight_Sub.json,Tamir was right.,
Impact\Content\Maps\Chapters\Chapter07\RNPCE_SergeysPhilosophies\SergeysPhilosophies_L2\Ch07_RNPCE_SergeysPhilosophies_Serdar_SergeyWasRight_Sub.json,I WAS avoiding him.,
Impact\Content\Maps\Chapters\Chapter07\RNPCE_SergeysPhilosophies\SergeysPhilosophies_L2\Ch07_RNPCE_SergeysPhilosophies_Serdar_ThreeDaysBefore_Sub.json,Three days before the station was attacked... I knew.,
Impact\Content\Maps\Chapters\Chapter07\RNPCE_SergeysPhilosophies\SergeysPhilosophies_L2\Ch07_RNPCE_SergeysPhilosophies_Serdar_ThreeDaysBefore_Sub.json,I was lying here in my bunk and...,
Impact\Content\Maps\Chapters\Chapter07\RNPCE_SergeysPhilosophies\SergeysPhilosophies_L2\Ch07_RNPCE_SergeysPhilosophies_Serdar_ThreeDaysBefore_Sub.json,I saw them all die.,
Impact\Content\Maps\Chapters\Chapter07\RNPCE_SergeysPhilosophies\SergeysPhilosophies_L2\Ch07_RNPCE_SergeysPhilosophies_Serdar_WarningThemWould_Sub.json,Warning them would have been ridiculous.,
Impact\Content\Maps\Chapters\Chapter07\RNPCE_SergeysPhilosophies\SergeysPhilosophies_L2\Ch07_RNPCE_SergeysPhilosophies_Serdar_WarningThemWould_Sub.json,"They have already made sufficient fun of me, calling me Khan,",
Impact\Content\Maps\Chapters\Chapter07\RNPCE_SergeysPhilosophies\SergeysPhilosophies_L2\Ch07_RNPCE_SergeysPhilosophies_Serdar_WarningThemWould_Sub.json,"asking “How’s past life?”, and all of this...",
Impact\Content\Maps\Chapters\Chapter07\RNPCE_SergeysPhilosophies\SergeysPhilosophies_L2\Ch07_RNPCE_SergeysPhilosophies_Serdar_WarningThemWould_Sub.json,I guess I didn’t want to feel like an idiot.,
Impact\Content\Maps\Chapters\Chapter07\RNPCE_SergeysPhilosophies\SergeysPhilosophies_L2\Ch07_RNPCE_SergeysPhilosophies_Serdar_YouSawHim_Sub.json,"You saw him too, then.",
Impact\Content\Maps\Chapters\Chapter07\RNPCE_SergeysPhilosophies\SergeysPhilosophies_L2\Ch07_RNPCE_SergeysPhilosophies_Serdar_YouSawHim_Sub.json,But how in Hell is any of this possible?!,
Impact\Content\Maps\Chapters\Chapter07\RNPCE_SergeysPhilosophies\SergeysPhilosophies_L2\Ch07_RNPCE_SergeysPhilosophies_Sergey_Intro_01_Sub.json,"It sounded like Tamir had been waiting a long, long time for that book.",
Impact\Content\Maps\Chapters\Chapter07\RNPCE_SergeysPhilosophies\SergeysPhilosophies_L2\Ch07_RNPCE_SergeysPhilosophies_Sergey_Intro_01_Sub.json,Is that what kept him here?,
Impact\Content\Maps\Chapters\Chapter07\RNPCE_SergeysPhilosophies\SergeysPhilosophies_L2\Ch07_RNPCE_SergeysPhilosophies_Sergey_Intro_01_Sub.json,"You said this, not me.",
Impact\Content\Maps\Chapters\Chapter07\RNPCE_SergeysPhilosophies\SergeysPhilosophies_L2\Ch07_RNPCE_SergeysPhilosophies_Sergey_Intro_01_Sub.json,Everything is possible in Hell.,
Impact\Content\Maps\Chapters\Chapter07\RNPCE_SergeysPhilosophies\SergeysPhilosophies_L2\Ch07_RNPCE_SergeysPhilosophies_Sergey_Intro_01_Sub.json,You're surprised that the dead are as screwed up as everyone else?,
Impact\Content\Maps\Chapters\Chapter07\RNPCE_SergeysPhilosophies\SergeysPhilosophies_L2\Ch07_RNPCE_SergeysPhilosophies_Sergey_Intro_01_Sub.json,A premonition?,
Impact\Content\Maps\Chapters\Chapter07\RNPCE_SergeysPhilosophies\SergeysPhilosophies_L2\Ch07_RNPCE_SergeysPhilosophies_Sergey_Intro_01_Sub.json,Why didn’t you?,
Impact\Content\Maps\Chapters\Chapter07\RNPCE_SergeysPhilosophies\SergeysPhilosophies_L2\Ch07_RNPCE_SergeysPhilosophies_Sergey_Intro_01_Sub.json,"Ah yes, yes. Evgeniy mentioned that.",
Impact\Content\Maps\Chapters\Chapter07\RNPCE_SergeysPhilosophies\SergeysPhilosophies_L2\Ch07_RNPCE_SergeysPhilosophies_Sergey_Intro_01_Sub.json,He's very interested in what our Mongolian friend has to do with all of this.,
Impact\Content\Maps\Chapters\Chapter07\RNPCE_SergeysPhilosophies\SergeysPhilosophies_L2\Ch07_RNPCE_SergeysPhilosophies_Sergey_Intro_01_Sub.json,Why don't you run back to him and keep him up to speed?,
Impact\Content\Maps\Chapters\Chapter07\RNPCE_SergeysPhilosophies\SergeysPhilosophies_L2\Ch07_RNPCE_SergeysPhilosophies_Sergey_Intro_01_Sub.json,"Meanwhile, I will peruse some of your reading materials",
Impact\Content\Maps\Chapters\Chapter07\RNPCE_SergeysPhilosophies\SergeysPhilosophies_L2\Ch07_RNPCE_SergeysPhilosophies_Sergey_Intro_01_Sub.json,and see if anything catches my eye...,
Impact\Content\Maps\Chapters\Chapter07\TRAV_EnterPolyanka1\SerdarInPolyanka\Ch07_TRAV_EnterPolyanka1_Serdar_IInPolyanka_Sub.json,I'm in Polyanka??,
Impact\Content\Maps\Chapters\Chapter07\TRAV_EnterPolyanka1\SerdarInPolyanka\Ch07_TRAV_EnterPolyanka1_Serdar_IInPolyanka_Sub.json,But it was destroyed...,
Impact\Content\Maps\Chapters\Chapter07\TRAV_EnterPolyanka1\SerdarInPolyanka\Ch07_TRAV_EnterPolyanka1_Serdar_IInPolyanka_Sub.json,This has to be another hallucination...,
Impact\Content\Maps\Chapters\Chapter07\TRAV_EnterPolyanka1\SerdarInPolyanka\Ch07_TRAV_EnterPolyanka1_Serdar_IsThisAll_Sub.json,Is this all some coping mechanism?,
Impact\Content\Maps\Chapters\Chapter07\TRAV_EnterPolyanka1\SerdarInPolyanka\Ch07_TRAV_EnterPolyanka1_Serdar_IsThisAll_Sub.json,But then why not Akademicheskaya??,
Impact\Content\Maps\Chapters\Chapter07\TRAV_EnterPolyanka1\SerdarInPolyanka\Ch07_TRAV_EnterPolyanka1_Serdar_IsThisAll_Sub.json,Why imagine myself in my old station??,
Impact\Content\Maps\Chapters\Chapter07\TRAV_EnterPolyanka1\SerdarInPolyanka\Ch07_TRAV_EnterPolyanka1_Serdar_NoRememberSection_Sub.json,"No... no, I remember.",
Impact\Content\Maps\Chapters\Chapter07\TRAV_EnterPolyanka1\SerdarInPolyanka\Ch07_TRAV_EnterPolyanka1_Serdar_NoRememberSection_Sub.json,This entire section collapsed after I detonated the charges at the gates...!,
Impact\Content\Maps\Chapters\Chapter07\TRAV_EnterPolyanka1\SerdarInPolyanka\Ch07_TRAV_EnterPolyanka1_Serdar_TheyTriedTo_Sub.json,They tried to evacuate the women and children,
Impact\Content\Maps\Chapters\Chapter07\TRAV_EnterPolyanka1\SerdarInPolyanka\Ch07_TRAV_EnterPolyanka1_Serdar_TheyTriedTo_Sub.json,through here but the mutants were already waiting.,
Impact\Content\Maps\Chapters\Chapter07\TRAV_EnterPolyanka1\SerdarInPolyanka\Ch07_TRAV_EnterPolyanka1_Serdar_TheyTriedTo_Sub.json,So then where are the bodies??,
Impact\Content\Maps\Chapters\Chapter07\TRAV_EnterPolyanka1\SerdarInPolyanka\Ch07_TRAV_EnterPolyanka1_Serdar_TheyTriedTo_Sub.json,Or ANY signs of struggle??,
Impact\Content\Maps\Chapters\Chapter08\EXPL_ToKhansWife\ExploringAndFollowing\Ch08_EXPL_ToKhansWife_Petya_IBeRight_Sub.json,I'll be right there!,
Impact\Content\Maps\Chapters\Chapter08\EXPL_ToKhansWife\PetyaBeforeAltar\Ch08_EXPL_ToKhansWife_Serdar_GhostMagicDragon_Sub.json,"Ghost, boy, or magic dragon - this may not be my area of expertise,",
Impact\Content\Maps\Chapters\Chapter08\EXPL_ToKhansWife\PetyaBeforeAltar\Ch08_EXPL_ToKhansWife_Serdar_GhostMagicDragon_Sub.json,but one does not get to deny the planets exist because they've never built a rocket.,
Impact\Content\Maps\Chapters\Chapter08\EXPL_ToKhansWife\PetyaFadeOut\Ch08_EXPL_ToKhansWife_Petya_YeahComing_Sub.json,"Yeah, I'm coming, I'm coming!",
Impact\Content\Maps\Chapters\Chapter08\EXPL_ToKhansWife\PetyaFadeOut\Ch08_EXPL_ToKhansWife_Serdar_Nudge_AlrightSeemTo_Sub.json,"Alright, Petya. You seem to know where she is.",
Impact\Content\Maps\Chapters\Chapter08\EXPL_ToKhansWife\PetyaFadeOut\Ch08_EXPL_ToKhansWife_Serdar_Nudge_AlrightSeemTo_Sub.json,Lead on.,
Impact\Content\Maps\Chapters\Chapter08\EXPL_ToKhansWife\PetyaFadeOut\Ch08_EXPL_ToKhansWife_Serdar_PetyaExclamation_Sub.json,Petya!,
Impact\Content\Maps\Chapters\Chapter08\EXPL_ToKhansWife\PetyaFadeOut\Ch08_EXPL_ToKhansWife_Yana_PetyaYouComing_Sub.json,"Petya, are you coming or what?",
Impact\Content\Maps\Chapters\Chapter08\EXPL_ToKhansWife\PetyaFollowingVoice\Ch08_EXPL_ToKhansWife_Petya_MommaAreYou_Sub.json,"Momma, where are you?",
Impact\Content\Maps\Chapters\Chapter08\EXPL_ToKhansWife\PetyaFollowingVoice\Ch08_EXPL_ToKhansWife_Serdar_ICanI_Sub.json,"I can't, can I?",
Impact\Content\Maps\Chapters\Chapter08\EXPL_ToKhansWife\PetyaFollowingVoice\Ch08_EXPL_ToKhansWife_Serdar_ICanI_Sub.json,And yet I also clearly do not have the luxury of ignoring what my senses are showing me...,
Impact\Content\Maps\Chapters\Chapter08\EXPL_ToKhansWife\PetyaFollowingVoice\Ch08_EXPL_ToKhansWife_Serdar_ICanI_Sub.json,so where does that leave us?,
Impact\Content\Maps\Chapters\Chapter08\EXPL_ToKhansWife\PetyaFollowingVoice\Ch08_EXPL_ToKhansWife_Serdar_IfOnlyI_Sub.json,If only I could tell what parts of these maddening visions are real or invented!,
Impact\Content\Maps\Chapters\Chapter08\EXPL_ToKhansWife\SerdarInStation\Ch08_EXPL_ToKhansWife_Petya_Coming_Sub.json,"Coming, momma!",
Impact\Content\Maps\Chapters\Chapter08\EXPL_ToKhansWife\SerdarInStation\Ch08_EXPL_ToKhansWife_Serdar_Gentlemen_Sub.json,Gentlemen?,
Impact\Content\Maps\Chapters\Chapter08\EXPL_ToKhansWife\SerdarInStation\Ch08_EXPL_ToKhansWife_Serdar_PetyaQuestion_Sub.json,Petya?!,
Impact\Content\Maps\Chapters\Chapter08\EXPL_ToKhansWife\SerdarInStation\Ch08_EXPL_ToKhansWife_Serdar_Sergey_Sub.json,Sergey?,
Impact\Content\Maps\Chapters\Chapter08\EXPL_ToKhansWife\SerdarInStation\Ch08_EXPL_ToKhansWife_Serdar_Sergey_Sub.json,Evgeniy??,
Impact\Content\Maps\Chapters\Chapter08\EXPL_ToKhansWife\SerdarInStation\Ch08_EXPL_ToKhansWife_Serdar_SighTheDesert_Sub.json,Into the desert alone then.,
Impact\Content\Maps\Chapters\Chapter08\EXPL_ToKhansWife\SerdarInStation\Ch08_EXPL_ToKhansWife_Serdar_SighTheDesert_Sub.json,What does that priest from my dreams want with Yana?,
Impact\Content\Maps\Chapters\Chapter08\EXPL_ToKhansWife\SerdarInStation\Ch08_EXPL_ToKhansWife_Serdar_TheBoy_Sub.json,The boy's gone.,
Impact\Content\Maps\Chapters\Chapter08\EXPL_ToKhansWife\SerdarInStation\Ch08_EXPL_ToKhansWife_Serdar_TheBoyFollowed_Sub.json,The boy followed her voice.,
Impact\Content\Maps\Chapters\Chapter08\EXPL_ToKhansWife\SerdarInStation\Ch08_EXPL_ToKhansWife_Yana_Petya_Sub.json,Petya?,
Impact\Content\Maps\Chapters\Chapter08\EXPL_ToKhansWife\SerdarInStation\Ch08_EXPL_ToKhansWife_Yana_Petya_Sub.json,Petya!,
Impact\Content\Maps\Chapters\Chapter08\EXPL_ToKhansWife\SerdarRealisation\Ch08_EXPL_ToKhansWife_Serdar_GodAFool_Sub.json,"God, what a fool I am.",
Impact\Content\Maps\Chapters\Chapter08\EXPL_ToKhansWife\SerdarRealisation\Ch08_EXPL_ToKhansWife_Serdar_GodAFool_Sub.json,"The universe may be many things, but a liar, it is not.",
Impact\Content\Maps\Chapters\Chapter08\KNE_Dream3\Dream3_L2\Ch08_KNE_Dream3_Genghis_Khan_IHaveWhat_Sub.json,I have what you seek.,
Impact\Content\Maps\Chapters\Chapter08\KNE_Dream3\Dream3_L2\Ch08_KNE_Dream3_Priest_Act01_01_Sub.json,It’s with your own knife that I am sacrificing this lamb.,
Impact\Content\Maps\Chapters\Chapter08\KNE_Dream3\Dream3_L2\Ch08_KNE_Dream3_Priest_Act01_01_Sub.json,"I am shedding her blood for a different God,",
Impact\Content\Maps\Chapters\Chapter08\KNE_Dream3\Dream3_L2\Ch08_KNE_Dream3_Priest_Act01_01_Sub.json,but for our common truth.,
Impact\Content\Maps\Chapters\Chapter08\KNE_Dream3\Dream3_L2\Ch08_KNE_Dream3_Priest_Act01_01_Sub.json,"We are different, o Khan,",
Impact\Content\Maps\Chapters\Chapter08\KNE_Dream3\Dream3_L2\Ch08_KNE_Dream3_Priest_Act01_01_Sub.json,but we want the same.,
Impact\Content\Maps\Chapters\Chapter08\KNE_Dream3\Dream3_L2\Ch08_KNE_Dream3_Priest_Act01_01_Sub.json,We know what destroyed the world in the Last War:,
Impact\Content\Maps\Chapters\Chapter08\KNE_Dream3\Dream3_L2\Ch08_KNE_Dream3_Priest_Act01_01_Sub.json,people with too much power.,
Impact\Content\Maps\Chapters\Chapter08\KNE_Dream3\Dream3_L2\Ch08_KNE_Dream3_Priest_Act01_01_Sub.json,More power than they were ever ready for.,
Impact\Content\Maps\Chapters\Chapter08\KNE_Dream3\Dream3_L2\Ch08_KNE_Dream3_Priest_Act01_02_Sub.json,We will wash their memory clean - with blood.,
Impact\Content\Maps\Chapters\Chapter08\KNE_Dream3\Dream3_L2\Ch08_KNE_Dream3_Priest_Act01_02_Sub.json,You've known exactly how to find her this whole time.,
Impact\Content\Maps\Chapters\Chapter08\KNE_Dream3\Dream3_L2\Ch08_KNE_Dream3_Priest_Act01_02_Sub.json,"But just like everyone else in this cursed Metro, you stare blindly forward.",
Impact\Content\Maps\Chapters\Chapter08\KNE_Dream3\Dream3_L2\Ch08_KNE_Dream3_Priest_Act01_02_Sub.json,Ignoring the past like it never happened.,
Impact\Content\Maps\Chapters\Chapter08\KNE_Dream3\Dream3_L2\Ch08_KNE_Dream3_Priest_Act01_02_Sub.json,And so while you chase all the wrong shadows...,
Impact\Content\Maps\Chapters\Chapter08\KNE_Dream3\Dream3_L2\Ch08_KNE_Dream3_Priest_Act01_02_Sub.json,...the Worm shall turn.,
Impact\Content\Maps\Chapters\Chapter08\KNE_Dream3\Dream3_L2\Ch08_KNE_Dream3_Serdar_CanYouHear_Sub.json,Can you hear me??,
Impact\Content\Maps\Chapters\Chapter08\KNE_Dream3\Dream3_L2\Ch08_KNE_Dream3_Serdar_CanYouHear_Sub.json,Tell me how to find you!,
Impact\Content\Maps\Chapters\Chapter08\KNE_Dream3\Dream3_L2\Ch08_KNE_Dream3_Serdar_NoCan_Sub.json,No... no... this can't be...,
Impact\Content\Maps\Chapters\Chapter08\KNE_Dream3\Dream3_L2\Ch08_KNE_Dream3_Serdar_YanaIsThis_Sub.json,Yana! What is this place?,
Impact\Content\Maps\Chapters\Chapter08\KNE_Dream3\Dream3_L2\Ch08_KNE_Dream3_Yana_Outro_01_Sub.json,I was supposed to meet him at the station!,
Impact\Content\Maps\Chapters\Chapter08\KNE_Dream3\Dream3_L2\Ch08_KNE_Dream3_Yana_Outro_01_Sub.json,I was supposed to meet him at the station!,
Impact\Content\Maps\Chapters\Chapter08\KNE_Dream3\Dream3_L2\Ch08_KNE_Dream3_Yana_Outro_01_Sub.json,He has to be in the station!,
Impact\Content\Maps\Chapters\Chapter08\KNE_Dream3\Dream3_L2\Ch08_KNE_Dream3_Yana_Outro_01_Sub.json,He has to be in the station!,
Impact\Content\Maps\Chapters\Chapter08\KNE_Dream3\Dream3_L2\Ch08_KNE_Dream3_Yana_Outro_01_Sub.json,He has to be in the station!,
Impact\Content\Maps\Chapters\Chapter08\KNE_Dream3\Dream3_L2\Ch08_KNE_Dream3_Yana_Outro_01_Sub.json,HE HAS TO BE IN THE STATION!!,
Impact\Content\Maps\Chapters\Chapter08\KNE_ShamansAmbush\ShamansAmbush_L2\Ch08_EXPL_ToKhansWife_Yana_Nudge_Petya_Sub.json,Petya!,
Impact\Content\Maps\Chapters\Chapter08\KNE_ShamansAmbush\ShamansAmbush_L2\Ch08_EXPL_ToKhansWife_Yana_Nudge_WhereYouGo_Sub.json,Where'd you go?,
Impact\Content\Maps\Chapters\Chapter08\KNE_ShamansAmbush\ShamansAmbush_L2\Ch08_KNE_ShamansAmbush_Priest_Monologue_Sub.json,Oh Genghis Khan!,
Impact\Content\Maps\Chapters\Chapter08\KNE_ShamansAmbush\ShamansAmbush_L2\Ch08_KNE_ShamansAmbush_Priest_Monologue_Sub.json,Now you return to repeat your great deeds.,
Impact\Content\Maps\Chapters\Chapter08\KNE_ShamansAmbush\ShamansAmbush_L2\Ch08_KNE_ShamansAmbush_Priest_Monologue_Sub.json,"We believe in different gods, but in the same truths.",
Impact\Content\Maps\Chapters\Chapter08\KNE_ShamansAmbush\ShamansAmbush_L2\Ch08_KNE_ShamansAmbush_Priest_Monologue_Sub.json,Oh great Khan!,
Impact\Content\Maps\Chapters\Chapter08\KNE_ShamansAmbush\ShamansAmbush_L2\Ch08_KNE_ShamansAmbush_Priest_Monologue_Sub.json,"You had shed blood before to establish order and peace,",
Impact\Content\Maps\Chapters\Chapter08\KNE_ShamansAmbush\ShamansAmbush_L2\Ch08_KNE_ShamansAmbush_Priest_Monologue_Sub.json,and now we must shed blood for eternal peace to prevail.,
Impact\Content\Maps\Chapters\Chapter08\KNE_ShamansAmbush\ShamansAmbush_L2\Ch08_KNE_ShamansAmbush_Priest_Monologue_Sub.json,"You might believe this is your eternal bride, but...",
Impact\Content\Maps\Chapters\Chapter08\KNE_ShamansAmbush\ShamansAmbush_L2\Ch08_KNE_ShamansAmbush_Priest_Monologue_Sub.json,Must love stand in the way of the eternal peace?,
Impact\Content\Maps\Chapters\Chapter08\KNE_ShamansAmbush\ShamansAmbush_L2\Ch08_KNE_ShamansAmbush_Priest_Monologue_Sub.json,She must die so others can live.,
Impact\Content\Maps\Chapters\Chapter08\KNE_ShamansAmbush\ShamansAmbush_L2\Ch08_KNE_ShamansAmbush_Priest_Monologue_Sub.json,This is her fate.,
Impact\Content\Maps\Chapters\Chapter08\KNE_ShamansAmbush\ShamansAmbush_L2\Ch08_KNE_ShamansAmbush_Priest_Monologue_Sub.json,Don’t stand in its way.,
Impact\Content\Maps\Chapters\Chapter08\KNE_ShamansAmbush\ShamansAmbush_L2\CH8_KNE_ShamansAmbush_AreYouComing_Sub.json,Are you coming?,
Impact\Content\Maps\Chapters\Chapter08\KNE_ShamansAmbush\ShamansAmbush_L2\CH8_KNE_ShamansAmbush_HereMomma_Sub.json,"Here, momma!",
Impact\Content\Maps\Chapters\Chapter08\TRAV_ToShaman\KhanDream\Ch08_TRAV_ToShaman_Evgeniy_HasnHappenedYet_Sub.json,Hasn't happened yet.,
Impact\Content\Maps\Chapters\Chapter08\TRAV_ToShaman\KhanDream\Ch08_TRAV_ToShaman_Evgeniy_NoAlmostLike_Sub.json,No! It's almost like an amalgamation of experiences...,
Impact\Content\Maps\Chapters\Chapter08\TRAV_ToShaman\KhanDream\Ch08_TRAV_ToShaman_Serdar_ThisRemindsMe_Sub.json,This reminds me of that dream...,
Impact\Content\Maps\Chapters\Chapter08\TRAV_ToShaman\KhanDream\Ch08_TRAV_ToShaman_Serdar_ThisRemindsMe_Sub.json,Of that dream I saw three nights before Polyanka fell...,
Impact\Content\Maps\Chapters\Chapter08\TRAV_ToShaman\KhanDream\Ch08_TRAV_ToShaman_Serdar_ThisRemindsMe_Sub.json,It also was confusing...,
Impact\Content\Maps\Chapters\Chapter08\TRAV_ToShaman\KhanDream\Ch08_TRAV_ToShaman_Serdar_ThisRemindsMe_Sub.json,"Past intertwined with the present, imaginary with reality...",
Impact\Content\Maps\Chapters\Chapter08\TRAV_ToShaman\KhanDream\Ch08_TRAV_ToShaman_Serdar_ThisRemindsMe_Sub.json,"And then, there was the future in it.",
Impact\Content\Maps\Chapters\Chapter08\TRAV_ToShaman\KhanDream\Ch08_TRAV_ToShaman_Serdar_ThisRemindsMe_Sub.json,"A hazy, horrible future that came true three days later.",
Impact\Content\Maps\Chapters\Chapter08\TRAV_ToShaman\KhanDream\Ch08_TRAV_ToShaman_Sergey_HeJustSaid_Sub.json,He just said - that hasn't happened!,
Impact\Content\Maps\Chapters\Chapter08\TRAV_ToShaman\KhanDream\Ch08_TRAV_ToShaman_Sergey_ThenThatDoesn_Sub.json,Then that doesn't suggest a memory at all!,
Impact\Content\Maps\Chapters\Chapter08\TRAV_ToShaman\KhanDream\Nudge_General_Gameplay_Serdar_Fascinating_Sub.json,Fascinating.,
Impact\Content\Maps\Chapters\Chapter09\EXPL_ReturnToPetya\EugeniaToTrolley\Ch09_EXPL_ReturnToPetya_Oksana_AlexAndIUsed_Sub.json,"Alex and I used to say the Metro had a will of its own,",
Impact\Content\Maps\Chapters\Chapter09\EXPL_ReturnToPetya\EugeniaToTrolley\Ch09_EXPL_ReturnToPetya_Oksana_AlexAndIUsed_Sub.json,not to mention a sense of humor.,
Impact\Content\Maps\Chapters\Chapter09\EXPL_ReturnToPetya\EugeniaToTrolley\Ch09_EXPL_ReturnToPetya_Oksana_ALovingSoul_Sub.json,A loving soul.,
Impact\Content\Maps\Chapters\Chapter09\EXPL_ReturnToPetya\EugeniaToTrolley\Ch09_EXPL_ReturnToPetya_Oksana_AnythingIsPossible_Sub.json,Anything is possible.,
Impact\Content\Maps\Chapters\Chapter09\EXPL_ReturnToPetya\EugeniaToTrolley\Ch09_EXPL_ReturnToPetya_Oksana_EugeniaSomeoneThere_Sub.json,Eugenia? Is someone there with you?,
Impact\Content\Maps\Chapters\Chapter09\EXPL_ReturnToPetya\EugeniaToTrolley\Ch09_EXPL_ReturnToPetya_Oksana_IDonIf_Sub.json,I don’t know if I really like to think of myself as a poltergeist.,
Impact\Content\Maps\Chapters\Chapter09\EXPL_ReturnToPetya\EugeniaToTrolley\Ch09_EXPL_ReturnToPetya_Oksana_IDonWe_Sub.json,"I don’t think we’re so different, Khan.",
Impact\Content\Maps\Chapters\Chapter09\EXPL_ReturnToPetya\EugeniaToTrolley\Ch09_EXPL_ReturnToPetya_Serdar_GoodnessDoLike_Sub.json,"Goodness, Eugenia.",
Impact\Content\Maps\Chapters\Chapter09\EXPL_ReturnToPetya\EugeniaToTrolley\Ch09_EXPL_ReturnToPetya_Serdar_GoodnessDoLike_Sub.json,"You do like to keep me on my toes, don't you?",
Impact\Content\Maps\Chapters\Chapter09\EXPL_ReturnToPetya\EugeniaToTrolley\Ch09_EXPL_ReturnToPetya_Serdar_IFeelI_Sub.json,I feel I am quite ready to embrace this idea as well.,
Impact\Content\Maps\Chapters\Chapter09\EXPL_ReturnToPetya\EugeniaToTrolley\Ch09_EXPL_ReturnToPetya_Serdar_IFeelI_Sub.json,Metro as a living superorganism...,
Impact\Content\Maps\Chapters\Chapter09\EXPL_ReturnToPetya\EugeniaToTrolley\Ch09_EXPL_ReturnToPetya_Serdar_IFeelI_Sub.json,"And us, like mere flora existing in its gut.",
Impact\Content\Maps\Chapters\Chapter09\EXPL_ReturnToPetya\EugeniaToTrolley\Ch09_EXPL_ReturnToPetya_Serdar_IFeelI_Sub.json,The question would be – does it have its own will and consciousness –,
Impact\Content\Maps\Chapters\Chapter09\EXPL_ReturnToPetya\EugeniaToTrolley\Ch09_EXPL_ReturnToPetya_Serdar_IFeelI_Sub.json,or is it the collective will and the consciousness of all human beings that populate it?,
Impact\Content\Maps\Chapters\Chapter09\EXPL_ReturnToPetya\EugeniaToTrolley\Ch09_EXPL_ReturnToPetya_Serdar_IJustOpened_Sub.json,I've just opened a door that leads somewhere entirely different,
Impact\Content\Maps\Chapters\Chapter09\EXPL_ReturnToPetya\EugeniaToTrolley\Ch09_EXPL_ReturnToPetya_Serdar_IJustOpened_Sub.json,than the last time I was here.,
Impact\Content\Maps\Chapters\Chapter09\EXPL_ReturnToPetya\EugeniaToTrolley\Ch09_EXPL_ReturnToPetya_Serdar_IsItYour_Sub.json,Is it your love that holds you in this world?,
Impact\Content\Maps\Chapters\Chapter09\EXPL_ReturnToPetya\EugeniaToTrolley\Ch09_EXPL_ReturnToPetya_Serdar_ISorryA_Sub.json,I’m sorry... This is a purely technical classification.,
Impact\Content\Maps\Chapters\Chapter09\EXPL_ReturnToPetya\EugeniaToTrolley\Ch09_EXPL_ReturnToPetya_Serdar_ISorryA_Sub.json,How would you describe yourself?,
Impact\Content\Maps\Chapters\Chapter09\EXPL_ReturnToPetya\EugeniaToTrolley\Ch09_EXPL_ReturnToPetya_Serdar_ThisSoundsWise_Sub.json,"This sounds wise and precise, in particular from a poltergeist...",
Impact\Content\Maps\Chapters\Chapter09\EXPL_ReturnToPetya\EugeniaToTrolley\Ch09_EXPL_ReturnToPetya_Serdar_ThisSoundsWise_Sub.json,Huh.,
Impact\Content\Maps\Chapters\Chapter09\EXPL_ReturnToPetya\LongTunnel\Ch09_EXPL_ReturnToPetya_Oksana_AllAlongOther_Sub.json,"All along, I've heard other voices like the slave traders, the slaves;",
Impact\Content\Maps\Chapters\Chapter09\EXPL_ReturnToPetya\LongTunnel\Ch09_EXPL_ReturnToPetya_Oksana_AllAlongOther_Sub.json,"so at first, I didn't understand why I couldn't hear those people.",
Impact\Content\Maps\Chapters\Chapter09\EXPL_ReturnToPetya\LongTunnel\Ch09_EXPL_ReturnToPetya_Oksana_AllAlongOther_Sub.json,That's when it hit me -,
Impact\Content\Maps\Chapters\Chapter09\EXPL_ReturnToPetya\LongTunnel\Ch09_EXPL_ReturnToPetya_Oksana_AllAlongOther_Sub.json,you're the only one who's heard me since Alex and I were separated.,
Impact\Content\Maps\Chapters\Chapter09\EXPL_ReturnToPetya\LongTunnel\Ch09_EXPL_ReturnToPetya_Oksana_ButHeresWhat_Sub.json,But here’s what upsets me... If I can’t see or hear others...,
Impact\Content\Maps\Chapters\Chapter09\EXPL_ReturnToPetya\LongTunnel\Ch09_EXPL_ReturnToPetya_Oksana_ButHeresWhat_Sub.json,What if Alex... What if he perished as well... And is looking for me?,
Impact\Content\Maps\Chapters\Chapter09\EXPL_ReturnToPetya\LongTunnel\Ch09_EXPL_ReturnToPetya_Oksana_ButHeresWhat_Sub.json,What if we’re trapped in our own worlds?,
Impact\Content\Maps\Chapters\Chapter09\EXPL_ReturnToPetya\LongTunnel\Ch09_EXPL_ReturnToPetya_Oksana_ButHeresWhat_Sub.json,Or what if he’s alive but won’t be able to hear me?!,
Impact\Content\Maps\Chapters\Chapter09\EXPL_ReturnToPetya\LongTunnel\Ch09_EXPL_ReturnToPetya_Oksana_IDontUnderstand_Sub.json,I don’t understand why I can’t hear the voices of others like me...,
Impact\Content\Maps\Chapters\Chapter09\EXPL_ReturnToPetya\LongTunnel\Ch09_EXPL_ReturnToPetya_Oksana_IDontUnderstand_Sub.json,"I can’t, but you can. You hear all of us...",
Impact\Content\Maps\Chapters\Chapter09\EXPL_ReturnToPetya\LongTunnel\Ch09_EXPL_ReturnToPetya_Oksana_IDontUnderstand_Sub.json,You feel our pain... How do you get to do that?,
Impact\Content\Maps\Chapters\Chapter09\EXPL_ReturnToPetya\LongTunnel\Ch09_EXPL_ReturnToPetya_Oksana_InMyDefense_Sub.json,"In my defense, dying isn't something I've had a lot of first-hand experience with.",
Impact\Content\Maps\Chapters\Chapter09\EXPL_ReturnToPetya\LongTunnel\Ch09_EXPL_ReturnToPetya_Oksana_SerdarPeopleYou_Sub.json,Serdar... the people you helped in the train yard - the ones lost in the dark.,
Impact\Content\Maps\Chapters\Chapter09\EXPL_ReturnToPetya\LongTunnel\Ch09_EXPL_ReturnToPetya_Oksana_SerdarPeopleYou_Sub.json,"You understand what they were now, I assume?",
Impact\Content\Maps\Chapters\Chapter09\EXPL_ReturnToPetya\LongTunnel\Ch09_EXPL_ReturnToPetya_Serdar_AndWithAll_Sub.json,"And with all the wonders you believed in, you didn't suspect.",
Impact\Content\Maps\Chapters\Chapter09\EXPL_ReturnToPetya\LongTunnel\Ch09_EXPL_ReturnToPetya_Serdar_IComeTo_Sub.json,"I've come to suspect, yes.",
Impact\Content\Maps\Chapters\Chapter09\EXPL_ReturnToPetya\LongTunnel\Ch09_EXPL_ReturnToPetya_Serdar_IDontKnow_Sub.json,I don’t know. It came slowly to me.,
Impact\Content\Maps\Chapters\Chapter09\EXPL_ReturnToPetya\LongTunnel\Ch09_EXPL_ReturnToPetya_Serdar_IDontKnow_Sub.json,It’s when I stopped resisting it and forbidding myself to listen that I began to hear.,
Impact\Content\Maps\Chapters\Chapter09\EXPL_ReturnToPetya\LongTunnel\Ch09_EXPL_ReturnToPetya_Serdar_IDontKnow_Sub.json,"I guess, I just stopped being afraid of your kind at a certain point.",
Impact\Content\Maps\Chapters\Chapter09\EXPL_ReturnToPetya\LongTunnel\Ch09_EXPL_ReturnToPetya_Serdar_IDontKnow_Sub.json,It’s when I felt... Sorry for you guys.,
Impact\Content\Maps\Chapters\Chapter09\EXPL_ReturnToPetya\LongTunnel\Ch09_EXPL_ReturnToPetya_Serdar_IfYourHusband_Sub.json,"If your husband shared your fate,",
Impact\Content\Maps\Chapters\Chapter09\EXPL_ReturnToPetya\LongTunnel\Ch09_EXPL_ReturnToPetya_Serdar_IfYourHusband_Sub.json,then chances are he is still in Tretyakovskaya as well.,
Impact\Content\Maps\Chapters\Chapter09\EXPL_ReturnToPetya\LongTunnel\Ch09_EXPL_ReturnToPetya_Serdar_ISorry_Sub.json,I'm sorry.,
Impact\Content\Maps\Chapters\Chapter09\EXPL_ReturnToPetya\TunnelAfterLurkers\Ch09_EXPL_ReturnToPetya_Oksana_AlexAndI_Sub.json,"Alex and I ran into many, many mourners at that memorial over the years.",
Impact\Content\Maps\Chapters\Chapter09\EXPL_ReturnToPetya\TunnelAfterLurkers\Ch09_EXPL_ReturnToPetya_Oksana_AlexAndI_Sub.json,"You never met Petya, correct?",
Impact\Content\Maps\Chapters\Chapter09\EXPL_ReturnToPetya\TunnelAfterLurkers\Ch09_EXPL_ReturnToPetya_Oksana_DidYouEver_Sub.json,Did you ever visit the memorial?,
Impact\Content\Maps\Chapters\Chapter09\EXPL_ReturnToPetya\TunnelAfterLurkers\Ch09_EXPL_ReturnToPetya_Oksana_WhenYouReach_Sub.json,"When you reach Tretyakovskaya, do you have any idea where to look for Petya?",
Impact\Content\Maps\Chapters\Chapter09\EXPL_ReturnToPetya\TunnelAfterLurkers\Ch09_EXPL_ReturnToPetya_Oksana_WhoToSay_Sub.json,Who's to say what would have happened if you did?,
Impact\Content\Maps\Chapters\Chapter09\EXPL_ReturnToPetya\TunnelAfterLurkers\Ch09_EXPL_ReturnToPetya_Oksana_WhoToSay_Sub.json,Every person who ever visited there tried to reach their loved ones.,
Impact\Content\Maps\Chapters\Chapter09\EXPL_ReturnToPetya\TunnelAfterLurkers\Ch09_EXPL_ReturnToPetya_Oksana_WhoToSay_Sub.json,I imagine it would have been a much more popular place indeed if they'd succeeded.,
Impact\Content\Maps\Chapters\Chapter09\EXPL_ReturnToPetya\TunnelAfterLurkers\Ch09_EXPL_ReturnToPetya_Serdar_NotInThis_Sub.json,No.,
Impact\Content\Maps\Chapters\Chapter09\EXPL_ReturnToPetya\TunnelAfterLurkers\Ch09_EXPL_ReturnToPetya_Serdar_NotInThis_Sub.json,"Yana had a few small photos, but even those were well-worn",
Impact\Content\Maps\Chapters\Chapter09\EXPL_ReturnToPetya\TunnelAfterLurkers\Ch09_EXPL_ReturnToPetya_Serdar_NotInThis_Sub.json,by the time she and I found each other again.,
Impact\Content\Maps\Chapters\Chapter09\EXPL_ReturnToPetya\TunnelAfterLurkers\Ch09_EXPL_ReturnToPetya_Serdar_YanaLastHeard_Sub.json,Yana last heard him near the memorial where I was ambushed.,
Impact\Content\Maps\Chapters\Chapter09\EXPL_ReturnToPetya\TunnelAfterLurkers\Ch09_EXPL_ReturnToPetya_Serdar_YanaWantedTo_Sub.json,"Yana wanted to go several times, but in my infinite wisdom,",
Impact\Content\Maps\Chapters\Chapter09\EXPL_ReturnToPetya\TunnelAfterLurkers\Ch09_EXPL_ReturnToPetya_Serdar_YanaWantedTo_Sub.json,I convinced her dredging up the past was unhealthy in her state.,
Impact\Content\Maps\Chapters\Chapter09\KNE_GhostMax\GhostMax_L2\Ch09_KNE_GhostMax_Max_Consumed_01_Sub.json,AAAAAAAARRHHH!!!!,
Impact\Content\Maps\Chapters\Chapter09\KNE_GhostMax\GhostMax_L2\Ch09_KNE_GhostMax_Max_Intro_01_Sub.json,DO YOU COPY?,
Impact\Content\Maps\Chapters\Chapter09\KNE_GhostMax\GhostMax_L2\Ch09_KNE_GhostMax_Max_Intro_01_Sub.json,I SAID GET THE FUCK DOWN HERE ALREADY!!,
Impact\Content\Maps\Chapters\Chapter09\KNE_GhostMax\GhostMax_L2\Ch09_KNE_GhostMax_Max_Intro_01_Sub.json,And don't give me any more of your bullshit about cannibals or witch doctors!,
Impact\Content\Maps\Chapters\Chapter09\KNE_GhostMax\GhostMax_L2\Ch09_KNE_GhostMax_Max_Intro_01_Sub.json,"I've already killed a bunch of these assholes, and I promise you,",
Impact\Content\Maps\Chapters\Chapter09\KNE_GhostMax\GhostMax_L2\Ch09_KNE_GhostMax_Max_Intro_01_Sub.json,"they're not made of fucking fairy dust, alright??",
Impact\Content\Maps\Chapters\Chapter09\KNE_GhostMax\GhostMax_L2\Ch09_KNE_GhostMax_Max_Intro_01_Sub.json,Hello?? Hello?,
Impact\Content\Maps\Chapters\Chapter09\KNE_GhostMax\GhostMax_L2\Ch09_KNE_GhostMax_Max_Intro_01_Sub.json,Tasia?,
Impact\Content\Maps\Chapters\Chapter09\KNE_GhostMax\GhostMax_L2\Ch09_KNE_GhostMax_Max_Intro_01_Sub.json,Goddamnit!!! ARRRGH!!!,
Impact\Content\Maps\Chapters\Chapter09\KNE_GhostMax\GhostMax_L2\Ch09_KNE_GhostMax_Max_Outburst_01_Sub.json,You Halloween-looking assholes couldn't have done this,
Impact\Content\Maps\Chapters\Chapter09\KNE_GhostMax\GhostMax_L2\Ch09_KNE_GhostMax_Max_Outburst_01_Sub.json,"back when Akademicheskaya was still a sewer, eh??",
Impact\Content\Maps\Chapters\Chapter09\KNE_GhostMax\GhostMax_L2\Ch09_KNE_GhostMax_Max_Outburst_01_Sub.json,"Maybe used your black magic bullshit to clean this shithole up,",
Impact\Content\Maps\Chapters\Chapter09\KNE_GhostMax\GhostMax_L2\Ch09_KNE_GhostMax_Max_Outburst_01_Sub.json,"so I didn't have to piss away a decade kissing Hansa's ass, the Reds, the Nazis;",
Impact\Content\Maps\Chapters\Chapter09\KNE_GhostMax\GhostMax_L2\Ch09_KNE_GhostMax_Max_Outburst_01_Sub.json,trying to make something that halfway resembles civilization again...!!,
Impact\Content\Maps\Chapters\Chapter09\KNE_GhostMax\GhostMax_L2\Ch09_KNE_GhostMax_Max_Outburst_01_Sub.json,"...I DID EVERYTHING RIGHT, YOU FUCKS!!!",
Impact\Content\Maps\Chapters\Chapter09\KNE_GhostMax\GhostMax_L2\Ch09_KNE_GhostMax_Oksana_ItDeathDeath_Sub.json,"It’s death, Serdar...",
Impact\Content\Maps\Chapters\Chapter09\KNE_GhostMax\GhostMax_L2\Ch09_KNE_GhostMax_Oksana_ItDeathDeath_Sub.json,The ultimate death for the likes of us...,
Impact\Content\Maps\Chapters\Chapter09\KNE_GhostMax\GhostMax_L2\Ch09_KNE_GhostMax_Oksana_ItDeathDeath_Sub.json,This is how it feels!,
Impact\Content\Maps\Chapters\Chapter09\KNE_GhostMax\GhostMax_L2\Ch09_KNE_GhostMax_Oksana_ItDeathDeath_Sub.json,"Please, please go away!",
Impact\Content\Maps\Chapters\Chapter09\KNE_GhostMax\GhostMax_L2\Ch09_KNE_GhostMax_Oksana_ItDeathDeath_Sub.json,Run!,
Impact\Content\Maps\Chapters\Chapter09\KNE_GhostMax\GhostMax_L2\Ch09_KNE_GhostMax_Oksana_ThatExactlyHow_Sub.json,That’s exactly how I felt about it…,
Impact\Content\Maps\Chapters\Chapter09\KNE_GhostMax\GhostMax_L2\Ch09_KNE_GhostMax_Oksana_ThatExactlyHow_Sub.json,It’s the void that you dissolve in…,
Impact\Content\Maps\Chapters\Chapter09\KNE_GhostMax\GhostMax_L2\Ch09_KNE_GhostMax_Oksana_ThatInfernalDarkness_Sub.json,That infernal darkness...,
Impact\Content\Maps\Chapters\Chapter09\KNE_GhostMax\GhostMax_L2\Ch09_KNE_GhostMax_Oksana_ThatInfernalDarkness_Sub.json,it's returning... Go hide!,
Impact\Content\Maps\Chapters\Chapter09\KNE_GhostMax\GhostMax_L2\Ch09_KNE_GhostMax_Oksana_ThatInfernalDarkness_Sub.json,"Hide, now!",
Impact\Content\Maps\Chapters\Chapter09\KNE_GhostMax\GhostMax_L2\Ch09_KNE_GhostMax_Oksana_WhatsWrong_Sub.json,What's wrong?,
Impact\Content\Maps\Chapters\Chapter09\KNE_GhostMax\GhostMax_L2\Ch09_KNE_GhostMax_Serdar_AlrightAtThe_Sub.json,"Alright, I'm at the smugglers' tunnel.",
Impact\Content\Maps\Chapters\Chapter09\KNE_GhostMax\GhostMax_L2\Ch09_KNE_GhostMax_Serdar_AlrightAtThe_Sub.json,I'm about to--.,
Impact\Content\Maps\Chapters\Chapter09\KNE_GhostMax\GhostMax_L2\Ch09_KNE_GhostMax_Serdar_HeWasIn_Sub.json,He was in pain!,
Impact\Content\Maps\Chapters\Chapter09\KNE_GhostMax\GhostMax_L2\Ch09_KNE_GhostMax_Serdar_HeWasIn_Sub.json,If his spirit was devoured...,
Impact\Content\Maps\Chapters\Chapter09\KNE_GhostMax\GhostMax_L2\Ch09_KNE_GhostMax_Serdar_HeWasIn_Sub.json,what does that even mean??,
Impact\Content\Maps\Chapters\Chapter09\KNE_GhostMax\GhostMax_L2\Ch09_KNE_GhostMax_Serdar_OhNo_Sub.json,Oh no...,
Impact\Content\Maps\Chapters\Chapter09\KNE_GhostMax\GhostMax_L2\Ch09_KNE_GhostMax_Serdar_ThatPhenomenonMax_Sub.json,That phenomenon...,
Impact\Content\Maps\Chapters\Chapter09\KNE_GhostMax\GhostMax_L2\Ch09_KNE_GhostMax_Serdar_ThatPhenomenonMax_Sub.json,It... it absorbed Max...,
Impact\Content\Maps\Chapters\Chapter09\KNE_GhostMax\GhostMax_L2\Ch09_KNE_GhostMax_Serdar_ThatPhenomenonMax_Sub.json,Or rather... Annihilated him...,
Impact\Content\Maps\Chapters\Chapter09\KNE_GhostMax\GhostMax_L2\Ch09_KNE_GhostMax_Serdar_ThereMustBe_Sub.json,There must be something I can do for him...,
Impact\Content\Maps\Chapters\Chapter09\KNE_GhostMax\GhostMax_L2\Ch09_KNE_GhostMax_Serdar_ThereMustBe_Sub.json,"Max! Can you hear me, my friend?",
Impact\Content\Maps\Chapters\Chapter09\KNE_GhostMax\GhostMax_L2\Ch09_KNE_GhostMax_Serdar_ThereMustBe_Sub.json,Max!,
Impact\Content\Maps\Chapters\Chapter09\KNE_GhostMax\GhostMax_L2\Ch09_KNE_GhostMax_Serdar_TheyKilledMax_Sub.json,They killed Max!,
Impact\Content\Maps\Chapters\Chapter09\KNE_GhostMax\GhostMax_L2\Ch09_KNE_GhostMax_Serdar_TheyKilledMax_Sub.json,"Why?! What did Max do to you, you scum!?",
Impact\Content\Maps\Chapters\Chapter09\TRAV_ReturnHome\DarkVortexHits\Ch09_SP_DarkVortexHits_Oksana_SerdarIsIt_Sub.json,Serdar??? What is it??,
Impact\Content\Maps\Chapters\Chapter09\TRAV_ReturnHome\DarkVortexHits\Ch09_SP_DarkVortexHits_Oksana_WhyGoingOn_Sub.json,Why?? What's going on??,
Impact\Content\Maps\Chapters\Chapter09\TRAV_ReturnHome\DarkVortexHits\Ch09_SP_DarkVortexHits_Serdar_ADreamLife_Sub.json,"A dream, come to life.",
Impact\Content\Maps\Chapters\Chapter09\TRAV_ReturnHome\DarkVortexHits\Ch09_SP_DarkVortexHits_Serdar_INeedTo_Sub.json,I NEED TO GET OUT OF ITS WAY!,
Impact\Content\Maps\Chapters\Chapter09\TRAV_ReturnHome\DarkVortexHits\Ch09_SP_DarkVortexHits_Serdar_InMyVision_Sub.json,"In my vision, I saw a voracious darkness devour Yana's essence.",
Impact\Content\Maps\Chapters\Chapter09\TRAV_ReturnHome\DarkVortexHits\Ch09_SP_DarkVortexHits_Serdar_InMyVision_Sub.json,"I'd assumed it was my mind's interpretation of something in the past,",
Impact\Content\Maps\Chapters\Chapter09\TRAV_ReturnHome\DarkVortexHits\Ch09_SP_DarkVortexHits_Serdar_InMyVision_Sub.json,but I've just almost walked straight into the thing.,
Impact\Content\Maps\Chapters\Chapter09\TRAV_ReturnHome\DarkVortexHits\Ch09_SP_DarkVortexHits_Serdar_NoLife_Sub.json,No. Not life...,
Impact\Content\Maps\Chapters\Chapter09\TRAV_ReturnHome\DarkVortexHits\Ch09_SP_DarkVortexHits_Serdar_WhereAreThe_Sub.json,Where are the guards?,
Impact\Content\Maps\Chapters\Chapter09\TRAV_ReturnHome\MetroExplosion\Ch09_TRAV_ReturnHome_Oksana_DidSomethingHappen_Sub.json,Did something happen?,
Impact\Content\Maps\Chapters\Chapter09\TRAV_ReturnHome\MetroExplosion\Ch09_TRAV_ReturnHome_Serdar_OhNo_Sub.json,"Oh no... Oksana, trouble ahead.",
Impact\Content\Maps\Chapters\Chapter09\TRAV_ReturnHome\MetroExplosion\Ch09_TRAV_ReturnHome_Serdar_WhatWasThat_Sub.json,What was that?,
Impact\Content\Maps\Chapters\Chapter09\TRAV_ReturnHome\ReachingSmugglersTunnel\Ch09_TRAV_ReturnHome_Oksana_AndWhatOf_Sub.json,And what of Yana?,
Impact\Content\Maps\Chapters\Chapter09\TRAV_ReturnHome\ReachingSmugglersTunnel\Ch09_TRAV_ReturnHome_Oksana_YouWereGone_Sub.json,You were gone quite some time.,
Impact\Content\Maps\Chapters\Chapter09\TRAV_ReturnHome\ReachingSmugglersTunnel\Ch09_TRAV_ReturnHome_Serdar_ISawHer_Sub.json,...I saw her.,
Impact\Content\Maps\Chapters\Chapter09\TRAV_ReturnHome\ReachingSmugglersTunnel\Ch09_TRAV_ReturnHome_Serdar_ISawHer_Sub.json,"In a way. The hallucinations, or what you called visions,",
Impact\Content\Maps\Chapters\Chapter09\TRAV_ReturnHome\ReachingSmugglersTunnel\Ch09_TRAV_ReturnHome_Serdar_ISawHer_Sub.json,I don't believe they were either.,
Impact\Content\Maps\Chapters\Chapter09\TRAV_ReturnHome\ReachingSmugglersTunnel\Ch09_TRAV_ReturnHome_Serdar_ISawHer_Sub.json,"I do not understand what it's saying yet, but...",
Impact\Content\Maps\Chapters\Chapter09\TRAV_ReturnHome\ReachingSmugglersTunnel\Ch09_TRAV_ReturnHome_Serdar_ISawHer_Sub.json,"I know to listen now, and that's a start.",
Impact\Content\Maps\Chapters\Chapter09\TRAV_ReturnHome\YardCheckpoint\Ch09_TRAV_ReturnHome_Oksana_ICanTarot_Sub.json,"I can’t touch Tarot, Serdar.",
Impact\Content\Maps\Chapters\Chapter09\TRAV_ReturnHome\YardCheckpoint\Ch09_TRAV_ReturnHome_Oksana_IIStill_Sub.json,I… I still don’t understand where I am.,
Impact\Content\Maps\Chapters\Chapter09\TRAV_ReturnHome\YardCheckpoint\Ch09_TRAV_ReturnHome_Oksana_IIStill_Sub.json,There’s darkness and it’s my talking mind.,
Impact\Content\Maps\Chapters\Chapter09\TRAV_ReturnHome\YardCheckpoint\Ch09_TRAV_ReturnHome_Oksana_IIStill_Sub.json,And there’s you.,
Impact\Content\Maps\Chapters\Chapter09\TRAV_ReturnHome\YardCheckpoint\Ch09_TRAV_ReturnHome_Oksana_IReal_Sub.json,"I’m real, Serdar.",
Impact\Content\Maps\Chapters\Chapter09\TRAV_ReturnHome\YardCheckpoint\Ch09_TRAV_ReturnHome_Oksana_PetyaIsHe_Sub.json,Petya? Is he real? Is he alive?,
Impact\Content\Maps\Chapters\Chapter09\TRAV_ReturnHome\YardCheckpoint\Ch09_TRAV_ReturnHome_Oksana_SerdarOksanaOn_Sub.json,Serdar?? It's Oksana!,
Impact\Content\Maps\Chapters\Chapter09\TRAV_ReturnHome\YardCheckpoint\Ch09_TRAV_ReturnHome_Oksana_SerdarOksanaOn_Sub.json,What's going on?? Where are you??,
Impact\Content\Maps\Chapters\Chapter09\TRAV_ReturnHome\YardCheckpoint\Ch09_TRAV_ReturnHome_Serdar_AkademicheskayaBackHome_Sub.json,Akademicheskaya...,
Impact\Content\Maps\Chapters\Chapter09\TRAV_ReturnHome\YardCheckpoint\Ch09_TRAV_ReturnHome_Serdar_AkademicheskayaBackHome_Sub.json,I'm back home...,
Impact\Content\Maps\Chapters\Chapter09\TRAV_ReturnHome\YardCheckpoint\Ch09_TRAV_ReturnHome_Serdar_AsRealAs_Sub.json,As real as you are.,
Impact\Content\Maps\Chapters\Chapter09\TRAV_ReturnHome\YardCheckpoint\Ch09_TRAV_ReturnHome_Serdar_AsRealAs_Sub.json,"He’s waiting for me at some station, she said...",
Impact\Content\Maps\Chapters\Chapter09\TRAV_ReturnHome\YardCheckpoint\Ch09_TRAV_ReturnHome_Serdar_BecauseYouCan_Sub.json,Because you can’t touch anything.,
Impact\Content\Maps\Chapters\Chapter09\TRAV_ReturnHome\YardCheckpoint\Ch09_TRAV_ReturnHome_Serdar_BecauseYouCan_Sub.json,Right?,
Impact\Content\Maps\Chapters\Chapter09\TRAV_ReturnHome\YardCheckpoint\Ch09_TRAV_ReturnHome_Serdar_ButThisWasn_Sub.json,...but this wasn't where she was supposed to meet him.,
Impact\Content\Maps\Chapters\Chapter09\TRAV_ReturnHome\YardCheckpoint\Ch09_TRAV_ReturnHome_Serdar_HeHasTo_Sub.json,"""He has to be in the station"", she said.",
Impact\Content\Maps\Chapters\Chapter09\TRAV_ReturnHome\YardCheckpoint\Ch09_TRAV_ReturnHome_Serdar_HelloWho_Sub.json,Hello? Who’s there?,
Impact\Content\Maps\Chapters\Chapter09\TRAV_ReturnHome\YardCheckpoint\Ch09_TRAV_ReturnHome_Serdar_HmmTheyCan_Sub.json,"Hmm, they can’t hear me.",
Impact\Content\Maps\Chapters\Chapter09\TRAV_ReturnHome\YardCheckpoint\Ch09_TRAV_ReturnHome_Serdar_IMustFind_Sub.json,I must find Petya!,
Impact\Content\Maps\Chapters\Chapter09\TRAV_ReturnHome\YardCheckpoint\Ch09_TRAV_ReturnHome_Serdar_OksanaSoYou_Sub.json,Oksana...,
Impact\Content\Maps\Chapters\Chapter09\TRAV_ReturnHome\YardCheckpoint\Ch09_TRAV_ReturnHome_Serdar_OksanaSoYou_Sub.json,"So you’re fine, after all, huh?",
Impact\Content\Maps\Chapters\Chapter09\TRAV_ReturnHome\YardCheckpoint\Ch09_TRAV_ReturnHome_Serdar_OksanaSoYou_Sub.json,Did you find your Tarot?,
Impact\Content\Maps\Chapters\Chapter09\TRAV_ReturnHome\YardCheckpoint\Ch09_TRAV_ReturnHome_Serdar_PetyaIsStill_Sub.json,Petya is still in Tretyakovskaya!,
Impact\Content\Maps\Chapters\Chapter09\TRAV_ReturnHome\YardCheckpoint\Ch09_TRAV_ReturnHome_Serdar_Yana_Sub.json,YANA!!!,
Impact\Content\Maps\Chapters\Chapter09\TRAV_ReturnHome\YardCheckpoint\Ch09_TRAV_ReturnHome_Serdar_YanaSaidShe_Sub.json,Yana said she followed Petya's voice through the smugglers tunnel.,
Impact\Content\Maps\Chapters\Chapter09\TRAV_ReturnHome\YardCheckpoint\Ch09_TRAV_ReturnHome_Serdar_YanaSaidShe_Sub.json,I'll need to retrace her steps from there.,
Impact\Content\Maps\Chapters\Chapter09\TRAV_ReturnHome\YardCheckpoint\Ch09_TRAV_ReturnHome_Serdar_YouTrappedIf_Sub.json,You’re trapped. And if this is what it’s like for him...,
Impact\Content\Maps\Chapters\Chapter09\TRAV_ToOksanasClosure\MemorialReached\Ch09_TRAV_ToOksanasClosure_Alex_IHere_Sub.json,"I'm here, I'm here!",
Impact\Content\Maps\Chapters\Chapter09\TRAV_ToOksanasClosure\MemorialReached\Ch09_TRAV_ToOksanasClosure_Alex_OxyDidYou_Sub.json,Oxy??,
Impact\Content\Maps\Chapters\Chapter09\TRAV_ToOksanasClosure\MemorialReached\Ch09_TRAV_ToOksanasClosure_Alex_OxyDidYou_Sub.json,Where did you go?,
Impact\Content\Maps\Chapters\Chapter09\TRAV_ToOksanasClosure\MemorialReached\Ch09_TRAV_ToOksanasClosure_Oksana_Alex_Sub.json,Alex?--,
Impact\Content\Maps\Chapters\Chapter09\TRAV_ToOksanasClosure\MemorialReached\Ch09_TRAV_ToOksanasClosure_Oksana_AlexRightHere_Sub.json,"--Alex, I'm right here, lyubimiy!",
Impact\Content\Maps\Chapters\Chapter09\TRAV_ToOksanasClosure\MemorialReached\Ch09_TRAV_ToOksanasClosure_Oksana_IDonAny_Sub.json,I don't sense any of the slave traders in the area.,
Impact\Content\Maps\Chapters\Chapter09\TRAV_ToOksanasClosure\MemorialReached\Ch09_TRAV_ToOksanasClosure_Oksana_IDonAny_Sub.json,"You should have some privacy as you look for Petya,",
Impact\Content\Maps\Chapters\Chapter09\TRAV_ToOksanasClosure\MemorialReached\Ch09_TRAV_ToOksanasClosure_Oksana_IDonAny_Sub.json,but I don't know how long you'll be alone.,
Impact\Content\Maps\Chapters\Chapter09\TRAV_ToOksanasClosure\MemorialReached\Ch09_TRAV_ToOksanasClosure_Oksana_ISupposeNature_Sub.json,"I suppose nature never was any good at following rules, was it?",
Impact\Content\Maps\Chapters\Chapter09\TRAV_ToOksanasClosure\MemorialReached\Ch09_TRAV_ToOksanasClosure_Oksana_ItStrangeTo_Sub.json,It's strange to know someone is singing a song you can't hear.,
Impact\Content\Maps\Chapters\Chapter09\TRAV_ToOksanasClosure\MemorialReached\Ch09_TRAV_ToOksanasClosure_Oksana_MoreLikeA_Sub.json,More like a rocket.,
Impact\Content\Maps\Chapters\Chapter09\TRAV_ToOksanasClosure\MemorialReached\Ch09_TRAV_ToOksanasClosure_Oksana_MoreLikeA_Sub.json,"If Alex hadn't come back to reality by 'zero', I was just POOF gone.",
Impact\Content\Maps\Chapters\Chapter09\TRAV_ToOksanasClosure\MemorialReached\Ch09_TRAV_ToOksanasClosure_Oksana_MyAlexIs_Sub.json,My Alex is a scatterbrain.,
Impact\Content\Maps\Chapters\Chapter09\TRAV_ToOksanasClosure\MemorialReached\Ch09_TRAV_ToOksanasClosure_Oksana_MyAlexIs_Sub.json,"Whenever I had something to do and he'd start to drift off,",
Impact\Content\Maps\Chapters\Chapter09\TRAV_ToOksanasClosure\MemorialReached\Ch09_TRAV_ToOksanasClosure_Oksana_MyAlexIs_Sub.json,"without a single comment, I would start counting backwards loudly from ten.",
Impact\Content\Maps\Chapters\Chapter09\TRAV_ToOksanasClosure\MemorialReached\Ch09_TRAV_ToOksanasClosure_Oksana_Ok_Sub.json,"--ten, nine--",
Impact\Content\Maps\Chapters\Chapter09\TRAV_ToOksanasClosure\MemorialReached\Ch09_TRAV_ToOksanasClosure_Oksana_OurTrainIs_Sub.json,Our train is coming...,
Impact\Content\Maps\Chapters\Chapter09\TRAV_ToOksanasClosure\MemorialReached\Ch09_TRAV_ToOksanasClosure_Oksana_SomebodySingingFor_Sub.json,Somebody singing for a loved one?,
Impact\Content\Maps\Chapters\Chapter09\TRAV_ToOksanasClosure\MemorialReached\Ch09_TRAV_ToOksanasClosure_Oksana_ThankYouAn_Sub.json,Thank you. Oh God...,
Impact\Content\Maps\Chapters\Chapter09\TRAV_ToOksanasClosure\MemorialReached\Ch09_TRAV_ToOksanasClosure_Oksana_ThankYouAn_Sub.json,It’s such an amazing feeling...,
Impact\Content\Maps\Chapters\Chapter09\TRAV_ToOksanasClosure\MemorialReached\Ch09_TRAV_ToOksanasClosure_Oksana_ThankYouAn_Sub.json,"Like dropping a burden, like freeing myself from cuffs that held me bound and caged.",
Impact\Content\Maps\Chapters\Chapter09\TRAV_ToOksanasClosure\MemorialReached\Ch09_TRAV_ToOksanasClosure_Oksana_TheTrainThat_Sub.json,The train that takes us further...,
Impact\Content\Maps\Chapters\Chapter09\TRAV_ToOksanasClosure\MemorialReached\Ch09_TRAV_ToOksanasClosure_Oksana_YouChanged_Sub.json,You’ve changed.,
Impact\Content\Maps\Chapters\Chapter09\TRAV_ToOksanasClosure\MemorialReached\Ch09_TRAV_ToOksanasClosure_Serdar_AlrightThenMe_Sub.json,"Alright then, Petya...",
Impact\Content\Maps\Chapters\Chapter09\TRAV_ToOksanasClosure\MemorialReached\Ch09_TRAV_ToOksanasClosure_Serdar_AlrightThenMe_Sub.json,something tells me counting won't work on you.,
Impact\Content\Maps\Chapters\Chapter09\TRAV_ToOksanasClosure\MemorialReached\Ch09_TRAV_ToOksanasClosure_Serdar_AlrightThenMe_Sub.json,What clues have you left me...,
Impact\Content\Maps\Chapters\Chapter09\TRAV_ToOksanasClosure\MemorialReached\Ch09_TRAV_ToOksanasClosure_Serdar_ATrain_Sub.json,A train?,
Impact\Content\Maps\Chapters\Chapter09\TRAV_ToOksanasClosure\MemorialReached\Ch09_TRAV_ToOksanasClosure_Serdar_ATrainIt_Sub.json,A train?,
Impact\Content\Maps\Chapters\Chapter09\TRAV_ToOksanasClosure\MemorialReached\Ch09_TRAV_ToOksanasClosure_Serdar_ATrainIt_Sub.json,How is it possible? A train to where?!,
Impact\Content\Maps\Chapters\Chapter09\TRAV_ToOksanasClosure\MemorialReached\Ch09_TRAV_ToOksanasClosure_Serdar_IAtThe_Sub.json,I'm at the shrine.,
Impact\Content\Maps\Chapters\Chapter09\TRAV_ToOksanasClosure\MemorialReached\Ch09_TRAV_ToOksanasClosure_Serdar_IDonLike_Sub.json,I don’t feel like I have.,
Impact\Content\Maps\Chapters\Chapter09\TRAV_ToOksanasClosure\MemorialReached\Ch09_TRAV_ToOksanasClosure_Serdar_IDonLike_Sub.json,I feel like I’m just ceasing to forbid myself to be who I really am...,
Impact\Content\Maps\Chapters\Chapter09\TRAV_ToOksanasClosure\MemorialReached\Ch09_TRAV_ToOksanasClosure_Serdar_IDonLike_Sub.json,Or who I was before.,
Impact\Content\Maps\Chapters\Chapter09\TRAV_ToOksanasClosure\MemorialReached\Ch09_TRAV_ToOksanasClosure_Serdar_IDoNot_Sub.json,I do not understand...,
Impact\Content\Maps\Chapters\Chapter09\TRAV_ToOksanasClosure\MemorialReached\Ch09_TRAV_ToOksanasClosure_Serdar_IDoNot_Sub.json,But maybe one day I will...,
Impact\Content\Maps\Chapters\Chapter09\TRAV_ToOksanasClosure\MemorialReached\Ch09_TRAV_ToOksanasClosure_Serdar_IfYouStart_Sub.json,"If you start us off, I will join in.",
Impact\Content\Maps\Chapters\Chapter09\TRAV_ToOksanasClosure\MemorialReached\Ch09_TRAV_ToOksanasClosure_Serdar_LikeABomb_Sub.json,Like a bomb about to detonate.,
Impact\Content\Maps\Chapters\Chapter09\TRAV_ToOksanasClosure\MemorialReached\Ch09_TRAV_ToOksanasClosure_Serdar_OksanaWouldI_Sub.json,"Oksana, wait.",
Impact\Content\Maps\Chapters\Chapter09\TRAV_ToOksanasClosure\MemorialReached\Ch09_TRAV_ToOksanasClosure_Serdar_OksanaWouldI_Sub.json,How would I go about reaching Alex?,
Impact\Content\Maps\Chapters\Chapter09\TRAV_ToOksanasClosure\MemorialReached\Ch09_TRAV_ToOksanasClosure_Serdar_OneOfThe_Sub.json,One of the many wayward souls here.,
Impact\Content\Maps\Chapters\Chapter09\TRAV_ToOksanasClosure\MemorialReached\Ch09_TRAV_ToOksanasClosure_Serdar_OrAreWe_Sub.json,Or are we merely ignorant of so many of its rules?,
Impact\Content\Maps\Chapters\Chapter09\TRAV_ToOksanasClosure\MemorialReached\Ch09_TRAV_ToOksanasClosure_Serdar_RememberUniverseIs_Sub.json,"Remember - the universe is an inconsistent place in the best of times,",
Impact\Content\Maps\Chapters\Chapter09\TRAV_ToOksanasClosure\MemorialReached\Ch09_TRAV_ToOksanasClosure_Serdar_RememberUniverseIs_Sub.json,and you and I are both new to this particular corner of it.,
Impact\Content\Maps\Chapters\Chapter09\TRAV_ToOksanasClosure\MemorialReached\Ch09_TRAV_ToOksanasClosure_Serdar_RememberUniverseIs_Sub.json,So I wouldn't despair for Alex just yet -,
Impact\Content\Maps\Chapters\Chapter09\TRAV_ToOksanasClosure\MemorialReached\Ch09_TRAV_ToOksanasClosure_Serdar_RememberUniverseIs_Sub.json,"for all we know, he could be humming along at this very moment.",
Impact\Content\Maps\Chapters\Chapter09\TRAV_ToOksanasClosure\MemorialReached\Ch09_TRAV_ToOksanasClosure_Serdar_Ten_Sub.json,"--ten, nine--",
Impact\Content\Maps\Chapters\Chapter09\TRAV_ToOksanasClosure\MemorialReached\Ch09_TRAV_ToOksanasClosure_Serdar_ThatPoorChild_Sub.json,That poor child...,
Impact\Content\Maps\Chapters\Chapter09\TRAV_ToOksanasClosure\MemorialReached\Ch09_TRAV_ToOksanasClosure_Serdar_ThatPoorChild_Sub.json,forever singing a lullaby to someone who has long since slept their last.,
Impact\Content\Maps\Chapters\Chapter09\TRAV_ToOksanasClosure\MemorialReached\Ch09_TRAV_ToOksanasClosure_Serdar_UntilThen_Sub.json,"Until then. Goodbye, Oksana...",
Impact\Content\Maps\Chapters\Chapter09\TRAV_ToOksanasClosure\MemorialReached\Ch09_TRAV_ToOksanasClosure_Serdar_WhatNow_Sub.json,What now?,
Impact\Content\Maps\Chapters\Chapter09\TRAV_ToOksanasClosure\MemorialReached\Ch09_TRAV_ToOksanasClosure_Singing_Ghost_Bayu_alt_Sub.json,Bayu-bayushki-bayooo,
Impact\Content\Maps\Chapters\Chapter09\TRAV_ToOksanasClosure\MemorialReached\Ch09_TRAV_ToOksanasClosure_Singing_Ghost_Bayu_Sub.json,Bayu-bayushki-bayooo,
Impact\Content\Maps\Chapters\Chapter09\TRAV_ToOksanasClosure\MemorialReached\Ch09_TRAV_ToOksanasClosure_Singing_Ghost_NyeLozheesyaNa_alt_Sub.json,Nye lozheesya na krayu,
Impact\Content\Maps\Chapters\Chapter09\TRAV_ToOksanasClosure\MemorialReached\Ch09_TRAV_ToOksanasClosure_Singing_Ghost_NyeLozheesyaNa_Sub.json,Nye lozheesya na krayu,
Impact\Content\Maps\Chapters\Chapter09\TTR_EvadeNosalises1\DialogueAttackOnStation\Ch09_TTR_EvadeNosalises1_SoldierA_BrokenThrough_Sub.json,They're breaking through!,
Impact\Content\Maps\Chapters\Chapter09\TTR_EvadeNosalises1\DialogueAttackOnStation\Ch09_TTR_EvadeNosalises1_SoldierA_BrokenThrough_Sub.json,Brace yourselves!,
Impact\Content\Maps\Chapters\Chapter09\TTR_EvadeNosalises1\DialogueAttackOnStation\Ch09_TTR_EvadeNosalises1_SoldierB_WhereIsMax_Sub.json,Where the fuck is Max?!,
Impact\Content\Maps\Chapters\Chapter09\TTR_EvadeNosalises1\DialogueAttackOnStation\Ch09_TTR_EvadeNosalises1_SoldierC_KillTheseBastard_Sub.json,Forget about him!,
Impact\Content\Maps\Chapters\Chapter09\TTR_EvadeNosalises1\DialogueAttackOnStation\Ch09_TTR_EvadeNosalises1_SoldierC_KillTheseBastard_Sub.json,Focus on killing these assholes!,
Impact\Content\Maps\Chapters\Chapter09\TTR_EvadeNosalises1\DialogueHidingFromCultist\Ch09_TTR_EvadeNosalises1_CultistC_ComeOutLittleOne_Sub.json,"Come out, little one.",
Impact\Content\Maps\Chapters\Chapter09\TTR_EvadeNosalises1\DialogueHidingFromCultist\Ch09_TTR_EvadeNosalises1_CultistC_LittleOneFriends_Sub.json,The little ones will be friends.,
Impact\Content\Maps\Chapters\Chapter09\TTR_EvadeNosalises1\DialogueHidingFromCultist\Ch09_TTR_EvadeNosalises1_CultistC_PlayManyGamesTogether_Sub.json,Little one can join the worm and be safe.,
Impact\Content\Maps\Chapters\Chapter09\TTR_EvadeNosalises1\DialogueShadeBeingChased\Ch09_TTR_EvadeNosalises1_ShadeCivilian_Overwhelmed_Sub.json,"Oh God, this can't be happening.",
Impact\Content\Maps\Chapters\Chapter09\TTR_EvadeNosalises1\DialogueShadeBeingChased\Ch09_TTR_EvadeNosalises1_ShadeCivilian_StayAway_Sub.json,"No... No! Please, stay away.",
Impact\Content\Maps\Chapters\Chapter09\TTR_EvadeNosalises1\WormPeople\Ch09_TTR_EvadeNosalises1_Oksana_WhatAboutYour_Sub.json,What about your people?,
Impact\Content\Maps\Chapters\Chapter09\TTR_EvadeNosalises1\WormPeople\Ch09_TTR_EvadeNosalises1_Serdar_ItPolyankaAll_Sub.json,It's Polyanka all over again...,
Impact\Content\Maps\Chapters\Chapter09\TTR_EvadeNosalises1\WormPeople\Ch09_TTR_EvadeNosalises1_Serdar_OhNoTell_Sub.json,Oh no... Max!,
Impact\Content\Maps\Chapters\Chapter09\TTR_EvadeNosalises1\WormPeople\Ch09_TTR_EvadeNosalises1_Serdar_OhNoTell_Sub.json,Please tell me you are OK...,
Impact\Content\Maps\Chapters\Chapter09\TTR_EvadeNosalises1\WormPeople\Ch09_TTR_EvadeNosalises1_Serdar_TheWormPeople_Sub.json,The worm people were here...,
Impact\Content\Maps\Chapters\Chapter10\EXPL_EscapeLabyrinth2\ArriveAtAltar\Ch10_EXPL_EscapeLabyrinth2_Genghis_Khan_IHaveWhat_Sub.json,I have what you seek.,
Impact\Content\Maps\Chapters\Chapter10\EXPL_EscapeLabyrinth2\ArriveAtAltar\Ch10_EXPL_EscapeLabyrinth2_Serdar_NoNoKnow_Sub.json,"No... No, no, I know this is not actually you, but...",
Impact\Content\Maps\Chapters\Chapter10\EXPL_EscapeLabyrinth2\ArriveAtAltar\Ch10_EXPL_EscapeLabyrinth2_Serdar_NowIDon_Sub.json,Now I don't know if he's gloating or leading me into a trap.,
Impact\Content\Maps\Chapters\Chapter10\EXPL_EscapeLabyrinth2\ArriveAtAltarRoom\Ch10_EXPL_EscapeLabyrinth2_Serdar_AndNowI_Sub.json,"And now I am a captive, eh?",
Impact\Content\Maps\Chapters\Chapter10\EXPL_EscapeLabyrinth2\ArriveAtAltarRoom\Ch10_EXPL_EscapeLabyrinth2_Serdar_AndNowI_Sub.json,A puppet on fate's string?,
Impact\Content\Maps\Chapters\Chapter10\EXPL_EscapeLabyrinth2\ArriveAtAltarRoom\Ch10_EXPL_EscapeLabyrinth2_Serdar_AndNowI_Sub.json,There must be something in this room he wants me to find.,
Impact\Content\Maps\Chapters\Chapter10\EXPL_EscapeLabyrinth2\ArriveAtAltarRoom\Ch10_EXPL_EscapeLabyrinth2_Serdar_SoAsFinished_Sub.json,"So, Khan.",
Impact\Content\Maps\Chapters\Chapter10\EXPL_EscapeLabyrinth2\ArriveAtAltarRoom\Ch10_EXPL_EscapeLabyrinth2_Serdar_SoAsFinished_Sub.json,Not as finished with me as I'd hoped.,
Impact\Content\Maps\Chapters\Chapter10\EXPL_EscapeLabyrinth2\Intro\Ch10_EXPL_EscapeLabyrinth2_Serdar_SoMischievousFriend_Sub.json,So... my mischievous friend;,
Impact\Content\Maps\Chapters\Chapter10\EXPL_EscapeLabyrinth2\Intro\Ch10_EXPL_EscapeLabyrinth2_Serdar_SoMischievousFriend_Sub.json,"what business do you have with me this time, I wonder...?",
Impact\Content\Maps\Chapters\Chapter10\EXPL_EscapeLabyrinth2\PetyaCallsOutFinale\Ch10_EXPL_EscapeLabyrinth2_Petya_ItNotFair_Sub.json,It's not fair.,
Impact\Content\Maps\Chapters\Chapter10\EXPL_EscapeLabyrinth2\PetyaCallsOutFinale\Ch10_EXPL_EscapeLabyrinth2_Petya_ItNotFair_Sub.json,"You always just assume everything will work fine, and just run off.",
Impact\Content\Maps\Chapters\Chapter10\EXPL_EscapeLabyrinth2\PetyaCallsOutFinale\Ch10_EXPL_EscapeLabyrinth2_Petya_ItNotFair_Sub.json,How would you like it momma if I did that?,
Impact\Content\Maps\Chapters\Chapter10\EXPL_EscapeLabyrinth2\PetyaCallsOutFinale\Ch10_EXPL_EscapeLabyrinth2_Petya_ItNotFair_Sub.json,Huh?,
Impact\Content\Maps\Chapters\Chapter10\EXPL_EscapeLabyrinth2\PetyaCallsOutFinale\Ch10_EXPL_EscapeLabyrinth2_Serdar_HelloThatYou_Sub.json,"Hello? Petya, is that you?",
Impact\Content\Maps\Chapters\Chapter10\EXPL_EscapeLabyrinth2\PetyaCallsOutFinale\Ch10_EXPL_EscapeLabyrinth2_Serdar_HmHeCan_Sub.json,"Hm, perhaps he can't hear me like Max...",
Impact\Content\Maps\Chapters\Chapter10\EXPL_EscapeLabyrinth2\PetyaCallsOutFinale\Ch10_EXPL_EscapeLabyrinth2_Serdar_HmHeCan_Sub.json,I may need another strategy.,
Impact\Content\Maps\Chapters\Chapter10\EXPL_EscapeLabyrinth2\PetyaCallsOutFinale\Ch10_EXPL_EscapeLabyrinth2_Serdar_PetyaYouHere_Sub.json,"Petya, are you here?",
Impact\Content\Maps\Chapters\Chapter10\EXPL_EscapeLabyrinth2\PetyaCallsOutIntro\Ch08_EXPL_ToKhansWife_Serdar_PetyaQuestion_Sub.json,Petya?!,
Impact\Content\Maps\Chapters\Chapter10\EXPL_EscapeLabyrinth2\PetyaCallsOutIntro\Ch10_EXPL_EscapeLabyrinth2_Petya_MommaYouHear_Sub.json,Momma?,
Impact\Content\Maps\Chapters\Chapter10\EXPL_EscapeLabyrinth2\PetyaCallsOutIntro\Ch10_EXPL_EscapeLabyrinth2_Petya_MommaYouHear_Sub.json,"Momma, can you hear me?",
Impact\Content\Maps\Chapters\Chapter10\EXPL_EscapeLabyrinth2\PetyaCallsOutIntro\Ch10_EXPL_EscapeLabyrinth2_Serdar_TheBoySounds_Sub.json,The boy sounds frightened.,
Impact\Content\Maps\Chapters\Chapter10\EXPL_EscapeLabyrinth2\PetyaCallsOutIntro\Ch10_EXPL_EscapeLabyrinth2_Serdar_TheBoySounds_Sub.json,Not that I blame him after what I've witnessed inside these walls.,
Impact\Content\Maps\Chapters\Chapter10\EXPL_EscapeLabyrinth2\PetyaCallsOutLabyrinth\Ch10_EXPL_EscapeLabyrinth2_Petya_ThisIsExactly_Sub.json,This is exactly why you told me to never go off on my own...,
Impact\Content\Maps\Chapters\Chapter10\EXPL_EscapeLabyrinth2\PetyaCallsOutLabyrinth\Ch10_EXPL_EscapeLabyrinth2_Serdar_ThereYouAre_Sub.json,"There you are, my young friend.",
Impact\Content\Maps\Chapters\Chapter10\EXPL_EscapeLabyrinth2\PetyaNudges\Ch10_EXPL_EscapeLabyrinth2_Petya_Nudge_AnyoneOutThere_Sub.json,Anyone out there?,
Impact\Content\Maps\Chapters\Chapter10\EXPL_EscapeLabyrinth2\PetyaNudges\Ch10_EXPL_EscapeLabyrinth2_Petya_Nudge_ComeOnYou_Sub.json,"Come on, Mom, where are you??",
Impact\Content\Maps\Chapters\Chapter10\EXPL_EscapeLabyrinth2\PetyaNudges\Ch10_EXPL_EscapeLabyrinth2_Petya_Nudge_DonWorryYou_Sub.json,"Don't worry, momma! I'll find you!",
Impact\Content\Maps\Chapters\Chapter10\EXPL_EscapeLabyrinth2\PetyaNudges\Ch10_EXPL_EscapeLabyrinth2_Petya_Nudge_Hello_Sub.json,Hello?,
Impact\Content\Maps\Chapters\Chapter10\EXPL_EscapeLabyrinth2\PetyaNudges\Ch10_EXPL_EscapeLabyrinth2_Petya_Nudge_HmAboutOver_Sub.json,"Hm, how about over here...",
Impact\Content\Maps\Chapters\Chapter10\EXPL_EscapeLabyrinth2\PetyaNudges\Ch10_EXPL_EscapeLabyrinth2_Petya_Nudge_HowAmI_Sub.json,How am I the responsible one here?,
Impact\Content\Maps\Chapters\Chapter10\EXPL_EscapeLabyrinth2\PetyaNudges\Ch10_EXPL_EscapeLabyrinth2_Petya_Nudge_ICan_Sub.json,I can't stop.,
Impact\Content\Maps\Chapters\Chapter10\EXPL_EscapeLabyrinth2\PetyaNudges\Ch10_EXPL_EscapeLabyrinth2_Petya_Nudge_ICanShe_Sub.json,I can't believe she left me alone...,
Impact\Content\Maps\Chapters\Chapter10\EXPL_EscapeLabyrinth2\PetyaNudges\Ch10_EXPL_EscapeLabyrinth2_Petya_Nudge_IGotTo_Sub.json,I've got to keep going.,
Impact\Content\Maps\Chapters\Chapter10\EXPL_EscapeLabyrinth2\PetyaNudges\Ch10_EXPL_EscapeLabyrinth2_Petya_Nudge_IGotTo_Sub.json,She needs me.,
Impact\Content\Maps\Chapters\Chapter10\EXPL_EscapeLabyrinth2\PetyaNudges\Ch10_EXPL_EscapeLabyrinth2_Petya_Nudge_IHopeShe_Sub.json,I hope she's not mad I came looking for her...,
Impact\Content\Maps\Chapters\Chapter10\EXPL_EscapeLabyrinth2\PetyaNudges\Ch10_EXPL_EscapeLabyrinth2_Petya_Nudge_INeverBeen_Sub.json,I've never been down here before...,
Impact\Content\Maps\Chapters\Chapter10\EXPL_EscapeLabyrinth2\PetyaNudges\Ch10_EXPL_EscapeLabyrinth2_Petya_Nudge_OfAllThe_Sub.json,"Of all the days to get lost, Mom...",
Impact\Content\Maps\Chapters\Chapter10\EXPL_EscapeLabyrinth2\PetyaNudges\Ch10_EXPL_EscapeLabyrinth2_Petya_Nudge_SheShouldHave_Sub.json,She should have known she'd get lost.,
Impact\Content\Maps\Chapters\Chapter10\EXPL_EscapeLabyrinth2\PetyaNudges\Ch10_EXPL_EscapeLabyrinth2_Petya_Nudge_SheShouldHave_Sub.json,She ALWAYS gets lost.,
Impact\Content\Maps\Chapters\Chapter10\EXPL_EscapeLabyrinth2\PetyaNudges\Ch10_EXPL_EscapeLabyrinth2_Petya_Nudge_ThisPlaceIs_Sub.json,This place is a maze.,
Impact\Content\Maps\Chapters\Chapter10\EXPL_EscapeLabyrinth2\PetyaNudges\Ch10_EXPL_EscapeLabyrinth2_Petya_Nudge_UghDidYou_Sub.json,"Ugh, where did you go?",
Impact\Content\Maps\Chapters\Chapter10\EXPL_EscapeLabyrinth2\PetyaNudges\Ch10_EXPL_EscapeLabyrinth2_Petya_Nudge_WellThatGood_Sub.json,Well that's no good.,
Impact\Content\Maps\Chapters\Chapter10\EXPL_EscapeLabyrinth2\PetyaNudges\Ch10_EXPL_EscapeLabyrinth2_Petya_Nudge_WhatAmI_Sub.json,What am I supposed to do NOW?,
Impact\Content\Maps\Chapters\Chapter10\EXPL_EscapeLabyrinth2\PetyaNudges\Ch10_EXPL_EscapeLabyrinth2_Petya_Nudge_WhatWasThat_Sub.json,What was that??,
Impact\Content\Maps\Chapters\Chapter10\EXPL_EscapeLabyrinth2\PetyaNudges\Ch10_EXPL_EscapeLabyrinth2_Petya_Nudge_WhereAmI_Sub.json,Where am I?,
Impact\Content\Maps\Chapters\Chapter10\EXPL_EscapeLabyrinth2\PetyaNudges\Ch10_EXPL_EscapeLabyrinth2_Petya_Nudge_YouTheOne_Sub.json,"YOU'RE the one who said if you're going to get lost, don't do it alone...",
Impact\Content\Maps\Chapters\Chapter10\EXPL_EscapeLabyrinth2\SerdarRememberThePipes\Ch10_EXPL_EscapeLabyrinth2_Serdar_ThoseTubesGuided_Sub.json,"Those tubes guided me once, though isolating Petya's cries amidst so many others",
Impact\Content\Maps\Chapters\Chapter10\EXPL_EscapeLabyrinth2\SerdarRememberThePipes\Ch10_EXPL_EscapeLabyrinth2_Serdar_ThoseTubesGuided_Sub.json,may not prove easy.,
Impact\Content\Maps\Chapters\Chapter10\EXPL_EscapeLabyrinth2\SerdarRememberThePipes\Ch10_EXPL_EscapeLabyrinth2_Serdar_ThoseTubesGuided_Sub.json,Not that it was the first time...,
Impact\Content\Maps\Chapters\Chapter10\EXPL_EscapeLabyrinth2\SerdarRememberThePipes\Ch10_EXPL_EscapeLabyrinth2_Serdar_ThoseTubesGuided_Sub.json,but I need to try and listen for the boy nonetheless.,
Impact\Content\Maps\Chapters\Chapter10\RNPCE_PetyaFound\PetyaFound_L2\Ch10_RNPCE_PetyaFound_Petya_Act_01_Sub.json,What were you doing with it?,
Impact\Content\Maps\Chapters\Chapter10\RNPCE_PetyaFound\PetyaFound_L2\Ch10_RNPCE_PetyaFound_Petya_Act_01_Sub.json,"You're not one of those pickpocket guys in the Metro, are you?",
Impact\Content\Maps\Chapters\Chapter10\RNPCE_PetyaFound\PetyaFound_L2\Ch10_RNPCE_PetyaFound_Petya_Act_01_Sub.json,"I watched a whole video about them in school,",
Impact\Content\Maps\Chapters\Chapter10\RNPCE_PetyaFound\PetyaFound_L2\Ch10_RNPCE_PetyaFound_Petya_Act_01_Sub.json,"so if you think you can pull any funny stuff with me, you can't.",
Impact\Content\Maps\Chapters\Chapter10\RNPCE_PetyaFound\PetyaFound_L2\Ch10_RNPCE_PetyaFound_Petya_Act_01_Sub.json,"She never mentioned a Serdar before, and she tells me everything.",
Impact\Content\Maps\Chapters\Chapter10\RNPCE_PetyaFound\PetyaFound_L2\Ch10_RNPCE_PetyaFound_Petya_Act_01_Sub.json,Where is she?,
Impact\Content\Maps\Chapters\Chapter10\RNPCE_PetyaFound\PetyaFound_L2\Ch10_RNPCE_PetyaFound_Petya_Act_01_Sub.json,"Urgh, I knew it.",
Impact\Content\Maps\Chapters\Chapter10\RNPCE_PetyaFound\PetyaFound_L2\Ch10_RNPCE_PetyaFound_Petya_Act_01_Sub.json,I knew I shouldn't have left the station!,
Impact\Content\Maps\Chapters\Chapter10\RNPCE_PetyaFound\PetyaFound_L2\Ch10_RNPCE_PetyaFound_Petya_Act_01_Sub.json,"But I thought I heard her voice, so I came down here!",
Impact\Content\Maps\Chapters\Chapter10\RNPCE_PetyaFound\PetyaFound_L2\Ch10_RNPCE_PetyaFound_Petya_Act_01_Sub.json,"And, there were these crazy dogs, and it was dark...",
Impact\Content\Maps\Chapters\Chapter10\RNPCE_PetyaFound\PetyaFound_L2\Ch10_RNPCE_PetyaFound_Petya_Act_01_Sub.json,Some creatures!,
Impact\Content\Maps\Chapters\Chapter10\RNPCE_PetyaFound\PetyaFound_L2\Ch10_RNPCE_PetyaFound_Petya_Act_01_Sub.json,I don't know...,
Impact\Content\Maps\Chapters\Chapter10\RNPCE_PetyaFound\PetyaFound_L2\Ch10_RNPCE_PetyaFound_Petya_Act_01_Sub.json,They were hiding in one of the rooms not far from here.,
Impact\Content\Maps\Chapters\Chapter10\RNPCE_PetyaFound\PetyaFound_L2\Ch10_RNPCE_PetyaFound_Petya_Act_01_Sub.json,I tried to get past them - I did - but...,
Impact\Content\Maps\Chapters\Chapter10\RNPCE_PetyaFound\PetyaFound_L2\Ch10_RNPCE_PetyaFound_Petya_Act_01_Sub.json,It was just so dark.,
Impact\Content\Maps\Chapters\Chapter10\RNPCE_PetyaFound\PetyaFound_L2\Ch10_RNPCE_PetyaFound_Petya_Act_01_Sub.json,You better not be a pickpocket.,
Impact\Content\Maps\Chapters\Chapter10\RNPCE_PetyaFound\PetyaFound_L2\Ch10_RNPCE_PetyaFound_Petya_Act_01_Sub.json,Oh. Good point.,
Impact\Content\Maps\Chapters\Chapter10\RNPCE_PetyaFound\PetyaFound_L2\Ch10_RNPCE_PetyaFound_Petya_Act_01_Sub.json,"OK, follow me.",
Impact\Content\Maps\Chapters\Chapter10\RNPCE_PetyaFound\PetyaFound_L2\Ch10_RNPCE_PetyaFound_Petya_Bandana_Sub.json,Hey!,
Impact\Content\Maps\Chapters\Chapter10\RNPCE_PetyaFound\PetyaFound_L2\Ch10_RNPCE_PetyaFound_Petya_Bandana_Sub.json,"That’s, that's my mom's bandana!",
Impact\Content\Maps\Chapters\Chapter10\RNPCE_PetyaFound\PetyaFound_L2\Ch10_RNPCE_PetyaFound_Petya_BandanaReminder_01_Sub.json,Hey!,
Impact\Content\Maps\Chapters\Chapter10\RNPCE_PetyaFound\PetyaFound_L2\Ch10_RNPCE_PetyaFound_Petya_BandanaReminder_01_Sub.json,Mister!,
Impact\Content\Maps\Chapters\Chapter10\RNPCE_PetyaFound\PetyaFound_L2\Ch10_RNPCE_PetyaFound_Petya_BandanaReminder_02_Sub.json,Don't you know it's rude to ignore people??,
Impact\Content\Maps\Chapters\Chapter10\RNPCE_PetyaFound\PetyaFound_L2\Ch10_RNPCE_PetyaFound_Petya_BandanaReminder_03_Sub.json,Did you hear me?,
Impact\Content\Maps\Chapters\Chapter10\RNPCE_PetyaFound\PetyaFound_L2\Ch10_RNPCE_PetyaFound_Petya_BandanaReminder_05_Sub.json,What are you doing? Say something!,
Impact\Content\Maps\Chapters\Chapter10\RNPCE_PetyaFound\PetyaFound_L2\Ch10_RNPCE_PetyaFound_Petya_FollowMeReminder_01_Sub.json,Are you coming?,
Impact\Content\Maps\Chapters\Chapter10\RNPCE_PetyaFound\PetyaFound_L2\Ch10_RNPCE_PetyaFound_Petya_FollowMeReminder_02_Sub.json,Um... the dogs are this way.,
Impact\Content\Maps\Chapters\Chapter10\RNPCE_PetyaFound\PetyaFound_L2\Ch10_RNPCE_PetyaFound_Petya_FollowMeReminder_03_Sub.json,I thought you said you wanted to help?,
Impact\Content\Maps\Chapters\Chapter10\RNPCE_PetyaFound\PetyaFound_L2\Ch10_RNPCE_PetyaFound_Petya_FollowMeReminder_05_Sub.json,"Hey, could we go?",
Impact\Content\Maps\Chapters\Chapter10\RNPCE_PetyaFound\PetyaFound_L2\Ch10_RNPCE_PetyaFound_Petya_FollowMeReminder_05_Sub.json,I'm... I'm kinda worried about my mom.,
Impact\Content\Maps\Chapters\Chapter10\RNPCE_PetyaFound\PetyaFound_L2\Ch10_RNPCE_PetyaFound_Serdar_AmIA_Sub.json,"""Am I a pickpocket?""",
Impact\Content\Maps\Chapters\Chapter10\RNPCE_PetyaFound\PetyaFound_L2\Ch10_RNPCE_PetyaFound_Serdar_DogsToJoke_Sub.json,Dogs?,
Impact\Content\Maps\Chapters\Chapter10\RNPCE_PetyaFound\PetyaFound_L2\Ch10_RNPCE_PetyaFound_Serdar_IDonLooking_Sub.json,"I don't know. She was looking for you in Tretyakovskaya, but we were separated.",
Impact\Content\Maps\Chapters\Chapter10\RNPCE_PetyaFound\PetyaFound_L2\Ch10_RNPCE_PetyaFound_Serdar_ItAlrightLook_Sub.json,"It's alright, Petya.",
Impact\Content\Maps\Chapters\Chapter10\RNPCE_PetyaFound\PetyaFound_L2\Ch10_RNPCE_PetyaFound_Serdar_ItAlrightLook_Sub.json,"We could look for her together, if you like?",
Impact\Content\Maps\Chapters\Chapter10\RNPCE_PetyaFound\PetyaFound_L2\Ch10_RNPCE_PetyaFound_Serdar_RightLetWhat_Sub.json,Right. Now let's see what we can do about your dog problem.,
Impact\Content\Maps\Chapters\Chapter10\RNPCE_PetyaFound\PetyaFound_L2\Ch10_RNPCE_PetyaFound_Serdar_ThankYouConsider_Sub.json,"Thank you, Petya, I will consider myself warned.",
Impact\Content\Maps\Chapters\Chapter10\RNPCE_PetyaFound\PetyaFound_L2\Ch10_RNPCE_PetyaFound_Serdar_ThankYouConsider_Sub.json,"My name is Serdar, I'm an-- old friend of your mother's.",
Impact\Content\Maps\Chapters\Chapter10\RNPCE_PetyaFound\PetyaFound_L2\Ch10_RNPCE_PetyaFound_Serdar_UmSeemTo_Sub.json,"Um, I seem to remember having a bandana at some point?!",
Impact\Content\Maps\Chapters\Chapter10\TRAV_FollowPetya\FirstBond\Ch10_TRAV_FollowPetya_Petya_ICouldnToo_Sub.json,I couldn't tell.,
Impact\Content\Maps\Chapters\Chapter10\TRAV_FollowPetya\FirstBond\Ch10_TRAV_FollowPetya_Petya_ICouldnToo_Sub.json,It was too loud back in the station with all those people jamming in there,
Impact\Content\Maps\Chapters\Chapter10\TRAV_FollowPetya\FirstBond\Ch10_TRAV_FollowPetya_Petya_ICouldnToo_Sub.json,waiting for the train.,
Impact\Content\Maps\Chapters\Chapter10\TRAV_FollowPetya\FirstBond\Ch10_TRAV_FollowPetya_Petya_INeverMoved_Sub.json,"I never moved, not even a centimeter!",
Impact\Content\Maps\Chapters\Chapter10\TRAV_FollowPetya\FirstBond\Ch10_TRAV_FollowPetya_Petya_INeverMoved_Sub.json,She's terrible at finding her way even when there's not a crowd.,
Impact\Content\Maps\Chapters\Chapter10\TRAV_FollowPetya\FirstBond\Ch10_TRAV_FollowPetya_Petya_INeverMoved_Sub.json,"She told me that one time, she even got lost in her own apartment complex",
Impact\Content\Maps\Chapters\Chapter10\TRAV_FollowPetya\FirstBond\Ch10_TRAV_FollowPetya_Petya_INeverMoved_Sub.json,for two hours.,
Impact\Content\Maps\Chapters\Chapter10\TRAV_FollowPetya\FirstBond\Ch10_TRAV_FollowPetya_Petya_SheAlwaysSaid_Sub.json,"She always said not to go off alone, but then she did it anyway!",
Impact\Content\Maps\Chapters\Chapter10\TRAV_FollowPetya\FirstBond\Ch10_TRAV_FollowPetya_Petya_SheAlwaysSaid_Sub.json,"I waited and waited, but even the trains never came and I got worried",
Impact\Content\Maps\Chapters\Chapter10\TRAV_FollowPetya\FirstBond\Ch10_TRAV_FollowPetya_Petya_SheAlwaysSaid_Sub.json,that maybe something happened and she got lost.,
Impact\Content\Maps\Chapters\Chapter10\TRAV_FollowPetya\FirstBond\Ch10_TRAV_FollowPetya_Petya_SheAlwaysSaid_Sub.json,She does that sometimes.,
Impact\Content\Maps\Chapters\Chapter10\TRAV_FollowPetya\FirstBond\Ch10_TRAV_FollowPetya_Petya_WellMeanHave_Sub.json,"Well, I mean, almost everything.",
Impact\Content\Maps\Chapters\Chapter10\TRAV_FollowPetya\FirstBond\Ch10_TRAV_FollowPetya_Petya_WellMeanHave_Sub.json,I must have forgotten the stories she told me about you.,
Impact\Content\Maps\Chapters\Chapter10\TRAV_FollowPetya\FirstBond\Ch10_TRAV_FollowPetya_Petya_WellMeanHave_Sub.json,Sorry.,
Impact\Content\Maps\Chapters\Chapter10\TRAV_FollowPetya\FirstBond\Ch10_TRAV_FollowPetya_Petya_YouKnowThat_Sub.json,You know that one?,
Impact\Content\Maps\Chapters\Chapter10\TRAV_FollowPetya\FirstBond\Ch10_TRAV_FollowPetya_Petya_YouKnowThat_Sub.json,I know all of her stories by heart.,
Impact\Content\Maps\Chapters\Chapter10\TRAV_FollowPetya\FirstBond\Ch10_TRAV_FollowPetya_Petya_YouKnowThat_Sub.json,"She always says I'm her best friend,",
Impact\Content\Maps\Chapters\Chapter10\TRAV_FollowPetya\FirstBond\Ch10_TRAV_FollowPetya_Petya_YouKnowThat_Sub.json,so it's part of the deal that she tells me everything!,
Impact\Content\Maps\Chapters\Chapter10\TRAV_FollowPetya\FirstBond\Ch10_TRAV_FollowPetya_Serdar_IsThatWhy_Sub.json,Is that why you left the station?,
Impact\Content\Maps\Chapters\Chapter10\TRAV_FollowPetya\FirstBond\Ch10_TRAV_FollowPetya_Serdar_NoOffenseTaken_Sub.json,No offense taken.,
Impact\Content\Maps\Chapters\Chapter10\TRAV_FollowPetya\FirstBond\Ch10_TRAV_FollowPetya_Serdar_NoOffenseTaken_Sub.json,"But hey, her and me, we’ve known each other almost since the same age as that Mila’s story.",
Impact\Content\Maps\Chapters\Chapter10\TRAV_FollowPetya\FirstBond\Ch10_TRAV_FollowPetya_Serdar_NoOffenseTaken_Sub.json,Only then we’ve lost trails of each other for a while...,
Impact\Content\Maps\Chapters\Chapter10\TRAV_FollowPetya\FirstBond\Ch10_TRAV_FollowPetya_Serdar_PetyaYouHeard_Sub.json,"Petya, when you heard your mother's voice, what was she saying?",
Impact\Content\Maps\Chapters\Chapter10\TRAV_FollowPetya\FirstBond\Ch10_TRAV_FollowPetya_Serdar_WhenSheWas_Sub.json,When she was 15!,
Impact\Content\Maps\Chapters\Chapter10\TRAV_FollowPetya\FirstBond\Ch10_TRAV_FollowPetya_Serdar_WhenSheWas_Sub.json,She'd fallen asleep on her friend Mila's couch and thought she was at home!,
Impact\Content\Maps\Chapters\Chapter10\TRAV_FollowPetya\FirstBond\Ch10_TRAV_FollowPetya_Serdar_YourMotherTried_Sub.json,"Your mother tried very hard to get back to you, but...",
Impact\Content\Maps\Chapters\Chapter10\TRAV_FollowPetya\FirstBond\Ch10_TRAV_FollowPetya_Serdar_YourMotherTried_Sub.json,you were not easy to track down.,
Impact\Content\Maps\Chapters\Chapter10\TRAV_FollowPetya\ScaryDogs\Ch10_TRAV_FollowPetya_Petya_MaybeWeShould_Sub.json,Maybe we should just call the pound to get them.,
Impact\Content\Maps\Chapters\Chapter10\TRAV_FollowPetya\ScaryDogs\Ch10_TRAV_FollowPetya_Petya_MaybeWeShould_Sub.json,It's really dark in there.,
Impact\Content\Maps\Chapters\Chapter10\TRAV_FollowPetya\ScaryDogs\Ch10_TRAV_FollowPetya_Petya_MaybeWeShould_Sub.json,"I know you've got a flashlight and everything, but...",
Impact\Content\Maps\Chapters\Chapter10\TRAV_FollowPetya\ScaryDogs\Ch10_TRAV_FollowPetya_Petya_MaybeWeShould_Sub.json,what if we got separated?,
Impact\Content\Maps\Chapters\Chapter10\TRAV_FollowPetya\ScaryDogs\Ch10_TRAV_FollowPetya_Petya_Okay_Sub.json,Okay.,
Impact\Content\Maps\Chapters\Chapter10\TRAV_FollowPetya\ScaryDogs\Ch10_TRAV_FollowPetya_Petya_YHeardThem_Sub.json,"Y-you heard them, right??",
Impact\Content\Maps\Chapters\Chapter10\TRAV_FollowPetya\ScaryDogs\Ch10_TRAV_FollowPetya_Petya_YHeardThem_Sub.json,The dogs?,
Impact\Content\Maps\Chapters\Chapter10\TRAV_FollowPetya\ScaryDogs\Ch10_TRAV_FollowPetya_Petya_YouTotallyJust_Sub.json,You totally just made that up...,
Impact\Content\Maps\Chapters\Chapter10\TRAV_FollowPetya\ScaryDogs\Ch10_TRAV_FollowPetya_Petya_YouTotallyJust_Sub.json,"but if you wanted to turn on some lights, that would be OK.",
Impact\Content\Maps\Chapters\Chapter10\TRAV_FollowPetya\ScaryDogs\Ch10_TRAV_FollowPetya_Serdar_VeryGoodThen_Sub.json,"Very good then. Wait for the lamps to be on before you follow, alright?",
Impact\Content\Maps\Chapters\Chapter10\TRAV_FollowPetya\ScaryDogs\Ch10_TRAV_FollowPetya_Serdar_WouldYouFeel_Sub.json,Would you feel better if I lit a path for you?,
Impact\Content\Maps\Chapters\Chapter10\TRAV_FollowPetya\ScaryDogs\Ch10_TRAV_FollowPetya_Serdar_WouldYouFeel_Sub.json,I've heard only the good dogs will venture into the light.,
Impact\Content\Maps\Chapters\Chapter10\TRAV_FollowPetya\ScaryDogs\Ch10_TRAV_FollowPetya_Serdar_YesDoSound_Sub.json,"Yes, they do sound unpleasant.",
Impact\Content\Maps\Chapters\Chapter10\TROL_ToCatacombs\DogsChase\Ch10_TROL_ToCatacombs_Petya_AreTheyGone_Sub.json,ARE THEY GONE???,
Impact\Content\Maps\Chapters\Chapter10\TROL_ToCatacombs\DogsChase\Ch10_TROL_ToCatacombs_Petya_INotStupid_Sub.json,"I'm not stupid, you know.",
Impact\Content\Maps\Chapters\Chapter10\TROL_ToCatacombs\DogsChase\Ch10_TROL_ToCatacombs_Petya_INotStupid_Sub.json,I know what you were doing.,
Impact\Content\Maps\Chapters\Chapter10\TROL_ToCatacombs\DogsChase\Ch10_TROL_ToCatacombs_Petya_ISavingIt_Sub.json,I'm saving it. For the next time you need a distraction.,
Impact\Content\Maps\Chapters\Chapter10\TROL_ToCatacombs\DogsChase\Ch10_TROL_ToCatacombs_Petya_Ok_Sub.json,OK...,
Impact\Content\Maps\Chapters\Chapter10\TROL_ToCatacombs\DogsChase\Ch10_TROL_ToCatacombs_Petya_RightAfterI_Sub.json,Right after I was born.,
Impact\Content\Maps\Chapters\Chapter10\TROL_ToCatacombs\DogsChase\Ch10_TROL_ToCatacombs_Petya_RightAfterI_Sub.json,Babushka took it off to do the dishes--,
Impact\Content\Maps\Chapters\Chapter10\TROL_ToCatacombs\DogsChase\Ch10_TROL_ToCatacombs_Petya_WasThatMore_Sub.json,Was that more dogs?!?,
Impact\Content\Maps\Chapters\Chapter10\TROL_ToCatacombs\DogsChase\Ch10_TROL_ToCatacombs_Petya_WatchOut_Sub.json,Watch out!,
Impact\Content\Maps\Chapters\Chapter10\TROL_ToCatacombs\DogsChase\Ch10_TROL_ToCatacombs_Petya_WhatSheWill_Sub.json,What she will say is that I keep getting myself in trouble.,
Impact\Content\Maps\Chapters\Chapter10\TROL_ToCatacombs\DogsChase\Ch10_TROL_ToCatacombs_Petya_WhatSheWill_Sub.json,Although I am just her son!,
Impact\Content\Maps\Chapters\Chapter10\TROL_ToCatacombs\DogsChase\Ch10_TROL_ToCatacombs_Petya_WhatSheWill_Sub.json,"She got herself in trouble so many times, too!",
Impact\Content\Maps\Chapters\Chapter10\TROL_ToCatacombs\DogsChase\Ch10_TROL_ToCatacombs_Petya_WhatSheWill_Sub.json,Did she ever tell you about how she,
Impact\Content\Maps\Chapters\Chapter10\TROL_ToCatacombs\DogsChase\Ch10_TROL_ToCatacombs_Petya_WhatSheWill_Sub.json,once accidentally ate my grandmother's wedding ring?,
Impact\Content\Maps\Chapters\Chapter10\TROL_ToCatacombs\DogsChase\Ch10_TROL_ToCatacombs_Serdar_IThinkThe_Sub.json,I think the worst has passed.,
Impact\Content\Maps\Chapters\Chapter10\TROL_ToCatacombs\DogsChase\Ch10_TROL_ToCatacombs_Serdar_IThinkThe_Sub.json,Are you alright?,
Impact\Content\Maps\Chapters\Chapter10\TROL_ToCatacombs\DogsChase\Ch10_TROL_ToCatacombs_Serdar_NoDidThat_Sub.json,No! When did that happen?,
Impact\Content\Maps\Chapters\Chapter10\TROL_ToCatacombs\DogsChase\Ch10_TROL_ToCatacombs_Serdar_NoDidThat_Sub.json,"Go ahead, tell it to me, it sounds really interesting!",
Impact\Content\Maps\Chapters\Chapter10\TROL_ToCatacombs\DogsChase\Ch10_TROL_ToCatacombs_Serdar_SheNeverTold_Sub.json,She never told me that story.,
Impact\Content\Maps\Chapters\Chapter10\TROL_ToCatacombs\DogsChase\Ch10_TROL_ToCatacombs_Serdar_SheNeverTold_Sub.json,I wish I'd been there for that one.,
Impact\Content\Maps\Chapters\Chapter10\TROL_ToCatacombs\DogsChase\Ch10_TROL_ToCatacombs_Serdar_WellThatMakes_Sub.json,Well that makes one of us.,
Impact\Content\Maps\Chapters\Chapter10\TROL_ToCatacombs\DogsChase\Ch10_TROL_ToCatacombs_Serdar_WellThatMakes_Sub.json,Did you think of a funny story?,
Impact\Content\Maps\Chapters\Chapter10\TROL_ToCatacombs\DogsChase\Ch10_TROL_ToCatacombs_Serdar_WhyDonThink_Sub.json,"Why don't you think of another one, OK? A funny one.",
Impact\Content\Maps\Chapters\Chapter10\TROL_ToCatacombs\DogsChase\Ch10_TROL_ToCatacombs_Serdar_WhyDonThink_Sub.json,"Don’t be afraid, tell it to me, and I’ll sort it out with these mean dogs, okay?",
Impact\Content\Maps\Chapters\Chapter10\TROL_ToCatacombs\DogsChase\Ch10_TROL_ToCatacombs_Serdar_YesAllOver_Sub.json,"Yes, they've... Been all over the place lately.",
Impact\Content\Maps\Chapters\Chapter10\TROL_ToCatacombs\DogsChase\Ch10_TROL_ToCatacombs_Serdar_YesAllOver_Sub.json,"No one’s looking after them now, so...",
Impact\Content\Maps\Chapters\Chapter10\TROL_ToCatacombs\DogsChase\Ch10_TROL_ToCatacombs_Serdar_YouAreMost_Sub.json,You are most definitely your mother's child.,
Impact\Content\Maps\Chapters\Chapter10\TROL_ToCatacombs\DogsChase\Ch10_TROL_ToCatacombs_Serdar_YouHoldingSo_Sub.json,You’re holding so bravely!,
Impact\Content\Maps\Chapters\Chapter10\TROL_ToCatacombs\DogsChase\Ch10_TROL_ToCatacombs_Serdar_YouHoldingSo_Sub.json,Like a man grown.,
Impact\Content\Maps\Chapters\Chapter10\TROL_ToCatacombs\DogsChase\Ch10_TROL_ToCatacombs_Serdar_YouHoldingSo_Sub.json,Your mom would’ve been real proud of you!,
Impact\Content\Maps\Chapters\Chapter10\TTR_EvadeNosalises2\AfterLightingPathPetya\Ch10_TTR_EvadeNosalises2_Petya_ICanDo_Sub.json,I can do that.,
Impact\Content\Maps\Chapters\Chapter10\TTR_EvadeNosalises2\AfterLightingPathPetya\Ch10_TTR_EvadeNosalises2_Petya_MommaYouHear_Sub.json,Momma!!! Did you hear her?,
Impact\Content\Maps\Chapters\Chapter10\TTR_EvadeNosalises2\AfterLightingPathPetya\Ch10_TTR_EvadeNosalises2_Petya_SerdarThinkSomething_Sub.json,"Serdar, I think something's wrong.",
Impact\Content\Maps\Chapters\Chapter10\TTR_EvadeNosalises2\AfterLightingPathPetya\Ch10_TTR_EvadeNosalises2_Petya_SerdarThinkSomething_Sub.json,Mom doesn't sound right.,
Impact\Content\Maps\Chapters\Chapter10\TTR_EvadeNosalises2\AfterLightingPathPetya\Ch10_TTR_EvadeNosalises2_Petya_SerdarThinkSomething_Sub.json,It's like she's scared but...,
Impact\Content\Maps\Chapters\Chapter10\TTR_EvadeNosalises2\AfterLightingPathPetya\Ch10_TTR_EvadeNosalises2_Petya_SerdarThinkSomething_Sub.json,there's something else.,
Impact\Content\Maps\Chapters\Chapter10\TTR_EvadeNosalises2\AfterLightingPathPetya\Ch10_TTR_EvadeNosalises2_Petya_SheJustKeeps_Sub.json,She just keeps calling my name over and over...,
Impact\Content\Maps\Chapters\Chapter10\TTR_EvadeNosalises2\AfterLightingPathPetya\Ch10_TTR_EvadeNosalises2_Petya_SheJustKeeps_Sub.json,I don't want her to worry about me...,
Impact\Content\Maps\Chapters\Chapter10\TTR_EvadeNosalises2\AfterLightingPathPetya\Ch10_TTR_EvadeNosalises2_Petya_SheSoundsKind_Sub.json,She sounds kind of far away still.,
Impact\Content\Maps\Chapters\Chapter10\TTR_EvadeNosalises2\AfterLightingPathPetya\Ch10_TTR_EvadeNosalises2_Petya_SheSoundsKind_Sub.json,But it's definitely her!,
Impact\Content\Maps\Chapters\Chapter10\TTR_EvadeNosalises2\AfterLightingPathPetya\Ch10_TTR_EvadeNosalises2_Petya_ThisWay_Sub.json,This way! Come on!,
Impact\Content\Maps\Chapters\Chapter10\TTR_EvadeNosalises2\AfterLightingPathPetya\Ch10_TTR_EvadeNosalises2_Petya_UmYouShould_Sub.json,Um... maybe you should open it.,
Impact\Content\Maps\Chapters\Chapter10\TTR_EvadeNosalises2\AfterLightingPathPetya\Ch10_TTR_EvadeNosalises2_Petya_WowAreReally_Sub.json,"Wow, you are REALLY good with dogs.",
Impact\Content\Maps\Chapters\Chapter10\TTR_EvadeNosalises2\AfterLightingPathPetya\Ch10_TTR_EvadeNosalises2_Petya_WowGuessYou_Sub.json,"Wow. I guess you don't like dogs, either.",
Impact\Content\Maps\Chapters\Chapter10\TTR_EvadeNosalises2\AfterLightingPathPetya\Ch10_TTR_EvadeNosalises2_Serdar_AndToThink_Sub.json,And to think I always considered myself a cat person.,
Impact\Content\Maps\Chapters\Chapter10\TTR_EvadeNosalises2\AfterLightingPathPetya\Ch10_TTR_EvadeNosalises2_Serdar_IReallyMore_Sub.json,I'm really more of a cat person.,
Impact\Content\Maps\Chapters\Chapter10\TTR_EvadeNosalises2\AfterLightingPathPetya\Ch10_TTR_EvadeNosalises2_Serdar_IsThereAnything_Sub.json,Is there anything else?,
Impact\Content\Maps\Chapters\Chapter10\TTR_EvadeNosalises2\AfterLightingPathPetya\Ch10_TTR_EvadeNosalises2_Serdar_ItGoingTo_Sub.json,It's going to be alright.,
Impact\Content\Maps\Chapters\Chapter10\TTR_EvadeNosalises2\AfterLightingPathPetya\Ch10_TTR_EvadeNosalises2_Serdar_ItGoingTo_Sub.json,"Keep listening for her, even if you're scared, can you do that?",
Impact\Content\Maps\Chapters\Chapter10\TTR_EvadeNosalises2\AfterLightingPathPetya\Ch10_TTR_EvadeNosalises2_Serdar_NoIsShe_Sub.json,No. Where is she?,
Impact\Content\Maps\Chapters\Chapter10\TTR_EvadeNosalises2\AfterLightingPathPetya\Ch10_TTR_EvadeNosalises2_Serdar_PetyaYouTell_Sub.json,"Petya, can you tell how close we are?",
Impact\Content\Maps\Chapters\Chapter10\TTR_EvadeNosalises2\AfterLightingPathPetya\Ch10_TTR_EvadeNosalises2_Serdar_SomeConcernsAre_Sub.json,"Some concerns are out of our control, alas.",
Impact\Content\Maps\Chapters\Chapter10\TTR_EvadeNosalises2\NosalisRunningTunnel\Ch10_TTR_EvadeNosalises2_Serdar_StayCloseLamps_Sub.json,There are definitely Nosal...,
Impact\Content\Maps\Chapters\Chapter10\TTR_EvadeNosalises2\NosalisRunningTunnel\Ch10_TTR_EvadeNosalises2_Serdar_StayCloseLamps_Sub.json,"I mean dogs, in this area.",
Impact\Content\Maps\Chapters\Chapter10\TTR_EvadeNosalises2\NosalisRunningTunnel\Ch10_TTR_EvadeNosalises2_Serdar_StayCloseLamps_Sub.json,"Petya, stay close to the lamps, I will scout ahead.",
Impact\Content\Maps\Chapters\Chapter10\TTR_EvadeNosalises2\PetyaDoorGating\Ch10_TTR_EvadeNosalises2_Petya_YesSir_Sub.json,I will try.,
Impact\Content\Maps\Chapters\Chapter10\TTR_EvadeNosalises2\PetyaDoorGating\Ch10_TTR_EvadeNosalises2_Serdar_CrawlInVentWhispering_Sub.json,"Petya, is this something you can help me with?",
Impact\Content\Maps\Chapters\Chapter10\TTR_EvadeNosalises2\PetyaDoorGating\Ch10_TTR_EvadeNosalises2_Serdar_HowOpenDoor_Sub.json,I can't open this door.,
Impact\Content\Maps\Chapters\Chapter10\TTR_EvadeNosalises2\PetyaDoorGating\Ch10_TTR_EvadeNosalises2_Serdar_KidNotHere_Sub.json,The kid is not here. Must have been too scared to follow me in the dark.,
Impact\Content\Maps\Chapters\Chapter10\TTR_EvadeNosalises2\PetyaDoorGating2\Ch10_TTR_EvadeNosalises2_Petya_ImHere_Sub.json,I'm here.,
Impact\Content\Maps\Chapters\Chapter10\TTR_EvadeNosalises2\PetyaDoorGating2\Ch10_TTR_EvadeNosalises2_Petya_ItIsSoDark_Sub.json,Sir? Could you turn on the big light above the door?,
Impact\Content\Maps\Chapters\Chapter10\TTR_EvadeNosalises2\PetyaDoorGating2\Ch10_TTR_EvadeNosalises2_Petya_ItIsSoDark_Sub.json,That will really scare away the dogs!,
Impact\Content\Maps\Chapters\Chapter10\TTR_EvadeNosalises2\PetyaDoorGating2\Ch10_TTR_EvadeNosalises2_Petya_ThankYouSir_Sub.json,Thank you sir.,
Impact\Content\Maps\Chapters\Chapter10\TTR_EvadeNosalises2\PetyaDoorGating2\Ch10_TTR_EvadeNosalises2_Serdar_CrawlInVentNormal_Sub.json,"Petya, is this something you can help me with?",
Impact\Content\Maps\Chapters\Chapter10\TTR_EvadeNosalises2\PetyaDoorGating2\Ch10_TTR_EvadeNosalises2_Serdar_OpenClosedDoor_Sub.json,Another closed door.,
Impact\Content\Maps\Chapters\Chapter10\TTR_EvadeNosalises2\PetyaDoorGating2\Ch10_TTR_EvadeNosalises2_Serdar_OpenClosedDoor_Sub.json,"Petya, I need your help again.",
Impact\Content\Maps\Chapters\Chapter10\TTR_EvadeNosalises2\PetyaPathing\Ch10_TTR_EvadeNosalises2_Petya_MadeIt_Sub.json,Made it.,
Impact\Content\Maps\Chapters\Chapter10\TTR_EvadeNosalises2\PetyaPathing\Ch10_TTR_EvadeNosalises2_Petya_ThankYou_Sub.json,Thank you.,
Impact\Content\Maps\Chapters\Chapter10\TTR_EvadeNosalises2\PetyaPathing\Ch10_TTR_EvadeNosalises2_Petya_ThankYouSerdar_Sub.json,Thank you Serdar.,
Impact\Content\Maps\Chapters\Chapter10\TTR_EvadeNosalises2\PetyaPathing\Ch10_TTR_EvadeNosalises2_Petya_ThankYouSir_Sub.json,Thank you sir.,
Impact\Content\Maps\Chapters\Chapter10\TTR_EvadeNosalises2\PetyaReminders\Ch10_TTR_EvadeNosalises2_Petya_CanWeKeep_Sub.json,Can we keep going? If you don't mind?,
Impact\Content\Maps\Chapters\Chapter10\TTR_EvadeNosalises2\PetyaReminders\Ch10_TTR_EvadeNosalises2_Petya_DidYouMiss_Sub.json,Did you miss a light?,
Impact\Content\Maps\Chapters\Chapter10\TTR_EvadeNosalises2\PetyaReminders\Ch10_TTR_EvadeNosalises2_Petya_DidYouMiss_Sub.json,I can't see you!,
Impact\Content\Maps\Chapters\Chapter10\TTR_EvadeNosalises2\PetyaReminders\Ch10_TTR_EvadeNosalises2_Petya_HaveYouFound_Sub.json,Have you found any more lights to turn on?,
Impact\Content\Maps\Chapters\Chapter10\TTR_EvadeNosalises2\PetyaReminders\Ch10_TTR_EvadeNosalises2_Petya_PleaseDontLeave_Sub.json,Please don't leave me here...,
Impact\Content\Maps\Chapters\Chapter10\TTR_EvadeNosalises2\PetyaReminders\Ch10_TTR_EvadeNosalises2_Petya_PleaseDontLeave_Sub.json,I don't want to get lost in in the dark.,
Impact\Content\Maps\Chapters\Chapter10\TTR_EvadeNosalises2\PetyaReminders\Ch10_TTR_EvadeNosalises2_Petya_SerdarImAfraid_Sub.json,"Serdar, I'm afraid of the dark...",
Impact\Content\Maps\Chapters\Chapter10\TTR_EvadeNosalises2\PetyaReminders\Ch10_TTR_EvadeNosalises2_Petya_SerdarImAfraid_Sub.json,Please turn on any lamps where it's safe.,
Impact\Content\Maps\Chapters\Chapter10\TTR_EvadeNosalises2\PetyaReminders\Ch10_TTR_EvadeNosalises2_Petya_SerdarSerdarPlease_Sub.json,Serdar?!,
Impact\Content\Maps\Chapters\Chapter10\TTR_EvadeNosalises2\PetyaReminders\Ch10_TTR_EvadeNosalises2_Petya_SerdarSerdarPlease_Sub.json,SERDAR!,
Impact\Content\Maps\Chapters\Chapter10\TTR_EvadeNosalises2\PetyaReminders\Ch10_TTR_EvadeNosalises2_Petya_SerdarSerdarPlease_Sub.json,Please come back!,
Impact\Content\Maps\Chapters\Chapter10\TTR_EvadeNosalises2\PetyaReminders\Ch10_TTR_EvadeNosalises2_Petya_SerdarWhereAre_Sub.json,"Serdar, where are you?",
Impact\Content\Maps\Chapters\Chapter10\TTR_EvadeNosalises2\PetyaReminders\Ch10_TTR_EvadeNosalises2_Petya_SerdarWhereAre_Sub.json,I can't see you!,
Impact\Content\Maps\Chapters\Chapter10\TTR_EvadeNosalises2\PetyaReminders\Ch10_TTR_EvadeNosalises2_Petya_YouAreNot_Sub.json,"You are not going to leave me behind, are you?",
Impact\Content\Maps\Chapters\Chapter10\TTR_EvadeNosalises2\PetyaReminders\Ch10_TTR_EvadeNosalises2_Petya_YouPromisedTo_Sub.json,You promised to light a path for me.,
Impact\Content\Maps\Chapters\Chapter10\TTR_EvadeNosalises2\PetyaReminders\Ch10_TTR_EvadeNosalises2_Petya_YouPromisedTo_Sub.json,You promised!,
Impact\Content\Maps\Chapters\Chapter11\EXPL_LeadTheWay1\InsideLockedRoom\Ch11_EXPL_LeadTheWay1_Petya_IRememberedAbout_Sub.json,"I remembered about the jacket, by the way.",
Impact\Content\Maps\Chapters\Chapter11\EXPL_LeadTheWay1\InsideLockedRoom\Ch11_EXPL_LeadTheWay1_Petya_IRememberedAbout_Sub.json,But it wasn't the zoo - it was the museum.,
Impact\Content\Maps\Chapters\Chapter11\EXPL_LeadTheWay1\InsideLockedRoom\Ch11_EXPL_LeadTheWay1_Petya_IToldYou_Sub.json,I told you I know all her stories!,
Impact\Content\Maps\Chapters\Chapter11\EXPL_LeadTheWay1\InsideLockedRoom\Ch11_EXPL_LeadTheWay1_Petya_MaybeYouJust_Sub.json,"Maybe you just got those wrong, too.",
Impact\Content\Maps\Chapters\Chapter11\EXPL_LeadTheWay1\InsideLockedRoom\Ch11_EXPL_LeadTheWay1_Petya_ThatWasReally_Sub.json,That was really you?,
Impact\Content\Maps\Chapters\Chapter11\EXPL_LeadTheWay1\InsideLockedRoom\Ch11_EXPL_LeadTheWay1_Petya_ThatWasReally_Sub.json,I could've sworn it was someone else at the museum!,
Impact\Content\Maps\Chapters\Chapter11\EXPL_LeadTheWay1\InsideLockedRoom\Ch11_EXPL_LeadTheWay1_Petya_ThatWasYou_Sub.json,That was you??,
Impact\Content\Maps\Chapters\Chapter11\EXPL_LeadTheWay1\InsideLockedRoom\Ch11_EXPL_LeadTheWay1_Serdar_ExceptAboutMe_Sub.json,Except about me.,
Impact\Content\Maps\Chapters\Chapter11\EXPL_LeadTheWay1\InsideLockedRoom\Ch11_EXPL_LeadTheWay1_Serdar_IWasIn_Sub.json,"I was in that one, thank you very much!",
Impact\Content\Maps\Chapters\Chapter11\EXPL_LeadTheWay1\InsideLockedRoom\Ch11_EXPL_LeadTheWay1_Serdar_OhRightWas_Sub.json,Oh right!,
Impact\Content\Maps\Chapters\Chapter11\EXPL_LeadTheWay1\InsideLockedRoom\Ch11_EXPL_LeadTheWay1_Serdar_OhRightWas_Sub.json,"It was, wasn't it?",
Impact\Content\Maps\Chapters\Chapter11\EXPL_LeadTheWay1\Petya_Intro\Ch11_EXPL_LeadTheWay1_Petya_IsItAlright_Sub.json,Is it alright to talk now?,
Impact\Content\Maps\Chapters\Chapter11\EXPL_LeadTheWay1\Petya_Intro\Ch11_EXPL_LeadTheWay1_Serdar_YesFineTime_Sub.json,"Yes, we're fine, for the time being.",
Impact\Content\Maps\Chapters\Chapter11\EXPL_LeadTheWay1\Petya_Lurkers\Ch11_EXPL_LeadTheWay1_Petya_IDonAny_Sub.json,I don't remember any 'zoo' story...,
Impact\Content\Maps\Chapters\Chapter11\EXPL_LeadTheWay1\Petya_SideRoom\Ch11_EXPL_LeadTheWay1_Petya_IReallyHope_Sub.json,I really hope it's not too much further.,
Impact\Content\Maps\Chapters\Chapter11\EXPL_LeadTheWay1\Petya_SideRoom\Ch11_EXPL_LeadTheWay1_Petya_OhRightNow_Sub.json,"Oh right, um, I forget now...",
Impact\Content\Maps\Chapters\Chapter11\EXPL_LeadTheWay1\Petya_SideRoom\Ch11_EXPL_LeadTheWay1_Serdar_SayAboutThat_Sub.json,"Say, what about that other story you said you remembered?",
Impact\Content\Maps\Chapters\Chapter11\EXPL_LeadTheWay1\Petya_SideRoom\Ch11_EXPL_LeadTheWay1_Serdar_SayAboutThat_Sub.json,The funny one.,
Impact\Content\Maps\Chapters\Chapter11\EXPL_LeadTheWay1\Petya_SideRoom\Ch11_EXPL_LeadTheWay1_Serdar_UmYourMom_Sub.json,"Um, well, did your Mom ever tell you about the time a woman at the zoo",
Impact\Content\Maps\Chapters\Chapter11\EXPL_LeadTheWay1\Petya_SideRoom\Ch11_EXPL_LeadTheWay1_Serdar_UmYourMom_Sub.json,tried to buy her leather jacket off her?,
Impact\Content\Maps\Chapters\Chapter11\EXPL_LeadTheWay2\Tunnel\Ch11_EXPL_LeadTheWay2_Petya_NoTheGame_Sub.json,No. What's the game?,
Impact\Content\Maps\Chapters\Chapter11\EXPL_LeadTheWay2\Tunnel\Ch11_EXPL_LeadTheWay2_Serdar_JustLikeWith_Sub.json,Just like with the dogs back when I found you.,
Impact\Content\Maps\Chapters\Chapter11\EXPL_LeadTheWay2\Tunnel\Ch11_EXPL_LeadTheWay2_Serdar_JustLikeWith_Sub.json,"Only this time, I want you to keep your eyes closed and see if you can follow",
Impact\Content\Maps\Chapters\Chapter11\EXPL_LeadTheWay2\Tunnel\Ch11_EXPL_LeadTheWay2_Serdar_JustLikeWith_Sub.json,the sound of my voice.,
Impact\Content\Maps\Chapters\Chapter11\EXPL_LeadTheWay2\Tunnel\Ch11_EXPL_LeadTheWay2_Serdar_JustLikeWith_Sub.json,"But only move when I say, alright?",
Impact\Content\Maps\Chapters\Chapter11\EXPL_LeadTheWay2\Tunnel\Ch11_EXPL_LeadTheWay2_Serdar_ListenAboutWe_Sub.json,"Listen, Petya; how about we play a game?",
Impact\Content\Maps\Chapters\Chapter11\EXPL_LeadTheWay2\Tunnel2\Ch11_EXPL_LeadTheWay2_Petya_HowMuchFurther_Sub.json,How much further??,
Impact\Content\Maps\Chapters\Chapter11\EXPL_LeadTheWay2\Tunnel2\Ch11_EXPL_LeadTheWay2_Serdar_OnlyABit_Sub.json,"Only a bit more, buddy!",
Impact\Content\Maps\Chapters\Chapter11\HYG_FightLurkers2\PhaseOne\Ch11_HYG_FightLurkers2_Exhausted_Ghost_Soldier_DidYouGet_Sub.json,"Did you get everyone to the mess hall, OVER?",
Impact\Content\Maps\Chapters\Chapter11\HYG_FightLurkers2\PhaseOne\Ch11_HYG_FightLurkers2_Exhausted_Ghost_Soldier_DidYouGet_Sub.json,PLEASE... I can't hold this fucking door anymore...,
Impact\Content\Maps\Chapters\Chapter11\HYG_FightLurkers2\PhaseOne\Ch11_HYG_FightLurkers2_Exhausted_Ghost_Soldier_DidYouGet_Sub.json,Just say something...,
Impact\Content\Maps\Chapters\Chapter11\HYG_FightLurkers2\PhaseOne\Ch11_HYG_FightLurkers2_Exhausted_Ghost_Soldier_LenaAlmostOut_Sub.json,"Lena, please...",
Impact\Content\Maps\Chapters\Chapter11\HYG_FightLurkers2\PhaseOne\Ch11_HYG_FightLurkers2_Exhausted_Ghost_Soldier_LenaAlmostOut_Sub.json,I'm almost out of ammo and they're still coming...,
Impact\Content\Maps\Chapters\Chapter11\HYG_FightLurkers2\PhaseTwo\Ch11_HYG_FightLurkers2_Exhausted_Ghost_Soldier_LenaLightIs_Sub.json,"Lena, the light is still red, do you copy?!",
Impact\Content\Maps\Chapters\Chapter11\HYG_FightLurkers2\PhaseTwo\Ch11_HYG_FightLurkers2_Exhausted_Ghost_Soldier_LenaLightIs_Sub.json,Did you not seal the door or is everyone not out yet?!?,
Impact\Content\Maps\Chapters\Chapter11\HYG_FightLurkers2\PhaseTwo\Ch11_HYG_FightLurkers2_Exhausted_Ghost_Soldier_LenaRetreatGo_Sub.json,Lena... your 'strategic retreat' can officially go fuck itself.,
Impact\Content\Maps\Chapters\Chapter11\HYG_FightLurkers2\PhaseTwo\Ch11_HYG_FightLurkers2_Exhausted_Ghost_Soldier_TurnGreenOf_Sub.json,"Turn green, you piece of shit light bulb...",
Impact\Content\Maps\Chapters\Chapter11\KNE_PetyaAlmostConsumed\PetyaAlmostConsumed_L2\Ch11_KNE_PetyaAlmostConsumed_Petya_AlmostConsumed_01_Sub.json,"Maybe something less scary for, for awhile.",
Impact\Content\Maps\Chapters\Chapter11\KNE_PetyaAlmostConsumed\PetyaAlmostConsumed_L2\Ch11_KNE_PetyaAlmostConsumed_Petya_AlmostConsumed_01_Sub.json,AHHHHHHH!??,
Impact\Content\Maps\Chapters\Chapter11\KNE_PetyaAlmostConsumed\PetyaAlmostConsumed_L2\Ch11_KNE_PetyaAlmostConsumed_Petya_AlmostConsumed_01_Sub.json,KHAAAAN!!!?!?,
Impact\Content\Maps\Chapters\Chapter11\KNE_PetyaAlmostConsumed\PetyaAlmostConsumed_L2\Ch11_KNE_PetyaAlmostConsumed_Petya_AlmostConsumed_01_Sub.json,I saw-- these people!!!,
Impact\Content\Maps\Chapters\Chapter11\KNE_PetyaAlmostConsumed\PetyaAlmostConsumed_L2\Ch11_KNE_PetyaAlmostConsumed_Petya_AlmostConsumed_01_Sub.json,They were-- they were dead!!!,
Impact\Content\Maps\Chapters\Chapter11\KNE_PetyaAlmostConsumed\PetyaAlmostConsumed_L2\Ch11_KNE_PetyaAlmostConsumed_Petya_AlmostConsumed_01_Sub.json,"Screaming-- in my brain!!! Oh God, it hurt so much!!",
Impact\Content\Maps\Chapters\Chapter11\KNE_PetyaAlmostConsumed\PetyaAlmostConsumed_L2\Ch11_KNE_PetyaAlmostConsumed_Petya_AlmostConsumed_01_Sub.json,Wait...,
Impact\Content\Maps\Chapters\Chapter11\KNE_PetyaAlmostConsumed\PetyaAlmostConsumed_L2\Ch11_KNE_PetyaAlmostConsumed_Petya_AlmostConsumed_01_Sub.json,Momma?,
Impact\Content\Maps\Chapters\Chapter11\KNE_PetyaAlmostConsumed\PetyaAlmostConsumed_L2\Ch11_KNE_PetyaAlmostConsumed_Petya_AlmostConsumed_01_Sub.json,Is this what's happening to her?!?,
Impact\Content\Maps\Chapters\Chapter11\KNE_PetyaAlmostConsumed\PetyaAlmostConsumed_L2\Ch11_KNE_PetyaAlmostConsumed_Petya_AlmostConsumed_01_Sub.json,NO!!!,
Impact\Content\Maps\Chapters\Chapter11\KNE_PetyaAlmostConsumed\PetyaAlmostConsumed_L2\Ch11_KNE_PetyaAlmostConsumed_Petya_AlmostConsumed_01_Sub.json,I have to find my mom!!!,
Impact\Content\Maps\Chapters\Chapter11\KNE_PetyaAlmostConsumed\PetyaAlmostConsumed_L2\Ch11_KNE_PetyaAlmostConsumed_Petya_AlmostConsumed_01_Sub.json,"No, I have to!!",
Impact\Content\Maps\Chapters\Chapter11\KNE_PetyaAlmostConsumed\PetyaAlmostConsumed_L2\Ch11_KNE_PetyaAlmostConsumed_Petya_AlmostConsumed_01_Sub.json,This is all my fault!! Don't you see??,
Impact\Content\Maps\Chapters\Chapter11\KNE_PetyaAlmostConsumed\PetyaAlmostConsumed_L2\Ch11_KNE_PetyaAlmostConsumed_Petya_AlmostConsumed_01_Sub.json,I was supposed to meet her at the station!!!,
Impact\Content\Maps\Chapters\Chapter11\KNE_PetyaAlmostConsumed\PetyaAlmostConsumed_L2\Ch11_KNE_PetyaAlmostConsumed_Petya_AlmostConsumed_01_Sub.json,Yes.,
Impact\Content\Maps\Chapters\Chapter11\KNE_PetyaAlmostConsumed\PetyaAlmostConsumed_L2\Ch11_KNE_PetyaAlmostConsumed_Petya_AlmostConsumed_01_Sub.json,I want to find momma.,
Impact\Content\Maps\Chapters\Chapter11\KNE_PetyaAlmostConsumed\PetyaAlmostConsumed_L2\Ch11_KNE_PetyaAlmostConsumed_Petya_AlmostConsumed_01_Sub.json,This should take us to her.,
Impact\Content\Maps\Chapters\Chapter11\KNE_PetyaAlmostConsumed\PetyaAlmostConsumed_L2\Ch11_KNE_PetyaAlmostConsumed_Petya_Intro_01_Sub.json,I don't like your game very much.,
Impact\Content\Maps\Chapters\Chapter11\KNE_PetyaAlmostConsumed\PetyaAlmostConsumed_L2\Ch11_KNE_PetyaAlmostConsumed_Serdar_AreYouAlright_Sub.json,Are you alright?!,
Impact\Content\Maps\Chapters\Chapter11\KNE_PetyaAlmostConsumed\PetyaAlmostConsumed_L2\Ch11_KNE_PetyaAlmostConsumed_Serdar_IDonShould_Sub.json,I don’t know... But you should turn back.,
Impact\Content\Maps\Chapters\Chapter11\KNE_PetyaAlmostConsumed\PetyaAlmostConsumed_L2\Ch11_KNE_PetyaAlmostConsumed_Serdar_IDonShould_Sub.json,It’s not safe for you here...,
Impact\Content\Maps\Chapters\Chapter11\KNE_PetyaAlmostConsumed\PetyaAlmostConsumed_L2\Ch11_KNE_PetyaAlmostConsumed_Serdar_ItOkNow_Sub.json,"It's OK now, boy, it's OK...",
Impact\Content\Maps\Chapters\Chapter11\KNE_PetyaAlmostConsumed\PetyaAlmostConsumed_L2\Ch11_KNE_PetyaAlmostConsumed_Serdar_ItOkNow_Sub.json,You saw dead people?,
Impact\Content\Maps\Chapters\Chapter11\KNE_PetyaAlmostConsumed\PetyaAlmostConsumed_L2\Ch11_KNE_PetyaAlmostConsumed_Serdar_IWillFind_Sub.json,I will find her for us both--,
Impact\Content\Maps\Chapters\Chapter11\KNE_PetyaAlmostConsumed\PetyaAlmostConsumed_L2\Ch11_KNE_PetyaAlmostConsumed_Serdar_Petya_Sub.json,PETYA!,
Impact\Content\Maps\Chapters\Chapter11\KNE_PetyaAlmostConsumed\PetyaAlmostConsumed_L2\Ch11_KNE_PetyaAlmostConsumed_Serdar_YesStartingTo_Sub.json,Yes. I'm starting to know the way.,
Impact\Content\Maps\Chapters\Chapter11\KNE_PetyaAlmostConsumed\PetyaAlmostConsumed_L2\Ch11_KNE_PetyaAlmostConsumed_Serdar_YouSupposedTo_Sub.json,'You're supposed to meet her at the station.',
Impact\Content\Maps\Chapters\Chapter11\KNE_PetyaAlmostConsumed\PetyaAlmostConsumed_L2\Ch11_KNE_Terminus_Petya_IDonCool_Sub.json,I don’t.,
Impact\Content\Maps\Chapters\Chapter11\KNE_PetyaAlmostConsumed\PetyaAlmostConsumed_L2\Ch11_KNE_Terminus_Petya_IDonCool_Sub.json,It’s kinda cool to live with Genghis Khan!,
Impact\Content\Maps\Chapters\Chapter11\KNE_PetyaAlmostConsumed\PetyaAlmostConsumed_L2\Ch11_KNE_Terminus_Petya_IDonCool_Sub.json,"So, I will call you by your real name.",
Impact\Content\Maps\Chapters\Chapter11\KNE_PetyaAlmostConsumed\PetyaAlmostConsumed_L2\Ch11_KNE_Terminus_Petya_SoYouAnd_Sub.json,So… You and mom…,
Impact\Content\Maps\Chapters\Chapter11\KNE_PetyaAlmostConsumed\PetyaAlmostConsumed_L2\Ch11_KNE_Terminus_Petya_SoYouAnd_Sub.json,When we find her…,
Impact\Content\Maps\Chapters\Chapter11\KNE_PetyaAlmostConsumed\PetyaAlmostConsumed_L2\Ch11_KNE_Terminus_Petya_SoYouAnd_Sub.json,Are you going to stay with us?,
Impact\Content\Maps\Chapters\Chapter11\KNE_PetyaAlmostConsumed\PetyaAlmostConsumed_L2\Ch11_KNE_Terminus_Serdar_IMightYou_Sub.json,"I might. If you don’t mind, of course.",
Impact\Content\Maps\Chapters\Chapter11\KNE_PetyaAlmostConsumed\PetyaAlmostConsumed_L2\Ch11_KNE_Terminus_Serdar_OkayYouWon_Sub.json,Okay. You won.,
Impact\Content\Maps\Chapters\Chapter11\KNE_PetyaAlmostConsumed\PetyaAlmostConsumed_L2\Ch11_KNE_Terminus_Serdar_OkayYouWon_Sub.json,Khan it is.,
Impact\Content\Maps\Chapters\Chapter11\KNE_Terminus\Terminus_L2\Ch11_KNE_Terminus_Petya_AdaptiveOutburst_Sub.json,She was there holding my hand.,
Impact\Content\Maps\Chapters\Chapter11\KNE_Terminus\Terminus_L2\Ch11_KNE_Terminus_Petya_AdaptiveOutburst_Sub.json,And then people started shoving and she was just gone...,
Impact\Content\Maps\Chapters\Chapter11\KNE_Terminus\Terminus_L2\Ch11_KNE_Terminus_Petya_AdaptiveOutburst_Sub.json,But she didn't FEEL gone!,
Impact\Content\Maps\Chapters\Chapter11\KNE_Terminus\Terminus_L2\Ch11_KNE_Terminus_Petya_AdaptiveOutburst_Sub.json,She should have been right there!,
Impact\Content\Maps\Chapters\Chapter11\KNE_Terminus\Terminus_L2\Ch11_KNE_Terminus_Petya_AdaptiveTalk_Sub.json,Why couldn't I see her??,
Impact\Content\Maps\Chapters\Chapter11\KNE_Terminus\Terminus_L2\Ch11_KNE_Terminus_Petya_AdaptiveTalk_Sub.json,Why did it make you sad?,
Impact\Content\Maps\Chapters\Chapter11\KNE_Terminus\Terminus_L2\Ch11_KNE_Terminus_Petya_AdaptiveTalk_Sub.json,I'm sorry.,
Impact\Content\Maps\Chapters\Chapter11\KNE_Terminus\Terminus_L2\Ch11_KNE_Terminus_Petya_AdaptiveTalk_Sub.json,...you promise you'll find her?,
Impact\Content\Maps\Chapters\Chapter11\KNE_Terminus\Terminus_L2\Ch11_KNE_Terminus_Petya_BenchTalk_Sub.json,I don’t know what is happening to me.,
Impact\Content\Maps\Chapters\Chapter11\KNE_Terminus\Terminus_L2\Ch11_KNE_Terminus_Petya_BenchTalk_Sub.json,I have never been so tired.,
Impact\Content\Maps\Chapters\Chapter11\KNE_Terminus\Terminus_L2\Ch11_KNE_Terminus_Petya_BenchTalk_Sub.json,This thing took all my strength.,
Impact\Content\Maps\Chapters\Chapter11\KNE_Terminus\Terminus_L2\Ch11_KNE_Terminus_Petya_BenchTalk_Sub.json,"You're not going to let me come to the end of it, are you?",
Impact\Content\Maps\Chapters\Chapter11\KNE_Terminus\Terminus_L2\Ch11_KNE_Terminus_Petya_BenchTalk_Sub.json,But what if I never see her again?,
Impact\Content\Maps\Chapters\Chapter11\KNE_Terminus\Terminus_L2\Ch11_KNE_Terminus_Petya_BenchTalk_Sub.json,You don't understand!,
Impact\Content\Maps\Chapters\Chapter11\KNE_Terminus\Terminus_L2\Ch11_KNE_Terminus_Petya_CryingBenchReminder1_Sub.json,"I'm sorry, momma...",
Impact\Content\Maps\Chapters\Chapter11\KNE_Terminus\Terminus_L2\Ch11_KNE_Terminus_Petya_CryingBenchReminder2_Sub.json,It's not fair...,
Impact\Content\Maps\Chapters\Chapter11\KNE_Terminus\Terminus_L2\Ch11_KNE_Terminus_Petya_CryingBenchReminder3_Sub.json,I can't do it...,
Impact\Content\Maps\Chapters\Chapter11\KNE_Terminus\Terminus_L2\Ch11_KNE_Terminus_Petya_CryingBenchReminder6_Sub.json,I'm trying so hard...,
Impact\Content\Maps\Chapters\Chapter11\KNE_Terminus\Terminus_L2\Ch11_KNE_Terminus_Petya_DoorTalk_Sub.json,"This place seems OK, right?",
Impact\Content\Maps\Chapters\Chapter11\KNE_Terminus\Terminus_L2\Ch11_KNE_Terminus_Petya_DoorTalk_Sub.json,"Like it's safe, somehow?",
Impact\Content\Maps\Chapters\Chapter11\KNE_Terminus\Terminus_L2\Ch11_KNE_Terminus_Petya_DoorTalk_Sub.json,Did you know that already??,
Impact\Content\Maps\Chapters\Chapter11\KNE_Terminus\Terminus_L2\Ch11_KNE_Terminus_Petya_DoorTalk_Sub.json,This door.,
Impact\Content\Maps\Chapters\Chapter11\KNE_Terminus\Terminus_L2\Ch11_KNE_Terminus_Petya_DoorTalk_Sub.json,I can hear her behind it...,
Impact\Content\Maps\Chapters\Chapter11\KNE_Terminus\Terminus_L2\Ch11_KNE_Terminus_Petya_DoorTalk_Sub.json,You should start there.,
Impact\Content\Maps\Chapters\Chapter11\KNE_Terminus\Terminus_L2\Ch11_KNE_Terminus_Petya_Intro_Sub.json,What is this place?,
Impact\Content\Maps\Chapters\Chapter11\KNE_Terminus\Terminus_L2\Ch11_KNE_Terminus_Petya_Intro_Sub.json,Only it's not.,
Impact\Content\Maps\Chapters\Chapter11\KNE_Terminus\Terminus_L2\Ch11_KNE_Terminus_Petya_LeaveReminder1_Sub.json,I'll be alright. Just...,
Impact\Content\Maps\Chapters\Chapter11\KNE_Terminus\Terminus_L2\Ch11_KNE_Terminus_Petya_LeaveReminder1_Sub.json,"bring her back soon, OK?",
Impact\Content\Maps\Chapters\Chapter11\KNE_Terminus\Terminus_L2\Ch11_KNE_Terminus_Petya_LeaveReminder2_Sub.json,You don't have to worry about me.,
Impact\Content\Maps\Chapters\Chapter11\KNE_Terminus\Terminus_L2\Ch11_KNE_Terminus_Petya_LeaveReminder2_Sub.json,I'll stay right here.,
Impact\Content\Maps\Chapters\Chapter11\KNE_Terminus\Terminus_L2\Ch11_KNE_Terminus_Petya_LeaveReminder6_Sub.json,It's getting harder to hear her.,
Impact\Content\Maps\Chapters\Chapter11\KNE_Terminus\Terminus_L2\Ch11_KNE_Terminus_Petya_LeaveReminder6_Sub.json,You should get going.,
Impact\Content\Maps\Chapters\Chapter11\KNE_Terminus\Terminus_L2\Ch11_KNE_Terminus_Petya_ToBench_Sub.json,"Can we rest, just a minute?",
Impact\Content\Maps\Chapters\Chapter11\KNE_Terminus\Terminus_L2\Ch11_KNE_Terminus_Serdar_AManLearns_Sub.json,A man learns to listen when the Metro speaks.,
Impact\Content\Maps\Chapters\Chapter11\KNE_Terminus\Terminus_L2\Ch11_KNE_Terminus_Serdar_BecauseIDidn_Sub.json,Because I didn't believe a bandana could bring her son back to her...,
Impact\Content\Maps\Chapters\Chapter11\KNE_Terminus\Terminus_L2\Ch11_KNE_Terminus_Serdar_BecauseIDidn_Sub.json,and that made me feel helpless.,
Impact\Content\Maps\Chapters\Chapter11\KNE_Terminus\Terminus_L2\Ch11_KNE_Terminus_Serdar_IBelieveThat_Sub.json,I believe that's a good idea.,
Impact\Content\Maps\Chapters\Chapter11\KNE_Terminus\Terminus_L2\Ch11_KNE_Terminus_Serdar_IfIHad_Sub.json,"If I had to hazard a guess, I'd say it's an abandoned Metro station, only...",
Impact\Content\Maps\Chapters\Chapter11\KNE_Terminus\Terminus_L2\Ch11_KNE_Terminus_Serdar_INeverUnderstood_Sub.json,"I never understood why your mother wore the same bandana over and over, and one day,",
Impact\Content\Maps\Chapters\Chapter11\KNE_Terminus\Terminus_L2\Ch11_KNE_Terminus_Serdar_INeverUnderstood_Sub.json,she told me she used to clean you with it when you were a baby.,
Impact\Content\Maps\Chapters\Chapter11\KNE_Terminus\Terminus_L2\Ch11_KNE_Terminus_Serdar_INeverUnderstood_Sub.json,"But then after she told me that story, any time I saw the bandana,",
Impact\Content\Maps\Chapters\Chapter11\KNE_Terminus\Terminus_L2\Ch11_KNE_Terminus_Serdar_INeverUnderstood_Sub.json,it made me feel very sad.,
Impact\Content\Maps\Chapters\Chapter11\KNE_Terminus\Terminus_L2\Ch11_KNE_Terminus_Serdar_IThinkYour_Sub.json,I think your mother would be very angry with me if I did.,
Impact\Content\Maps\Chapters\Chapter11\KNE_Terminus\Terminus_L2\Ch11_KNE_Terminus_Serdar_IThinkYour_Sub.json,"Though to be honest, I'm not sure the option was ours to begin with.",
Impact\Content\Maps\Chapters\Chapter11\KNE_Terminus\Terminus_L2\Ch11_KNE_Terminus_Serdar_MaybeItThe_Sub.json,"Maybe it’s for the good, you know.",
Impact\Content\Maps\Chapters\Chapter11\KNE_Terminus\Terminus_L2\Ch11_KNE_Terminus_Serdar_NoIDidn_Sub.json,"No, Petya.",
Impact\Content\Maps\Chapters\Chapter11\KNE_Terminus\Terminus_L2\Ch11_KNE_Terminus_Serdar_NoIDidn_Sub.json,What I didn't understand was that the bandana wasn't there to help her find you.,
Impact\Content\Maps\Chapters\Chapter11\KNE_Terminus\Terminus_L2\Ch11_KNE_Terminus_Serdar_NoIDidn_Sub.json,"It was a gift, so that I could.",
Impact\Content\Maps\Chapters\Chapter11\KNE_Terminus\Terminus_L2\Ch11_KNE_Terminus_Serdar_OfCourseYou_Sub.json,Of course you will.,
Impact\Content\Maps\Chapters\Chapter11\KNE_Terminus\Terminus_L2\Ch11_KNE_Terminus_Serdar_TellMeStill_Sub.json,Tell me. Do you still have your mother's bandana?,
Impact\Content\Maps\Chapters\Chapter11\KNE_Terminus\Terminus_L2\Ch11_KNE_Terminus_Serdar_ThankYouAnd_Sub.json,"Thank you, Petya. Your mother and I will see you very soon.",
Impact\Content\Maps\Chapters\Chapter11\TRAV_ToCatacombs\GettingOffTheTrolley\Ch11_TRAV_ToCatacombs_Petya_ILikeMy_Sub.json,I’m like my mom. Sometimes I just know.,
Impact\Content\Maps\Chapters\Chapter11\TRAV_ToCatacombs\GettingOffTheTrolley\Ch11_TRAV_ToCatacombs_Petya_LikeALibrary_Sub.json,Like a library only with memories of people instead of books.,
Impact\Content\Maps\Chapters\Chapter11\TRAV_ToCatacombs\GettingOffTheTrolley\Ch11_TRAV_ToCatacombs_Petya_LikeALibrary_Sub.json,Memories of what they once were.,
Impact\Content\Maps\Chapters\Chapter11\TRAV_ToCatacombs\GettingOffTheTrolley\Ch11_TRAV_ToCatacombs_Petya_LikeALibrary_Sub.json,"Everyone's got a story, right?",
Impact\Content\Maps\Chapters\Chapter11\TRAV_ToCatacombs\GettingOffTheTrolley\Ch11_TRAV_ToCatacombs_Petya_NoSomewhereOn_Sub.json,"No, she's somewhere on the other side of...",
Impact\Content\Maps\Chapters\Chapter11\TRAV_ToCatacombs\GettingOffTheTrolley\Ch11_TRAV_ToCatacombs_Petya_NoSomewhereOn_Sub.json,whatever's down there.,
Impact\Content\Maps\Chapters\Chapter11\TRAV_ToCatacombs\GettingOffTheTrolley\Ch11_TRAV_ToCatacombs_Petya_TheyCanUp_Sub.json,They can’t wake up.,
Impact\Content\Maps\Chapters\Chapter11\TRAV_ToCatacombs\GettingOffTheTrolley\Ch11_TRAV_ToCatacombs_Petya_TheyCanUp_Sub.json,They’re just bones. They’re not human.,
Impact\Content\Maps\Chapters\Chapter11\TRAV_ToCatacombs\GettingOffTheTrolley\Ch11_TRAV_ToCatacombs_Petya_TheyCanUp_Sub.json,They’re just empty shells.,
Impact\Content\Maps\Chapters\Chapter11\TRAV_ToCatacombs\GettingOffTheTrolley\Ch11_TRAV_ToCatacombs_Petya_TheyCanUp_Sub.json,Something that made them human left them.,
Impact\Content\Maps\Chapters\Chapter11\TRAV_ToCatacombs\GettingOffTheTrolley\Ch11_TRAV_ToCatacombs_Petya_TheyCanUp_Sub.json,Something very important.,
Impact\Content\Maps\Chapters\Chapter11\TRAV_ToCatacombs\GettingOffTheTrolley\Ch11_TRAV_ToCatacombs_Petya_TheyCanUp_Sub.json,I can feel it.,
Impact\Content\Maps\Chapters\Chapter11\TRAV_ToCatacombs\GettingOffTheTrolley\Ch11_TRAV_ToCatacombs_Petya_ThisIsThe_Sub.json,"This is the right way, but...",
Impact\Content\Maps\Chapters\Chapter11\TRAV_ToCatacombs\GettingOffTheTrolley\Ch11_TRAV_ToCatacombs_Petya_ThisIsThe_Sub.json,something about this place creeps me out.,
Impact\Content\Maps\Chapters\Chapter11\TRAV_ToCatacombs\GettingOffTheTrolley\Ch11_TRAV_ToCatacombs_Petya_WeCanGo_Sub.json,"We can go this way, if we have to.",
Impact\Content\Maps\Chapters\Chapter11\TRAV_ToCatacombs\GettingOffTheTrolley\Ch11_TRAV_ToCatacombs_Petya_WeCanGo_Sub.json,What I feel... Is a lot of sadness...,
Impact\Content\Maps\Chapters\Chapter11\TRAV_ToCatacombs\GettingOffTheTrolley\Ch11_TRAV_ToCatacombs_Petya_WeCanGo_Sub.json,Coming from down there...,
Impact\Content\Maps\Chapters\Chapter11\TRAV_ToCatacombs\GettingOffTheTrolley\Ch11_TRAV_ToCatacombs_Petya_WeCanGo_Sub.json,Sadness and something else...,
Impact\Content\Maps\Chapters\Chapter11\TRAV_ToCatacombs\GettingOffTheTrolley\Ch11_TRAV_ToCatacombs_Petya_WhatAreThose_Sub.json,What are those?,
Impact\Content\Maps\Chapters\Chapter11\TRAV_ToCatacombs\GettingOffTheTrolley\Ch11_TRAV_ToCatacombs_Petya_WhatAreThose_Sub.json,Creeps?,
Impact\Content\Maps\Chapters\Chapter11\TRAV_ToCatacombs\GettingOffTheTrolley\Ch11_TRAV_ToCatacombs_Petya_WhatIsThis_Sub.json,What is this place?,
Impact\Content\Maps\Chapters\Chapter11\TRAV_ToCatacombs\GettingOffTheTrolley\Ch11_TRAV_ToCatacombs_Serdar_IFeelSomething_Sub.json,I feel something too.,
Impact\Content\Maps\Chapters\Chapter11\TRAV_ToCatacombs\GettingOffTheTrolley\Ch11_TRAV_ToCatacombs_Serdar_IFeelSomething_Sub.json,"Your mother's not in there, is she?",
Impact\Content\Maps\Chapters\Chapter11\TRAV_ToCatacombs\GettingOffTheTrolley\Ch11_TRAV_ToCatacombs_Serdar_OhProbablyLooks_Sub.json,These are the crypts.,
Impact\Content\Maps\Chapters\Chapter11\TRAV_ToCatacombs\GettingOffTheTrolley\Ch11_TRAV_ToCatacombs_Serdar_OkayCanHandle_Sub.json,Okay. I can handle sadness.,
Impact\Content\Maps\Chapters\Chapter11\TRAV_ToCatacombs\GettingOffTheTrolley\Ch11_TRAV_ToCatacombs_Serdar_OkayCanHandle_Sub.json,And we’ll see about anything else.,
Impact\Content\Maps\Chapters\Chapter11\TRAV_ToCatacombs\GettingOffTheTrolley\Ch11_TRAV_ToCatacombs_Serdar_TheyLikeCemeteries_Sub.json,They’re like cemeteries.,
Impact\Content\Maps\Chapters\Chapter11\TRAV_ToCatacombs\GettingOffTheTrolley\Ch11_TRAV_ToCatacombs_Serdar_TheyLikeCemeteries_Sub.json,But all underground.,
Impact\Content\Maps\Chapters\Chapter11\TRAV_ToCatacombs\GettingOffTheTrolley\Ch11_TRAV_ToCatacombs_Serdar_Yes_Sub.json,Yes... Right.,
Impact\Content\Maps\Chapters\Chapter11\TRAV_ToCatacombs\GettingOffTheTrolley\Ch11_TRAV_ToCatacombs_Serdar_YouAreSo_Sub.json,You are so very right.,
Impact\Content\Maps\Chapters\Chapter11\TRAV_ToCatacombs\GettingOffTheTrolley\Ch11_TRAV_ToCatacombs_Serdar_YouAreSo_Sub.json,Wow. How can you be so knowledgeable at your age?,
Impact\Content\Maps\Chapters\Chapter11\TRAV_ToTheDark\MessHall\Ch11_TRAV_ToTheDark_Petya_DoYouRemember_Sub.json,Do you remember all the battles you fought in?,
Impact\Content\Maps\Chapters\Chapter11\TRAV_ToTheDark\MessHall\Ch11_TRAV_ToTheDark_Petya_GenghisKhan_Sub.json,Genghis Khan!,
Impact\Content\Maps\Chapters\Chapter11\TRAV_ToTheDark\MessHall\Ch11_TRAV_ToTheDark_Petya_IFiguredIt_Sub.json,I figured it out!,
Impact\Content\Maps\Chapters\Chapter11\TRAV_ToTheDark\MessHall\Ch11_TRAV_ToTheDark_Petya_ISorry_Sub.json,I'm sorry.,
Impact\Content\Maps\Chapters\Chapter11\TRAV_ToTheDark\MessHall\Ch11_TRAV_ToTheDark_Petya_ManyTimesConfused_Sub.json,Many times! But you confused me!,
Impact\Content\Maps\Chapters\Chapter11\TRAV_ToTheDark\MessHall\Ch11_TRAV_ToTheDark_Petya_ManyTimesConfused_Sub.json,You told me you were Serdar.,
Impact\Content\Maps\Chapters\Chapter11\TRAV_ToTheDark\MessHall\Ch11_TRAV_ToTheDark_Petya_MomDidMention_Sub.json,Mom did mention you!,
Impact\Content\Maps\Chapters\Chapter11\TRAV_ToTheDark\MessHall\Ch11_TRAV_ToTheDark_Petya_NoYouCan_Sub.json,No. But you can still make up for what you did.,
Impact\Content\Maps\Chapters\Chapter11\TRAV_ToTheDark\MessHall\Ch11_TRAV_ToTheDark_Petya_NoYouCan_Sub.json,"And I think, you are trying already.",
Impact\Content\Maps\Chapters\Chapter11\TRAV_ToTheDark\MessHall\Ch11_TRAV_ToTheDark_Petya_NoYouCan_Sub.json,Did you become a doctor just by chance?,
Impact\Content\Maps\Chapters\Chapter11\TRAV_ToTheDark\MessHall\Ch11_TRAV_ToTheDark_Petya_OnlyMomCalled_Sub.json,Only mom called you your real name.,
Impact\Content\Maps\Chapters\Chapter11\TRAV_ToTheDark\MessHall\Ch11_TRAV_ToTheDark_Petya_SheAlwaysCalled_Sub.json,She always called you Genghis Khan!,
Impact\Content\Maps\Chapters\Chapter11\TRAV_ToTheDark\MessHall\Ch11_TRAV_ToTheDark_Petya_SheAlwaysCalled_Sub.json,"And sometimes Khan, cause Genghis Khan is too long!",
Impact\Content\Maps\Chapters\Chapter11\TRAV_ToTheDark\MessHall\Ch11_TRAV_ToTheDark_Petya_SheSaidYou_Sub.json,She said you were reincarnated and she heard you talk like him!,
Impact\Content\Maps\Chapters\Chapter11\TRAV_ToTheDark\MessHall\Ch11_TRAV_ToTheDark_Petya_SheSaidYou_Sub.json,How cool is that?,
Impact\Content\Maps\Chapters\Chapter11\TRAV_ToTheDark\MessHall\Ch11_TRAV_ToTheDark_Petya_SoKeepDoing_Sub.json,So keep doing it.,
Impact\Content\Maps\Chapters\Chapter11\TRAV_ToTheDark\MessHall\Ch11_TRAV_ToTheDark_Petya_YouALegend_Sub.json,You're a legend! The Mighty Khan!,
Impact\Content\Maps\Chapters\Chapter11\TRAV_ToTheDark\MessHall\Ch11_TRAV_ToTheDark_Petya_YouALegend_Sub.json,Fearless warrior!,
Impact\Content\Maps\Chapters\Chapter11\TRAV_ToTheDark\MessHall\Ch11_TRAV_ToTheDark_Petya_YouALegend_Sub.json,Ruler of the largest empire known to man!,
Impact\Content\Maps\Chapters\Chapter11\TRAV_ToTheDark\MessHall\Ch11_TRAV_ToTheDark_Serdar_IDonFelt_Sub.json,I don’t know. I just felt like helping those I could help.,
Impact\Content\Maps\Chapters\Chapter11\TRAV_ToTheDark\MessHall\Ch11_TRAV_ToTheDark_Serdar_IHadThat_Sub.json,I had that dream of being Genghis Khan.,
Impact\Content\Maps\Chapters\Chapter11\TRAV_ToTheDark\MessHall\Ch11_TRAV_ToTheDark_Serdar_IHadThat_Sub.json,"In it, I was told that I had been blind to the evil I had brought to this world.",
Impact\Content\Maps\Chapters\Chapter11\TRAV_ToTheDark\MessHall\Ch11_TRAV_ToTheDark_Serdar_IHadThat_Sub.json,"And now that I’m born again, I’ll be able to see it clearly.",
Impact\Content\Maps\Chapters\Chapter11\TRAV_ToTheDark\MessHall\Ch11_TRAV_ToTheDark_Serdar_IHadThat_Sub.json,"But do you get why I don’t want to be that person again, Petya?",
Impact\Content\Maps\Chapters\Chapter11\TRAV_ToTheDark\MessHall\Ch11_TRAV_ToTheDark_Serdar_IHadThat_Sub.json,I don’t want to conquer the world!,
Impact\Content\Maps\Chapters\Chapter11\TRAV_ToTheDark\MessHall\Ch11_TRAV_ToTheDark_Serdar_ItJustA_Sub.json,It's just a story--,
Impact\Content\Maps\Chapters\Chapter11\TRAV_ToTheDark\MessHall\Ch11_TRAV_ToTheDark_Serdar_ItNotCool_Sub.json,It's not! It's not cool.,
Impact\Content\Maps\Chapters\Chapter11\TRAV_ToTheDark\MessHall\Ch11_TRAV_ToTheDark_Serdar_ItNotCool_Sub.json,"The man was a vicious, brutal killer who was responsible for the deaths of millions,",
Impact\Content\Maps\Chapters\Chapter11\TRAV_ToTheDark\MessHall\Ch11_TRAV_ToTheDark_Serdar_ItNotCool_Sub.json,who executed thousands of prisoners in one day!,
Impact\Content\Maps\Chapters\Chapter11\TRAV_ToTheDark\MessHall\Ch11_TRAV_ToTheDark_Serdar_ItNotCool_Sub.json,Why would anyone want to be such man!,
Impact\Content\Maps\Chapters\Chapter11\TRAV_ToTheDark\MessHall\Ch11_TRAV_ToTheDark_Serdar_NoDonWhat_Sub.json,"No. I don't know what Yana told you, but--",
Impact\Content\Maps\Chapters\Chapter11\TRAV_ToTheDark\MessHall\Ch11_TRAV_ToTheDark_Serdar_NoSorryMad_Sub.json,"No, Petya, I'm sorry.",
Impact\Content\Maps\Chapters\Chapter11\TRAV_ToTheDark\MessHall\Ch11_TRAV_ToTheDark_Serdar_NoSorryMad_Sub.json,I'm not mad. I just...,
Impact\Content\Maps\Chapters\Chapter11\TRAV_ToTheDark\MessHall\Ch11_TRAV_ToTheDark_Serdar_NoSorryMad_Sub.json,I don't know...,
Impact\Content\Maps\Chapters\Chapter11\TRAV_ToTheDark\MessHall\Ch11_TRAV_ToTheDark_Serdar_OhDid_Sub.json,"Oh, she did, after all?",
Impact\Content\Maps\Chapters\Chapter11\TRAV_ToTheDark\MessHall\Ch11_TRAV_ToTheDark_Serdar_Petya_Sub.json,"Petya, stop.",
Impact\Content\Maps\Chapters\Chapter11\TRAV_ToTheDark\MessHall\Ch11_TRAV_ToTheDark_Serdar_ThisIsMy_Sub.json,"This is my name, I told you the truth.",
Impact\Content\Maps\Chapters\Chapter11\TRAV_ToTheDark\MessHall\Ch11_TRAV_ToTheDark_Serdar_WhatAreYou_Sub.json,What are you talking about?,
Impact\Content\Maps\Chapters\Chapter11\TRAV_ToTheDark\MessHall\Ch11_TRAV_ToTheDark_Serdar_WhatLong_Sub.json,What...?,
Impact\Content\Maps\Chapters\Chapter11\TRAV_ToTheDark\MessHall\Ch11_TRAV_ToTheDark_Serdar_WhatShort_Sub.json,What?,
Impact\Content\Maps\Chapters\Chapter11\TRAV_ToTheDark\ToDarkVents\Ch11_TRAV_ToTheDark_Petya_UhItHave_Sub.json,Uh-huh.,
Impact\Content\Maps\Chapters\Chapter11\TRAV_ToTheDark\ToDarkVents\Ch11_TRAV_ToTheDark_Petya_UhItHave_Sub.json,Does it have to do with all the sirens and the trains?,
Impact\Content\Maps\Chapters\Chapter11\TRAV_ToTheDark\ToDarkVents\Ch11_TRAV_ToTheDark_Petya_WhatWasThat_Sub.json,What was that??,
Impact\Content\Maps\Chapters\Chapter11\TRAV_ToTheDark\ToDarkVents\Ch11_TRAV_ToTheDark_Serdar_IDonSo_Sub.json,I don’t think so.,
Impact\Content\Maps\Chapters\Chapter11\TRAV_ToTheDark\ToDarkVents\Ch11_TRAV_ToTheDark_Serdar_IDonSo_Sub.json,It’s something else... Something I don’t yet understand.,
Impact\Content\Maps\Chapters\Chapter11\TRAV_ToTheDark\ToDarkVents\Ch11_TRAV_ToTheDark_Serdar_IDonSo_Sub.json,But... I saw it hurting... People.,
Impact\Content\Maps\Chapters\Chapter11\TRAV_ToTheDark\ToDarkVents\Ch11_TRAV_ToTheDark_Serdar_IDonSo_Sub.json,Let's move fast; these shafts aren't the ideal place to be right now.,
Impact\Content\Maps\Chapters\Chapter11\TRAV_ToTheDark\ToDarkVents\Ch11_TRAV_ToTheDark_Serdar_YouFeltIt_Sub.json,You felt it?,
Impact\Content\Maps\Chapters\Chapter11\TROL_ToHellsMouth\AfterVortexChatter\Ch11_TROL_ToHellsMouth_Petya_ButItCan_Sub.json,"But it can’t hurt me, cause I’m not dead, right?",
Impact\Content\Maps\Chapters\Chapter11\TROL_ToHellsMouth\AfterVortexChatter\Ch11_TROL_ToHellsMouth_Petya_ICanHer_Sub.json,I can't hear her over these tracks.,
Impact\Content\Maps\Chapters\Chapter11\TROL_ToHellsMouth\AfterVortexChatter\Ch11_TROL_ToHellsMouth_Petya_ICanHer_Sub.json,Everything is just so loud...,
Impact\Content\Maps\Chapters\Chapter11\TROL_ToHellsMouth\AfterVortexChatter\Ch11_TROL_ToHellsMouth_Petya_IFiguredOk_Sub.json,I figured. I'll be ok.,
Impact\Content\Maps\Chapters\Chapter11\TROL_ToHellsMouth\AfterVortexChatter\Ch11_TROL_ToHellsMouth_Petya_TheyDeadBefore_Sub.json,"They, like, were dead before...",
Impact\Content\Maps\Chapters\Chapter11\TROL_ToHellsMouth\AfterVortexChatter\Ch11_TROL_ToHellsMouth_Petya_TheyDeadBefore_Sub.json,But still carried on somehow...,
Impact\Content\Maps\Chapters\Chapter11\TROL_ToHellsMouth\AfterVortexChatter\Ch11_TROL_ToHellsMouth_Petya_TheyDeadBefore_Sub.json,"Like, not their bodies, but their essence...",
Impact\Content\Maps\Chapters\Chapter11\TROL_ToHellsMouth\AfterVortexChatter\Ch11_TROL_ToHellsMouth_Petya_TheyDeadBefore_Sub.json,"What was inside the shell, you know?",
Impact\Content\Maps\Chapters\Chapter11\TROL_ToHellsMouth\AfterVortexChatter\Ch11_TROL_ToHellsMouth_Petya_TheyDeadBefore_Sub.json,"That... And the bad thing, it was dissolving them, destroying them forever.",
Impact\Content\Maps\Chapters\Chapter11\TROL_ToHellsMouth\AfterVortexChatter\Ch11_TROL_ToHellsMouth_Petya_TheyDeadBefore_Sub.json,This was the real end for them.,
Impact\Content\Maps\Chapters\Chapter11\TROL_ToHellsMouth\AfterVortexChatter\Ch11_TROL_ToHellsMouth_Petya_TheyDeadBefore_Sub.json,And they were in pain.,
Impact\Content\Maps\Chapters\Chapter11\TROL_ToHellsMouth\AfterVortexChatter\Ch11_TROL_ToHellsMouth_Petya_TheyDeadBefore_Sub.json,And so angry.,
Impact\Content\Maps\Chapters\Chapter11\TROL_ToHellsMouth\AfterVortexChatter\Ch11_TROL_ToHellsMouth_Petya_TheyDeadBefore_Sub.json,And this thing was... Preying on their anger.,
Impact\Content\Maps\Chapters\Chapter11\TROL_ToHellsMouth\AfterVortexChatter\Ch11_TROL_ToHellsMouth_Petya_TheyDeadBefore_Sub.json,Turning them into itself.,
Impact\Content\Maps\Chapters\Chapter11\TROL_ToHellsMouth\AfterVortexChatter\Ch11_TROL_ToHellsMouth_Petya_TheyDeadBefore_Sub.json,Into nothing. Feeding on them.,
Impact\Content\Maps\Chapters\Chapter11\TROL_ToHellsMouth\AfterVortexChatter\Ch11_TROL_ToHellsMouth_Petya_TheyDeadBefore_Sub.json,And growing bigger. And stronger.,
Impact\Content\Maps\Chapters\Chapter11\TROL_ToHellsMouth\AfterVortexChatter\Ch11_TROL_ToHellsMouth_Serdar_HopefullyWeMoving_Sub.json,Hopefully we'll be moving too fast for it to catch us.,
Impact\Content\Maps\Chapters\Chapter11\TROL_ToHellsMouth\AfterVortexChatter\Ch11_TROL_ToHellsMouth_Serdar_HopefullyWeMoving_Sub.json,Can you still hear your mom?,
Impact\Content\Maps\Chapters\Chapter11\TROL_ToHellsMouth\AfterVortexChatter\Ch11_TROL_ToHellsMouth_Serdar_ISorryTo_Sub.json,"I'm sorry, Petya, but we're going to have some trouble.",
Impact\Content\Maps\Chapters\Chapter11\TROL_ToHellsMouth\AfterVortexChatter\Ch11_TROL_ToHellsMouth_Serdar_SoToldMe_Sub.json,So... You told me...,
Impact\Content\Maps\Chapters\Chapter11\TROL_ToHellsMouth\AfterVortexChatter\Ch11_TROL_ToHellsMouth_Serdar_SoToldMe_Sub.json,There were dead people in that bad thing...,
Impact\Content\Maps\Chapters\Chapter11\TROL_ToHellsMouth\AfterVortexChatter\Ch11_TROL_ToHellsMouth_Serdar_SoToldMe_Sub.json,And they were dying still?,
Impact\Content\Maps\Chapters\Chapter11\TROL_ToHellsMouth\AfterVortexChatter\Ch11_TROL_ToHellsMouth_Serdar_SoToldMe_Sub.json,"I am sorry, I just want to understand...",
Impact\Content\Maps\Chapters\Chapter11\TROL_ToHellsMouth\AfterVortexChatter\Ch11_TROL_ToHellsMouth_Serdar_Wow_Sub.json,Wow. Damnit.,
Impact\Content\Maps\Chapters\Chapter11\TROL_ToHellsMouth\ArriveAtTerminus\Ch11_TROL_ToHellsMouth_Petya_DidWeRun_Sub.json,Did we run out of gas again?,
Impact\Content\Maps\Chapters\Chapter11\TROL_ToHellsMouth\ArriveAtTerminus\Ch11_TROL_ToHellsMouth_Serdar_IThinkWe_Sub.json,I think we're alright--,
Impact\Content\Maps\Chapters\Chapter11\TROL_ToHellsMouth\ArriveAtTerminus\Ch11_TROL_ToHellsMouth_Serdar_NoBelieveWe_Sub.json,No. I believe we have simply reached our destination.,
Impact\Content\Maps\Chapters\Chapter11\TROL_ToHellsMouth\TrolleyMidway\Ch11_TROL_ToHellsMouth_Petya_BackThereSo_Sub.json,Back there...,
Impact\Content\Maps\Chapters\Chapter11\TROL_ToHellsMouth\TrolleyMidway\Ch11_TROL_ToHellsMouth_Petya_BackThereSo_Sub.json,"it hurt so bad, I...",
Impact\Content\Maps\Chapters\Chapter11\TROL_ToHellsMouth\TrolleyMidway\Ch11_TROL_ToHellsMouth_Petya_BackThereSo_Sub.json,I couldn't even remember who I was.,
Impact\Content\Maps\Chapters\Chapter11\TROL_ToHellsMouth\TrolleyMidway\Ch11_TROL_ToHellsMouth_Petya_BackThereSo_Sub.json,I couldn't remember anybody.,
Impact\Content\Maps\Chapters\Chapter11\TROL_ToHellsMouth\TrolleyMidway\Ch11_TROL_ToHellsMouth_Petya_BackThereSo_Sub.json,If it hadn't let go...,
Impact\Content\Maps\Chapters\Chapter11\TROL_ToHellsMouth\TrolleyMidway\Ch11_TROL_ToHellsMouth_Petya_NoDon_Sub.json,No. You don't.,
Impact\Content\Maps\Chapters\Chapter11\TROL_ToHellsMouth\TrolleyMidway\Ch11_TROL_ToHellsMouth_Serdar_AtLeastThat_Sub.json,At least that darkness hasn't returned; that's something.,
Impact\Content\Maps\Chapters\Chapter11\TROL_ToHellsMouth\TrolleyMidway\Ch11_TROL_ToHellsMouth_Serdar_IKnow_Sub.json,"I know, son. I know.",
Impact\Content\Maps\Chapters\Chapter11\TROL_ToHellsMouth\TrolleyMidway\Ch11_TROL_ToHellsMouth_Serdar_PetyaYouFeeling_Sub.json,"Petya, are you feeling any better now?",
Impact\Content\Maps\Chapters\Chapter11\TTR_EvadeSlavers5\Corpses1\Ch11_TTR_EvadeSlavers5_Corpses1_SlaverElite_AghNotAgain_Sub.json,"Aargh, again with this friggin fusebox??",
Impact\Content\Maps\Chapters\Chapter11\TTR_EvadeSlavers5\Corpses1\Ch11_TTR_EvadeSlavers5_Corpses1_SlaverElite_AghNotAgain_Sub.json,Checking it out!,
Impact\Content\Maps\Chapters\Chapter11\TTR_EvadeSlavers5\Corpses1\Ch11_TTR_EvadeSlavers5_Corpses1_SlaverElite_AghNotAgain_Sub.json,It's like the goddamned electric has a mind of its own around here...,
Impact\Content\Maps\Chapters\Chapter11\TTR_EvadeSlavers5\Corpses1\Ch11_TTR_EvadeSlavers5_Corpses1_SlaverElite_DamnThingsBusted_Sub.json,Piece of shit. Of course it's busted.,
Impact\Content\Maps\Chapters\Chapter11\TTR_EvadeSlavers5\Corpses1\Ch11_TTR_EvadeSlavers5_Corpses1_SlaverElite_DamnThingsBusted_Sub.json,Nothing's ever easy...,
Impact\Content\Maps\Chapters\Chapter11\TTR_EvadeSlavers5\Corpses2\Ch11_TTR_EvadeSlavers5_Corpses2_Slaver1_JustBecauseIts_Sub.json,"I don't know, man.",
Impact\Content\Maps\Chapters\Chapter11\TTR_EvadeSlavers5\Corpses2\Ch11_TTR_EvadeSlavers5_Corpses2_Slaver1_JustBecauseIts_Sub.json,I've heard things down here... seen things...,
Impact\Content\Maps\Chapters\Chapter11\TTR_EvadeSlavers5\Corpses2\Ch11_TTR_EvadeSlavers5_Corpses2_Slaver1_MoveTheseByHand_Sub.json,"God, this is gross.",
Impact\Content\Maps\Chapters\Chapter11\TTR_EvadeSlavers5\Corpses2\Ch11_TTR_EvadeSlavers5_Corpses2_Slaver1_MoveTheseByHand_Sub.json,We couldn't have put them in bags or on stretchers or something?,
Impact\Content\Maps\Chapters\Chapter11\TTR_EvadeSlavers5\Corpses2\Ch11_TTR_EvadeSlavers5_Corpses2_Slaver1_YouDontEven_Sub.json,Somebody said they saw one of those weirdos doing some kind of,
Impact\Content\Maps\Chapters\Chapter11\TTR_EvadeSlavers5\Corpses2\Ch11_TTR_EvadeSlavers5_Corpses2_Slaver1_YouDontEven_Sub.json,voodoo ritual or something after they killed Rostov.,
Impact\Content\Maps\Chapters\Chapter11\TTR_EvadeSlavers5\Corpses2\Ch11_TTR_EvadeSlavers5_Corpses2_Slaver2_HygieneStandards_Sub.json,At least this batch doesn't have huge bites taken out of them.,
Impact\Content\Maps\Chapters\Chapter11\TTR_EvadeSlavers5\Corpses2\Ch11_TTR_EvadeSlavers5_Corpses2_Slaver2_MyOwnBunk_Sub.json,"Ah, people are saying all kinds of crazy shit.",
Impact\Content\Maps\Chapters\Chapter11\TTR_EvadeSlavers5\Corpses2\Ch11_TTR_EvadeSlavers5_Corpses2_Slaver2_MyOwnBunk_Sub.json,"They're afraid of electronics, they're sacrificing people to a giant worm.",
Impact\Content\Maps\Chapters\Chapter11\TTR_EvadeSlavers5\Corpses2\Ch11_TTR_EvadeSlavers5_Corpses2_Slaver2_MyOwnBunk_Sub.json,Next you'll tell me they have psychic powers and can raise the dead.,
Impact\Content\Maps\Chapters\Chapter11\TTR_EvadeSlavers5\Corpses2\Ch11_TTR_EvadeSlavers5_Corpses2_Slaver2_WhateverHelpMe_Sub.json,"Y'know, spare me the ghosts and goblins, OK??",
Impact\Content\Maps\Chapters\Chapter11\TTR_EvadeSlavers5\Corpses2\Ch11_TTR_EvadeSlavers5_Corpses2_Slaver2_WhateverHelpMe_Sub.json,Like carrying around rotten corpses isn't bad enough...,
Impact\Content\Maps\Chapters\Chapter11\TTR_EvadeSlavers5\Corpses3\Ch11_TTR_EvadeSlavers5_Corpses3_Slaver1_BraverThanIAm_Sub.json,"Jesus Christ, again???",
Impact\Content\Maps\Chapters\Chapter11\TTR_EvadeSlavers5\Corpses3\Ch11_TTR_EvadeSlavers5_Corpses3_Slaver1_BraverThanIAm_Sub.json,This dumpster diving shit has got to stop!,
Impact\Content\Maps\Chapters\Chapter11\TTR_EvadeSlavers5\Corpses3\Ch11_TTR_EvadeSlavers5_Corpses3_Slaver1_HaveYouSeen_Sub.json,"Hey, where the Hell is Dima off to now?",
Impact\Content\Maps\Chapters\Chapter11\TTR_EvadeSlavers5\Corpses3\Ch11_TTR_EvadeSlavers5_Corpses3_Slaver1_OrBoth_Sub.json,"I like free stuff as much as the next guy, but C'MON -",
Impact\Content\Maps\Chapters\Chapter11\TTR_EvadeSlavers5\Corpses3\Ch11_TTR_EvadeSlavers5_Corpses3_Slaver1_OrBoth_Sub.json,the guy needs to at least have SOME standards.,
Impact\Content\Maps\Chapters\Chapter11\TTR_EvadeSlavers5\Corpses3\Ch11_TTR_EvadeSlavers5_Corpses3_Slaver1_OrBoth_Sub.json,Have you smelled him lately??,
Impact\Content\Maps\Chapters\Chapter11\TTR_EvadeSlavers5\Corpses3\Ch11_TTR_EvadeSlavers5_Corpses3_Slaver1_OrBoth_Sub.json,Leave the ripe ones alone!,
Impact\Content\Maps\Chapters\Chapter11\TTR_EvadeSlavers5\Corpses3\Ch11_TTR_EvadeSlavers5_Corpses3_Slaver1_OrBoth_Sub.json,That's all I'm saying!,
Impact\Content\Maps\Chapters\Chapter11\TTR_EvadeSlavers5\Corpses3\Ch11_TTR_EvadeSlavers5_Corpses3_Slaver2_BetterHimThanMe_Sub.json,"To the victors, go the spoils.",
Impact\Content\Maps\Chapters\Chapter11\TTR_EvadeSlavers5\Corpses3\Ch11_TTR_EvadeSlavers5_Corpses3_Slaver2_BetterHimThanMe_Sub.json,Putrid or not.,
Impact\Content\Maps\Chapters\Chapter11\TTR_EvadeSlavers5\Corpses3\Ch11_TTR_EvadeSlavers5_Corpses3_Slaver2_BraverOrStupider_Sub.json,He's not wrong.,
Impact\Content\Maps\Chapters\Chapter11\TTR_EvadeSlavers5\Corpses3\Ch11_TTR_EvadeSlavers5_Corpses3_Slaver2_BraverOrStupider_Sub.json,It's not like these people are cleaning out their pockets before they kick off.,
Impact\Content\Maps\Chapters\Chapter11\TTR_EvadeSlavers5\Corpses3\Ch11_TTR_EvadeSlavers5_Corpses3_Slaver2_HesProbably_Sub.json,Where do you think?,
Impact\Content\Maps\Chapters\Chapter11\TTR_EvadeSlavers5\GuardsLeave\Ch11_TTR_EvadeSlavers5_Power_SlaverElite_GetTheFuckOut_Sub.json,"Something's not right here.Everybody, wrap your shit up - we're pulling out!",
Impact\Content\Maps\Chapters\Chapter11\TTR_EvadeSlavers5\PetyaMovement\Ch11_TTR_EvadeSlavers5_Petya_WeHaveTo_Sub.json,WE HAVE TO GO DOWN.,
Impact\Content\Maps\Chapters\Chapter11\TTR_EvadeSlavers5\PetyaMovement\Ch11_TTR_EvadeSlavers5_Serdar_PetyaNeedTo_Sub.json,"Petya, we need to be quiet now.",
Impact\Content\Maps\Chapters\Chapter11\TTR_EvadeSlavers5\Power\Ch11_TTR_EvadeSlavers5_Power_SlaverElite_FoolsDownstairs_Sub.json,You've got to be kidding me.,
Impact\Content\Maps\Chapters\Chapter11\TTR_EvadeSlavers5\Power\Ch11_TTR_EvadeSlavers5_Power_SlaverElite_FoolsDownstairs_Sub.json,"I swear, if another one of these morons has been monkeying with the electrical system,",
Impact\Content\Maps\Chapters\Chapter11\TTR_EvadeSlavers5\Power\Ch11_TTR_EvadeSlavers5_Power_SlaverElite_FoolsDownstairs_Sub.json,Pavel's going to have a few extra bodies to dispose of.,
Impact\Content\Maps\Chapters\Chapter12\CUT_KhanRoamsSolemnly\KhanRoamsSolemnly_L2\Ch12_CUT_KhanRoamsSolemnly_Old_Khan_RememberYourFirst_Sub.json,Remember your first kiss.,
Impact\Content\Maps\Chapters\Chapter12\CUT_KhanRoamsSolemnly\KhanRoamsSolemnly_L2\Ch12_CUT_KhanRoamsSolemnly_Old_Khan_RememberYourFirst_Sub.json,"Your eyes closing, the breath passing over your lips in the seconds before.",
Impact\Content\Maps\Chapters\Chapter12\CUT_KhanRoamsSolemnly\KhanRoamsSolemnly_L2\Ch12_CUT_KhanRoamsSolemnly_Old_Khan_RememberYourFirst_Sub.json,The longing to discover what comes next...,
Impact\Content\Maps\Chapters\Chapter12\CUT_KhanRoamsSolemnly\KhanRoamsSolemnly_L2\Ch12_CUT_KhanRoamsSolemnly_OldKhan_HeWhoHas_Sub.json,"He who has enough courage and patience to stare into the darkness for his entire life,",
Impact\Content\Maps\Chapters\Chapter12\CUT_KhanRoamsSolemnly\KhanRoamsSolemnly_L2\Ch12_CUT_KhanRoamsSolemnly_OldKhan_HeWhoHas_Sub.json,shall be the first to see the flash of light.,
Impact\Content\Maps\Chapters\Chapter12\CUT_KhanRoamsSolemnly\KhanRoamsSolemnly_L2\Ch12_CUT_KhanRoamsSolemnly_OldKhan_MaybeNotThing_Sub.json,Maybe not.,
Impact\Content\Maps\Chapters\Chapter12\CUT_KhanRoamsSolemnly\KhanRoamsSolemnly_L2\Ch12_CUT_KhanRoamsSolemnly_OldKhan_MaybeNotThing_Sub.json,One thing you learn in the Metro is that everyone has their own truth.,
Impact\Content\Maps\Chapters\Chapter12\CUT_KhanRoamsSolemnly\KhanRoamsSolemnly_L2\Ch12_CUT_KhanRoamsSolemnly_OldKhan_MaybeNotThing_Sub.json,So here is mine...,
Impact\Content\Maps\Chapters\Chapter12\CUT_KhanRoamsSolemnly\KhanRoamsSolemnly_L2\Ch12_CUT_KhanRoamsSolemnly_OldKhan_WhatIfNothing_Sub.json,What if nothing is gone forever?,
Impact\Content\Maps\Chapters\Chapter12\CUT_KhanRoamsSolemnly\KhanRoamsSolemnly_L2\Ch12_CUT_KhanRoamsSolemnly_OldKhan_WhatIfNothing_Sub.json,What if no one is?,
Impact\Content\Maps\Chapters\Chapter12\CUT_KhanRoamsSolemnly\KhanRoamsSolemnly_L2\Ch12_CUT_KhanRoamsSolemnly_OldKhan_WhatIfNothing_Sub.json,Maybe the darkness that we run from is filled with their voices?,
Impact\Content\Maps\Chapters\Chapter12\CUT_KhanRoamsSolemnly\KhanRoamsSolemnly_L2\Ch12_CUT_KhanRoamsSolemnly_OldKhan_WhatIfNothing_Sub.json,And you can hear them – and they can hear you...,
Impact\Content\Maps\Chapters\Chapter12\CUT_KhanRoamsSolemnly\KhanRoamsSolemnly_L2\Ch12_CUT_KhanRoamsSolemnly_OldKhan_YouLosingYourself_Sub.json,"You’re losing yourself to merge into something unspeakable, to cede to the unknown –",
Impact\Content\Maps\Chapters\Chapter12\CUT_KhanRoamsSolemnly\KhanRoamsSolemnly_L2\Ch12_CUT_KhanRoamsSolemnly_OldKhan_YouLosingYourself_Sub.json,and to feel happiness you’ll probably never be able to match with anything else.,
Impact\Content\Maps\Chapters\Chapter12\CUT_KhanRoamsSolemnly\KhanRoamsSolemnly_L2\Ch12_CUT_KhanRoamsSolemnly_OldKhan_YouLosingYourself_Sub.json,Or will you?,
Impact\Content\Maps\Chapters\Chapter12\EXPL_FollowDreamPath\ArtyomMom\Ch12_EXPL_FollowDreamPath_ArtyomMom_TheDeadAreComing_Sub.json,Hello? Hello!,
Impact\Content\Maps\Chapters\Chapter12\EXPL_FollowDreamPath\ArtyomMom\Ch12_EXPL_FollowDreamPath_ArtyomMom_TheDeadAreComing_Sub.json,Please answer! Shit...,
Impact\Content\Maps\Chapters\Chapter12\EXPL_FollowDreamPath\ArtyomMom\Ch12_EXPL_FollowDreamPath_ArtyomMom_TheDeadAreComing_Sub.json,The dead are coming!,
Impact\Content\Maps\Chapters\Chapter12\EXPL_FollowDreamPath\ArtyomMom\Ch12_EXPL_FollowDreamPath_ArtyomMom_TheDeadAreComing_Sub.json,They're coming from the old smuggler's tunnel!,
Impact\Content\Maps\Chapters\Chapter12\EXPL_FollowDreamPath\DeadCultist\Ch12_EXPL_FollowDreamPath_Hunter7Grisha_GrishaDontKnow_Sub.json,"Grisha doesn't know, Styopa.",
Impact\Content\Maps\Chapters\Chapter12\EXPL_FollowDreamPath\DeadCultist\Ch12_EXPL_FollowDreamPath_Hunter7Grisha_GrishaDontKnow_Sub.json,Grisha thinks Styopa and Grisha go look at Vovka's special box of secrets before he is back.,
Impact\Content\Maps\Chapters\Chapter12\EXPL_FollowDreamPath\DeadCultist\Ch12_EXPL_FollowDreamPath_Hunter8Styopa_GrishaWhereVovka_Sub.json,"Grisha, where is Vovka?",
Impact\Content\Maps\Chapters\Chapter12\EXPL_FollowDreamPath\DeadCultist\Ch12_EXPL_FollowDreamPath_Hunter8Styopa_GrishaWhereVovka_Sub.json,Not back by now.,
Impact\Content\Maps\Chapters\Chapter12\EXPL_FollowDreamPath\DeadCultist\Ch12_EXPL_FollowDreamPath_Hunter8Styopa_StyopaThinkGood_Sub.json,Styopa thinks this is good idea.,
Impact\Content\Maps\Chapters\Chapter12\EXPL_FollowDreamPath\DeadCultist\Ch12_EXPL_FollowDreamPath_Shade8Vovka_BigMonsterAttack_Sub.json,Grisha! Styopa! You are here!,
Impact\Content\Maps\Chapters\Chapter12\EXPL_FollowDreamPath\DeadCultist\Ch12_EXPL_FollowDreamPath_Shade8Vovka_BigMonsterAttack_Sub.json,It's Vovka!,
Impact\Content\Maps\Chapters\Chapter12\EXPL_FollowDreamPath\DeadCultist\Ch12_EXPL_FollowDreamPath_Shade8Vovka_BigMonsterAttack_Sub.json,Big monster attacked me.,
Impact\Content\Maps\Chapters\Chapter12\EXPL_FollowDreamPath\DeadCultist\Ch12_EXPL_FollowDreamPath_Shade8Vovka_BigMonsterAttack_Sub.json,I almost die!,
Impact\Content\Maps\Chapters\Chapter12\EXPL_FollowDreamPath\EncounterRoom1\Ch12_EXPL_FollowDreamPath_Hunter3_ShowsUsDisturb_Sub.json,HSSSSSS! The great worm wants us to destroyed!,
Impact\Content\Maps\Chapters\Chapter12\EXPL_FollowDreamPath\EncounterRoom1\Ch12_EXPL_FollowDreamPath_Hunter3_WeMustDestroys_Sub.json,HSSSSSS! We must destroy it!,
Impact\Content\Maps\Chapters\Chapter12\EXPL_FollowDreamPath\EncounterRoom1\Ch12_EXPL_FollowDreamPath_Hunter4_MustBeCareful_Sub.json,No! We must be careful!,
Impact\Content\Maps\Chapters\Chapter12\EXPL_FollowDreamPath\EncounterRoom1\Ch12_EXPL_FollowDreamPath_Hunter4_MustBeCareful_Sub.json,It will disturb The Worm!,
Impact\Content\Maps\Chapters\Chapter12\EXPL_FollowDreamPath\HallwayJumpscare\Ch12_EXPL_FollowDreamPath_Hunter6_EarthConnectsWorm_Sub.json,"The ground forms a path, the earth connects the worm, the worm belongs to-",
Impact\Content\Maps\Chapters\Chapter12\EXPL_FollowDreamPath\HallwayJumpscare\Ch12_EXPL_FollowDreamPath_Hunter6_EarthConnectsWorm_Sub.json,Fuck!,
Impact\Content\Maps\Chapters\Chapter12\EXPL_FollowDreamPath\HallwayJumpscare\Ch12_EXPL_FollowDreamPath_Hunter6_GroundFeedsWorm_Sub.json,"The worm gnaws the ground, the ground feeds the worm, the path-",
Impact\Content\Maps\Chapters\Chapter12\EXPL_FollowDreamPath\HallwayJumpscare\Ch12_EXPL_FollowDreamPath_Hunter6_GroundFeedsWorm_Sub.json,no it is wrong.,
Impact\Content\Maps\Chapters\Chapter12\EXPL_FollowDreamPath\HallwayJumpscare\Ch12_EXPL_FollowDreamPath_Hunter6_LetsStartOver_Sub.json,Again...,
Impact\Content\Maps\Chapters\Chapter12\EXPL_FollowDreamPath\HallwayJumpscare\Ch12_EXPL_FollowDreamPath_Hunter6_LetsTryAgain_Sub.json,The chant is hard.,
Impact\Content\Maps\Chapters\Chapter12\EXPL_FollowDreamPath\HallwayJumpscare\Ch12_EXPL_FollowDreamPath_Hunter6_LetsTryAgain_Sub.json,The worm will not be pleased.,
Impact\Content\Maps\Chapters\Chapter12\EXPL_FollowDreamPath\HallwayJumpscare\Ch12_EXPL_FollowDreamPath_Hunter6_WormGnawsGround_Sub.json,"The worm gnaws the ground, the ground forms a path,",
Impact\Content\Maps\Chapters\Chapter12\EXPL_FollowDreamPath\HallwayJumpscare\Ch12_EXPL_FollowDreamPath_Hunter6_WormGnawsGround_Sub.json,"the path connects the earth, the earth belongs to us...",
Impact\Content\Maps\Chapters\Chapter12\EXPL_FollowDreamPath\HallwayJumpscare\Ch12_EXPL_FollowDreamPath_Hunter6_WormGnawsGround_Sub.json,Good.,
Impact\Content\Maps\Chapters\Chapter12\EXPL_FollowDreamPath\InvestigateBox\Ch12_EXPL_FollowDreamPath_Hunter7Grisha_WhosThere_Sub.json,WHO'S THERE??!,
Impact\Content\Maps\Chapters\Chapter12\EXPL_FollowDreamPath\InvestigateBox\Ch12_EXPL_FollowDreamPath_Hunter8Styopa_KeepLooking_Sub.json,Keep looking keep looking,
Impact\Content\Maps\Chapters\Chapter12\EXPL_FollowDreamPath\Tasia\Ch12_EXPL_FollowDreamPath_Tasia_BossIsLooking_Sub.json,"I heard Yana's voice, she's still calling for Petya.",
Impact\Content\Maps\Chapters\Chapter12\EXPL_FollowDreamPath\Tasia\Ch12_EXPL_FollowDreamPath_Tasia_BossIsLooking_Sub.json,Then those assholes took her away.,
Impact\Content\Maps\Chapters\Chapter12\EXPL_FollowDreamPath\Tasia\Ch12_EXPL_FollowDreamPath_Tasia_BossIsLooking_Sub.json,We can still save her!,
Impact\Content\Maps\Chapters\Chapter12\EXPL_FollowDreamPath\Tasia\Ch12_EXPL_FollowDreamPath_Tasia_BossIsLooking_Sub.json,"Max? Please, where are you?!",
Impact\Content\Maps\Chapters\Chapter12\EXPL_FollowDreamPath\Tasia\Ch12_EXPL_FollowDreamPath_Tasia_FindMaxLooking_Sub.json,"Max, where are you?",
Impact\Content\Maps\Chapters\Chapter12\EXPL_FollowDreamPath\Tasia\Ch12_EXPL_FollowDreamPath_Tasia_FindMaxLooking_Sub.json,They must have taken you here too.,
Impact\Content\Maps\Chapters\Chapter12\EXPL_FollowDreamPath\TheseScumbags\Ch12_EXPL_FollowDreamPath_Serdar_TasiaTheseScumbags_Sub.json,Tasia!,
Impact\Content\Maps\Chapters\Chapter12\EXPL_FollowDreamPath\TheseScumbags\Ch12_EXPL_FollowDreamPath_Serdar_TasiaTheseScumbags_Sub.json,"These scumbags, they dragged her all the way down here and killed her – here...",
Impact\Content\Maps\Chapters\Chapter12\EXPL_FollowDreamPath\VovkaPacing\Ch12_EXPL_FollowDreamPath_Shade8Vovka_VovkaIsHere_Sub.json,No! Vovka is here!,
Impact\Content\Maps\Chapters\Chapter12\EXPL_FollowDreamPath\VovkaPacing\Ch12_EXPL_FollowDreamPath_Shade8Vovka_VovkaIsHere_Sub.json,Grisha! Styopa!,
Impact\Content\Maps\Chapters\Chapter12\EXPL_FollowDreamPath\VovkaPacing\Ch12_EXPL_FollowDreamPath_Shade8Vovka_VovkaIsHere_Sub.json,Stop!,
Impact\Content\Maps\Chapters\Chapter12\EXPL_FollowDreamPath\YanasVoice\Ch12_EXPL_FollowDreamPath_Yana_PetyaAreYou_Sub.json,"Petya... Petya, where are you?",
Impact\Content\Maps\Chapters\Chapter12\EXPL_LeadTheWay3\FollowYana\Ch12_TTR_EvadeCultists3_Serdar_AreYouHere_Sub.json,"Yana, are you still with me?",
Impact\Content\Maps\Chapters\Chapter12\EXPL_LeadTheWay3\FollowYana\Ch12_TTR_EvadeCultists3_Serdar_ATomb_Sub.json,I have turned this station into a tomb...,
Impact\Content\Maps\Chapters\Chapter12\EXPL_LeadTheWay3\FollowYana\Ch12_TTR_EvadeCultists3_Serdar_BlowUp_Sub.json,"Yana, I need to blow up the entrance to the station.",
Impact\Content\Maps\Chapters\Chapter12\EXPL_LeadTheWay3\FollowYana\Ch12_TTR_EvadeCultists3_Serdar_BlowUp_Sub.json,Stand back.,
Impact\Content\Maps\Chapters\Chapter12\EXPL_LeadTheWay3\FollowYana\Ch12_TTR_EvadeCultists3_Serdar_HesSafe_Sub.json,"He is safe, I promise you that.",
Impact\Content\Maps\Chapters\Chapter12\EXPL_LeadTheWay3\FollowYana\Ch12_TTR_EvadeCultists3_Serdar_MountedGun_Sub.json,The mounted gun!,
Impact\Content\Maps\Chapters\Chapter12\EXPL_LeadTheWay3\FollowYana\Ch12_TTR_EvadeCultists3_Serdar_NotGood_Sub.json,Nothing good. Stay close to me!,
Impact\Content\Maps\Chapters\Chapter12\EXPL_LeadTheWay3\FollowYana\Ch12_TTR_EvadeCultists3_Serdar_PastNeverLetsGo_Sub.json,The past never lets go.,
Impact\Content\Maps\Chapters\Chapter12\EXPL_LeadTheWay3\FollowYana\Ch12_TTR_EvadeCultists3_Yana_ImHere_Sub.json,I'm here.,
Impact\Content\Maps\Chapters\Chapter12\EXPL_LeadTheWay3\FollowYana\Ch12_TTR_EvadeCultists3_Yana_ImHere_Sub.json,"Serdar, where is Petya?",
Impact\Content\Maps\Chapters\Chapter12\EXPL_LeadTheWay3\FollowYana\Ch12_TTR_EvadeCultists3_Yana_ImHere_Sub.json,He's not--?,
Impact\Content\Maps\Chapters\Chapter12\EXPL_LeadTheWay3\FollowYana\Ch12_TTR_EvadeCultists3_Yana_WhatsHappening_Sub.json,What is happening?,
Impact\Content\Maps\Chapters\Chapter12\EXPL_LeadTheWay3\LootGuards\Ch12_EXPL_LeadTheWay3_LootGuard1Grisha_WormForsakenUs_Sub.json,"Ooohhh, The worm has forsaken us Styopa!",
Impact\Content\Maps\Chapters\Chapter12\EXPL_LeadTheWay3\YanaVortexChase\Ch12_EXPL_LeadTheWay3_Serdar_LetsGo_Sub.json,We need to go.,
Impact\Content\Maps\Chapters\Chapter12\EXPL_LeadTheWay3\YanaVortexChase\Ch12_EXPL_LeadTheWay3_Serdar_TrustMe_Sub.json,"I know it's disorienting, but there are dangers here.",
Impact\Content\Maps\Chapters\Chapter12\EXPL_LeadTheWay3\YanaVortexChase\Ch12_EXPL_LeadTheWay3_Serdar_TrustMe_Sub.json,"I can guide you, but you have to trust me!",
Impact\Content\Maps\Chapters\Chapter12\EXPL_LeadTheWay3\YanaVortexChase\Ch12_EXPL_LeadTheWay3_Yana_Always_Sub.json,Always...,
Impact\Content\Maps\Chapters\Chapter12\EXPL_LeadTheWay3\YanaVortexChase\Ch12_EXPL_LeadTheWay3_Yana_Hurry_Sub.json,"Serdar, hurry!",
Impact\Content\Maps\Chapters\Chapter12\EXPL_LeadTheWay3\YanaVortexChase\Ch12_EXPL_LeadTheWay3_Yana_ThisWay_Sub.json,This way!,
Impact\Content\Maps\Chapters\Chapter12\EXPL_LeadTheWay3\YanaVortexChase\Ch12_EXPL_LeadTheWay3_Yana_ThroughHere_Sub.json,Through here!,
Impact\Content\Maps\Chapters\Chapter12\EXPL_LeadTheWay3\YanaVortexChase\Ch12_EXPL_LeadTheWay3_Yana_What_Sub.json,What is that?,
Impact\Content\Maps\Chapters\Chapter12\KNE_YanaGetsSacrificed\YanaGetsSacrificed_L2\Ch12_KNE_YanaGetsSacrificed_Priest_Sacrifice_01_Sub.json,The Worm tells us that mankind is no longer worthy.,
Impact\Content\Maps\Chapters\Chapter12\KNE_YanaGetsSacrificed\YanaGetsSacrificed_L2\Ch12_KNE_YanaGetsSacrificed_Priest_Sacrifice_01_Sub.json,"We squandered its gifts, scarred its lands.",
Impact\Content\Maps\Chapters\Chapter12\KNE_YanaGetsSacrificed\YanaGetsSacrificed_L2\Ch12_KNE_YanaGetsSacrificed_Priest_Sacrifice_01_Sub.json,Man does not love the Worm.,
Impact\Content\Maps\Chapters\Chapter12\KNE_YanaGetsSacrificed\YanaGetsSacrificed_L2\Ch12_KNE_YanaGetsSacrificed_Priest_Sacrifice_01_Sub.json,This woman does not love the Worm!,
Impact\Content\Maps\Chapters\Chapter12\KNE_YanaGetsSacrificed\YanaGetsSacrificed_L2\Ch12_KNE_YanaGetsSacrificed_Priest_Sacrifice_01_Sub.json,"This one, I am very curious about!",
Impact\Content\Maps\Chapters\Chapter12\KNE_YanaGetsSacrificed\YanaGetsSacrificed_L2\Ch12_KNE_YanaGetsSacrificed_Priest_Sacrifice_01_Sub.json,"When the woman came, I had this feeling -",
Impact\Content\Maps\Chapters\Chapter12\KNE_YanaGetsSacrificed\YanaGetsSacrificed_L2\Ch12_KNE_YanaGetsSacrificed_Priest_Sacrifice_01_Sub.json,that the Great Worm had chosen her for a reason.,
Impact\Content\Maps\Chapters\Chapter12\KNE_YanaGetsSacrificed\YanaGetsSacrificed_L2\Ch12_KNE_YanaGetsSacrificed_Priest_Sacrifice_01_Sub.json,"But now, I see she is merely the arrow,",
Impact\Content\Maps\Chapters\Chapter12\KNE_YanaGetsSacrificed\YanaGetsSacrificed_L2\Ch12_KNE_YanaGetsSacrificed_Priest_Sacrifice_01_Sub.json,pointing to that which must not be missed!,
Impact\Content\Maps\Chapters\Chapter12\KNE_YanaGetsSacrificed\YanaGetsSacrificed_L2\Ch12_KNE_YanaGetsSacrificed_Priest_Sacrifice_01_Sub.json,"Why do you look so familiar, stranger?",
Impact\Content\Maps\Chapters\Chapter12\KNE_YanaGetsSacrificed\YanaGetsSacrificed_L2\Ch12_KNE_YanaGetsSacrificed_Priest_Sacrifice_01_Sub.json,"Somehow, I think not...",
Impact\Content\Maps\Chapters\Chapter12\KNE_YanaGetsSacrificed\YanaGetsSacrificed_L2\Ch12_KNE_YanaGetsSacrificed_Priest_Sacrifice_01_Sub.json,"Let the truth pass through you girl,",
Impact\Content\Maps\Chapters\Chapter12\KNE_YanaGetsSacrificed\YanaGetsSacrificed_L2\Ch12_KNE_YanaGetsSacrificed_Priest_Sacrifice_01_Sub.json,for you are a vessel of this world and its creator.,
Impact\Content\Maps\Chapters\Chapter12\KNE_YanaGetsSacrificed\YanaGetsSacrificed_L2\Ch12_KNE_YanaGetsSacrificed_Priest_Sacrifice_01_Sub.json,"Tell me, what has the worm sent me?",
Impact\Content\Maps\Chapters\Chapter12\KNE_YanaGetsSacrificed\YanaGetsSacrificed_L2\Ch12_KNE_YanaGetsSacrificed_Priest_Sacrifice_01_Sub.json,Who is this man?,
Impact\Content\Maps\Chapters\Chapter12\KNE_YanaGetsSacrificed\YanaGetsSacrificed_L2\Ch12_KNE_YanaGetsSacrificed_Priest_Sacrifice_01_Sub.json,"Very good, my child.",
Impact\Content\Maps\Chapters\Chapter12\KNE_YanaGetsSacrificed\YanaGetsSacrificed_L2\Ch12_KNE_YanaGetsSacrificed_Priest_Sacrifice_01_Sub.json,"Now sing Khan's name so the worm knows him,",
Impact\Content\Maps\Chapters\Chapter12\KNE_YanaGetsSacrificed\YanaGetsSacrificed_L2\Ch12_KNE_YanaGetsSacrificed_Priest_Sacrifice_01_Sub.json,for he shall follow you soon.,
Impact\Content\Maps\Chapters\Chapter12\KNE_YanaGetsSacrificed\YanaGetsSacrificed_L2\Ch12_KNE_YanaGetsSacrificed_Priest_Sacrifice_01_Sub.json,I think not!,
Impact\Content\Maps\Chapters\Chapter12\KNE_YanaGetsSacrificed\YanaGetsSacrificed_L2\Ch12_KNE_YanaGetsSacrificed_Priest_Sacrifice_01_Sub.json,And what pray tell would that be?,
Impact\Content\Maps\Chapters\Chapter12\KNE_YanaGetsSacrificed\YanaGetsSacrificed_L2\Ch12_KNE_YanaGetsSacrificed_Priest_Sacrifice_01_Sub.json,AH. NOW I SEE YOU!,
Impact\Content\Maps\Chapters\Chapter12\KNE_YanaGetsSacrificed\YanaGetsSacrificed_L2\Ch12_KNE_YanaGetsSacrificed_Serdar_IGetYou_Sub.json,I’ll get you out of here!,
Impact\Content\Maps\Chapters\Chapter12\KNE_YanaGetsSacrificed\YanaGetsSacrificed_L2\Ch12_KNE_YanaGetsSacrificed_Serdar_IGetYou_Sub.json,Set her free!,
Impact\Content\Maps\Chapters\Chapter12\KNE_YanaGetsSacrificed\YanaGetsSacrificed_L2\Ch12_KNE_YanaGetsSacrificed_Serdar_IHaveWhat_Sub.json,--I HAVE WHAT YOU SEEK!,
Impact\Content\Maps\Chapters\Chapter12\KNE_YanaGetsSacrificed\YanaGetsSacrificed_L2\Ch12_KNE_YanaGetsSacrificed_Serdar_IOnlyHere_Sub.json,I'm only here for her.,
Impact\Content\Maps\Chapters\Chapter12\KNE_YanaGetsSacrificed\YanaGetsSacrificed_L2\Ch12_KNE_YanaGetsSacrificed_Serdar_No_Sub.json,"No... No... Please, NO!",
Impact\Content\Maps\Chapters\Chapter12\KNE_YanaGetsSacrificed\YanaGetsSacrificed_L2\Ch12_KNE_YanaGetsSacrificed_Serdar_No_Sub.json,YANA!!,
Impact\Content\Maps\Chapters\Chapter12\KNE_YanaGetsSacrificed\YanaGetsSacrificed_L2\Ch12_KNE_YanaGetsSacrificed_Serdar_NoGotTo_Sub.json,No - Yana...,
Impact\Content\Maps\Chapters\Chapter12\KNE_YanaGetsSacrificed\YanaGetsSacrificed_L2\Ch12_KNE_YanaGetsSacrificed_Serdar_YanaIHave_Sub.json,"YANA, I HAVE FOUND PETYA!!",
Impact\Content\Maps\Chapters\Chapter12\KNE_YanaGetsSacrificed\YanaGetsSacrificed_L2\Ch12_KNE_YanaGetsSacrificed_Serdar_YanaIHave_Sub.json,CAN YOU HEAR ME??,
Impact\Content\Maps\Chapters\Chapter12\KNE_YanaGetsSacrificed\YanaGetsSacrificed_L2\Ch12_KNE_YanaGetsSacrificed_Yana_Sacrifice_01_Sub.json,You found me...,
Impact\Content\Maps\Chapters\Chapter12\KNE_YanaGetsSacrificed\YanaGetsSacrificed_L2\Ch12_KNE_YanaGetsSacrificed_Yana_Sacrifice_02_Sub.json,Khan.,
Impact\Content\Maps\Chapters\Chapter12\KNE_YanaGetsSacrificed\YanaGetsSacrificed_L2\Ch12_KNE_YanaGetsSacrificed_Yana_Sacrifice_03_Sub.json,Ahhhhhhh,
Impact\Content\Maps\Chapters\Chapter12\KNE_YanaGetsSacrificed\YanaGetsSacrificedCaging\Ch12_KNE_YanaGetsSacrificed_CreepyCultist_CageClose_01_Sub.json,He looks like an enemy...,
Impact\Content\Maps\Chapters\Chapter12\KNE_YanaGetsSacrificed\YanaGetsSacrificedCaging\Ch12_KNE_YanaGetsSacrificed_CreepyCultist_Inspection_01_Sub.json,The Worm left the meat for us...,
Impact\Content\Maps\Chapters\Chapter12\KNE_YanaGetsSacrificed\YanaGetsSacrificedCaging\Ch12_KNE_YanaGetsSacrificed_Skinny_Cultist_OnlyTheWorm_Sub.json,Only the Worm's enemies can be eaten.,
Impact\Content\Maps\Chapters\Chapter12\KNE_YanaGetsSacrificed\YanaGetsSacrificedCaging\Ch12_KNE_YanaGetsSacrificed_Skinny_Cultist_TheBadMan_Sub.json,The bad man is breathing.,
Impact\Content\Maps\Chapters\Chapter12\KNE_YanaGetsSacrificed\YanaGetsSacrificedCaging\Ch12_KNE_YanaGetsSacrificed_Skinny_Cultist_TheBadMan_Sub.json,The Worm did not take him.,
Impact\Content\Maps\Chapters\Chapter12\KNE_YanaGetsSacrificed\YanaGetsSacrificedCaging\Ch12_KNE_YanaGetsSacrificed_Skinny_Cultist_ThePriestWill_Sub.json,The priest will decide.,
Impact\Content\Maps\Chapters\Chapter12\RNPCE_ReunitedAtTerminus\ReunitedAtTerminus_L2\Ch12_RNPCE_ReuniteAtTerminus_Petya_Hug_Sub.json,MOMMA!!!,
Impact\Content\Maps\Chapters\Chapter12\RNPCE_ReunitedAtTerminus\ReunitedAtTerminus_L2\Ch12_RNPCE_ReuniteAtTerminus_Petya_Reunited_Sub.json,MOMMA!!!,
Impact\Content\Maps\Chapters\Chapter12\RNPCE_ReunitedAtTerminus\ReunitedAtTerminus_L2\Ch12_RNPCE_ReuniteAtTerminus_Petya_Reunited_Sub.json,"Momma, momma, momma -",
Impact\Content\Maps\Chapters\Chapter12\RNPCE_ReunitedAtTerminus\ReunitedAtTerminus_L2\Ch12_RNPCE_ReuniteAtTerminus_Petya_Reunited_Sub.json,how many times do I have to tell you--,
Impact\Content\Maps\Chapters\Chapter12\RNPCE_ReunitedAtTerminus\ReunitedAtTerminus_L2\Ch12_RNPCE_ReuniteAtTerminus_Petya_Reunited_Sub.json,"-- if you want to get lost, just don't do it alone.",
Impact\Content\Maps\Chapters\Chapter12\RNPCE_ReunitedAtTerminus\ReunitedAtTerminus_L2\Ch12_RNPCE_ReuniteAtTerminus_Petya_Reunited_Sub.json,Are you kidding me??,
Impact\Content\Maps\Chapters\Chapter12\RNPCE_ReunitedAtTerminus\ReunitedAtTerminus_L2\Ch12_RNPCE_ReuniteAtTerminus_Petya_Reunited_Sub.json,You're the greatest mom in recorded history!,
Impact\Content\Maps\Chapters\Chapter12\RNPCE_ReunitedAtTerminus\ReunitedAtTerminus_L2\Ch12_RNPCE_ReuniteAtTerminus_Petya_Reunited_Sub.json,You sent Genghis Khan to find me!!,
Impact\Content\Maps\Chapters\Chapter12\RNPCE_ReunitedAtTerminus\ReunitedAtTerminus_L2\Ch12_RNPCE_ReuniteAtTerminus_Petya_Transformed_01_Sub.json,"We're not just going leave him here, are we?!?",
Impact\Content\Maps\Chapters\Chapter12\RNPCE_ReunitedAtTerminus\ReunitedAtTerminus_L2\Ch12_RNPCE_ReuniteAtTerminus_Petya_Transformed_01_Sub.json,Isn't there any way...?,
Impact\Content\Maps\Chapters\Chapter12\RNPCE_ReunitedAtTerminus\ReunitedAtTerminus_L2\Ch12_RNPCE_ReuniteAtTerminus_Yana_Hug_Sub.json,"Oh Gospodi, Petechka! Petenka! I'm here.",
Impact\Content\Maps\Chapters\Chapter12\RNPCE_ReunitedAtTerminus\ReunitedAtTerminus_L2\Ch12_RNPCE_ReuniteAtTerminus_Yana_Hug_Sub.json,Momma's finally here!,
Impact\Content\Maps\Chapters\Chapter12\RNPCE_ReunitedAtTerminus\ReunitedAtTerminus_L2\Ch12_RNPCE_ReuniteAtTerminus_Yana_Reunited_Sub.json,"Oh Gospodi, Petechka! Petenka! I'm here.",
Impact\Content\Maps\Chapters\Chapter12\RNPCE_ReunitedAtTerminus\ReunitedAtTerminus_L2\Ch12_RNPCE_ReuniteAtTerminus_Yana_Reunited_Sub.json,Momma's finally here!,
Impact\Content\Maps\Chapters\Chapter12\RNPCE_ReunitedAtTerminus\ReunitedAtTerminus_L2\Ch12_RNPCE_ReuniteAtTerminus_Yana_Reunited_Sub.json,"-- if you want to get lost, just don't do it alone.",
Impact\Content\Maps\Chapters\Chapter12\RNPCE_ReunitedAtTerminus\ReunitedAtTerminus_L2\Ch12_RNPCE_ReuniteAtTerminus_Yana_Reunited_Sub.json,I know...,
Impact\Content\Maps\Chapters\Chapter12\RNPCE_ReunitedAtTerminus\ReunitedAtTerminus_L2\Ch12_RNPCE_ReuniteAtTerminus_Yana_Reunited_Sub.json,"I'm so sorry, zaychonok.",
Impact\Content\Maps\Chapters\Chapter12\RNPCE_ReunitedAtTerminus\ReunitedAtTerminus_L2\Ch12_RNPCE_ReuniteAtTerminus_Yana_Reunited_Sub.json,"I tried so hard to find you, but...",
Impact\Content\Maps\Chapters\Chapter12\RNPCE_ReunitedAtTerminus\ReunitedAtTerminus_L2\Ch12_RNPCE_ReuniteAtTerminus_Yana_Reunited_Sub.json,"Well, I wasn't exactly top of my class at 'Mom School'.",
Impact\Content\Maps\Chapters\Chapter12\RNPCE_ReunitedAtTerminus\ReunitedAtTerminus_L2\Ch12_RNPCE_ReuniteAtTerminus_Yana_Reunited_Sub.json,"Yes, I did.",
Impact\Content\Maps\Chapters\Chapter12\RNPCE_ReunitedAtTerminus\ReunitedAtTerminus_L2\Ch12_RNPCE_ReuniteAtTerminus_Yana_Reunited_Sub.json,This is something new.,
Impact\Content\Maps\Chapters\Chapter12\RNPCE_ReunitedAtTerminus\ReunitedAtTerminus_L2\Ch12_RNPCE_ReuniteAtTerminus_Yana_Transformed_01_Sub.json,Don't we?,
Impact\Content\Maps\Chapters\Chapter12\RNPCE_ReunitedAtTerminus\ReunitedAtTerminus_L2\Ch12_RNPCE_ReuniteAtTerminus_Yana_Transformed_01_Sub.json,"Whatever hold time had on this place, I'm pretty sure it lost that battle.",
Impact\Content\Maps\Chapters\Chapter12\RNPCE_ReunitedAtTerminus\ReunitedAtTerminus_L2\Ch12_RNPCE_ReuniteAtTerminus_Yana_Transformed_01_Sub.json,Perhaps to the great Khan himself.,
Impact\Content\Maps\Chapters\Chapter12\RNPCE_ReunitedAtTerminus\ReunitedAtTerminus_L2\Ch12_RNPCE_ReuniteAtTerminus_Yana_Transformed_01_Sub.json,If you can lead my son and I to a place like this...,
Impact\Content\Maps\Chapters\Chapter12\RNPCE_ReunitedAtTerminus\ReunitedAtTerminus_L2\Ch12_RNPCE_ReuniteAtTerminus_Yana_Transformed_01_Sub.json,..then time cannot keep you from me.,
Impact\Content\Maps\Chapters\Chapter12\RNPCE_ReunitedAtTerminus\ReunitedAtTerminus_L2\Ch12_RNPCE_ReuniteAtTerminus_Yana_Transformed_01_Sub.json,You will find me. When your work is done.,
Impact\Content\Maps\Chapters\Chapter12\RNPCE_ReunitedAtTerminus\ReunitedAtTerminus_L2\Ch12_RNPCE_ReuniteAtTerminus_Yana_Transformed_01_Sub.json,"You'll know. You do learn, Khan, and you do grow.",
Impact\Content\Maps\Chapters\Chapter12\RNPCE_ReunitedAtTerminus\ReunitedAtTerminus_L2\Ch12_RNPCE_ReuniteAtTerminus_Yana_Transformed_01_Sub.json,"You will overgrow it, Khan.",
Impact\Content\Maps\Chapters\Chapter12\RNPCE_ReunitedAtTerminus\ReunitedAtTerminus_L2\Ch12_RNPCE_ReuniteAtTerminus_Yana_Transformed_01_Sub.json,You had a great past in a great world.,
Impact\Content\Maps\Chapters\Chapter12\RNPCE_ReunitedAtTerminus\ReunitedAtTerminus_L2\Ch12_RNPCE_ReuniteAtTerminus_Yana_Transformed_01_Sub.json,"This world is small,",
Impact\Content\Maps\Chapters\Chapter12\RNPCE_ReunitedAtTerminus\ReunitedAtTerminus_L2\Ch12_RNPCE_ReuniteAtTerminus_Yana_Transformed_01_Sub.json,but so is the value of every soul you save,
Impact\Content\Maps\Chapters\Chapter12\RNPCE_ReunitedAtTerminus\ReunitedAtTerminus_L2\Ch12_RNPCE_ReuniteAtTerminus_Yana_Transformed_01_Sub.json,and every person you will teach what you will learn.,
Impact\Content\Maps\Chapters\Chapter12\RNPCE_ReunitedAtTerminus\ReunitedAtTerminus_L2\Ch12_RNPCE_ReuniteAtTerminus_Yana_Transformed_01_Sub.json,"Be careful what you wish for, little one...",
Impact\Content\Maps\Chapters\Chapter12\RNPCE_ReunitedAtTerminus\ReunitedAtTerminus_L2\Ch12_RNPCE_ReuniteAtTerminus_Yana_Transformed_01_Sub.json,...it may be a very long train ride.,
Impact\Content\Maps\Chapters\Chapter12\RNPCE_ReunitedAtTerminus\ReunitedAtTerminus_L2\Ch12_RNPCE_ReuniteAtTerminus_Yana_Transformed_01_Sub.json,"Do not hurry, my love.",
Impact\Content\Maps\Chapters\Chapter12\RNPCE_ReunitedAtTerminus\ReunitedAtTerminus_L2\Ch12_RNPCE_ReuniteAtTerminus_Yana_Transformed_01_Sub.json,We’ll be waiting for you as long as it takes – on the other side.,
Impact\Content\Maps\Chapters\Chapter12\RNPCE_ReunitedAtTerminus\ReunitedAtTerminus_L2\Ch12_RNPCE_ReuniteAtTerminus_Yana_Transformed_01_Sub.json,We now have all the time in the Universe – thanks to you.,
Impact\Content\Maps\Chapters\Chapter12\RNPCE_ReunitedAtTerminus\ReunitedAtTerminus_L2\Ch12_RNPCE_ReunitedAtTerminus_Serdar_DamnAgain_Sub.json,"Damn, not again...",
Impact\Content\Maps\Chapters\Chapter12\RNPCE_ReunitedAtTerminus\ReunitedAtTerminus_L2\Ch12_RNPCE_ReunitedAtTerminus_Serdar_DoNotFret_Sub.json,"Do not fret. I'm only starting to learn the rules, but...",
Impact\Content\Maps\Chapters\Chapter12\RNPCE_ReunitedAtTerminus\ReunitedAtTerminus_L2\Ch12_RNPCE_ReunitedAtTerminus_Serdar_DoNotFret_Sub.json,I'm pretty good at figuring things out.,
Impact\Content\Maps\Chapters\Chapter12\RNPCE_ReunitedAtTerminus\ReunitedAtTerminus_L2\Ch12_RNPCE_ReunitedAtTerminus_Serdar_IThoughtWe_Sub.json,I thought we'd have more time.,
Impact\Content\Maps\Chapters\Chapter12\RNPCE_ReunitedAtTerminus\ReunitedAtTerminus_L2\Ch12_RNPCE_ReunitedAtTerminus_Serdar_OhWhatWork_Sub.json,Oh? And what work would that be?,
Impact\Content\Maps\Chapters\Chapter12\RNPCE_TakeYanasGhost\TakeYanasGhost_L2\Ch12_RNPCE_TakeYanasGhost_Serdar_DidItAll_Sub.json,Did it all have to cost so much?,
Impact\Content\Maps\Chapters\Chapter12\RNPCE_TakeYanasGhost\TakeYanasGhost_L2\Ch12_RNPCE_TakeYanasGhost_Serdar_ItIsnFor_Sub.json,It isn't safe for him here.,
Impact\Content\Maps\Chapters\Chapter12\RNPCE_TakeYanasGhost\TakeYanasGhost_L2\Ch12_RNPCE_TakeYanasGhost_Serdar_ItIsnFor_Sub.json,But he's close.,
Impact\Content\Maps\Chapters\Chapter12\RNPCE_TakeYanasGhost\TakeYanasGhost_L2\Ch12_RNPCE_TakeYanasGhost_Serdar_IWillAlways_Sub.json,I will always come for you.,
Impact\Content\Maps\Chapters\Chapter12\RNPCE_TakeYanasGhost\TakeYanasGhost_L2\Ch12_RNPCE_TakeYanasGhost_Serdar_IWouldHave_Sub.json,I would have said anything to get you off that altar.,
Impact\Content\Maps\Chapters\Chapter12\RNPCE_TakeYanasGhost\TakeYanasGhost_L2\Ch12_RNPCE_TakeYanasGhost_Serdar_IWouldHave_Sub.json,But yes.,
Impact\Content\Maps\Chapters\Chapter12\RNPCE_TakeYanasGhost\TakeYanasGhost_L2\Ch12_RNPCE_TakeYanasGhost_Serdar_IWouldHave_Sub.json,You were right all along.,
Impact\Content\Maps\Chapters\Chapter12\RNPCE_TakeYanasGhost\TakeYanasGhost_L2\Ch12_RNPCE_TakeYanasGhost_Serdar_NoNoNo_Sub.json,No! No no no no no!!,
Impact\Content\Maps\Chapters\Chapter12\RNPCE_TakeYanasGhost\TakeYanasGhost_L2\Ch12_RNPCE_TakeYanasGhost_Serdar_NoNoNo_Sub.json,"My love, please!",
Impact\Content\Maps\Chapters\Chapter12\RNPCE_TakeYanasGhost\TakeYanasGhost_L2\Ch12_RNPCE_TakeYanasGhost_Serdar_NoNoNo_Sub.json,I can’t lose you now!,
Impact\Content\Maps\Chapters\Chapter12\RNPCE_TakeYanasGhost\TakeYanasGhost_L2\Ch12_RNPCE_TakeYanasGhost_Serdar_WhatIsIt_Sub.json,What is it?,
Impact\Content\Maps\Chapters\Chapter12\RNPCE_TakeYanasGhost\TakeYanasGhost_L2\Ch12_RNPCE_TakeYanasGhost_Serdar_YanaImHere_Sub.json,Yana? I am here my love!,
Impact\Content\Maps\Chapters\Chapter12\RNPCE_TakeYanasGhost\TakeYanasGhost_L2\Ch12_RNPCE_TakeYanasGhost_Yana_Act01_01_Sub.json,Is it true? Did you find Petya??,
Impact\Content\Maps\Chapters\Chapter12\RNPCE_TakeYanasGhost\TakeYanasGhost_L2\Ch12_RNPCE_TakeYanasGhost_Yana_Act01_01_Sub.json,You really found him??,
Impact\Content\Maps\Chapters\Chapter12\RNPCE_TakeYanasGhost\TakeYanasGhost_L2\Ch12_RNPCE_TakeYanasGhost_Yana_Act01_01_Sub.json,Is he with you???,
Impact\Content\Maps\Chapters\Chapter12\RNPCE_TakeYanasGhost\TakeYanasGhost_L2\Ch12_RNPCE_TakeYanasGhost_Yana_Act01_01_Sub.json,I knew you were coming.,
Impact\Content\Maps\Chapters\Chapter12\RNPCE_TakeYanasGhost\TakeYanasGhost_L2\Ch12_RNPCE_TakeYanasGhost_Yana_Act01_01_Sub.json,I saw it in a dream--,
Impact\Content\Maps\Chapters\Chapter12\RNPCE_TakeYanasGhost\TakeYanasGhost_L2\Ch12_RNPCE_TakeYanasGhost_Yana_Act01_01_Sub.json,--the Great. Genghis. Khan.,
Impact\Content\Maps\Chapters\Chapter12\RNPCE_TakeYanasGhost\TakeYanasGhost_L2\Ch12_RNPCE_TakeYanasGhost_Yana_Act01_01_Sub.json,Always.,
Impact\Content\Maps\Chapters\Chapter12\RNPCE_TakeYanasGhost\TakeYanasGhost_L2\Ch12_RNPCE_TakeYanasGhost_Yana_Act01_01_Sub.json,"Take me to my son, oh noble Khan.",
Impact\Content\Maps\Chapters\Chapter12\RNPCE_TakeYanasGhost\TakeYanasGhost_L2\Ch12_RNPCE_TakeYanasGhost_Yana_DreamVanish_01_Sub.json,Khan? Is that you?,
Impact\Content\Maps\Chapters\Chapter12\RNPCE_TakeYanasGhost\TakeYanasGhost_L2\Ch12_RNPCE_TakeYanasGhost_Yana_DreamVanish_01_Sub.json,Who’s there?,
Impact\Content\Maps\Chapters\Chapter12\RNPCE_TakeYanasGhost\TakeYanasGhost_L2\Ch12_RNPCE_TakeYanasGhost_Yana_Khan_Sub.json,Khan?,
Impact\Content\Maps\Chapters\Chapter12\RNPCE_TakeYanasGhost\TakeYanasGhost_L2\Ch12_RNPCE_TakeYanasGhost_Yana_Reminder02_01_Sub.json,Can we go? I can't believe we're actually going to be with him!,
Impact\Content\Maps\Chapters\Chapter12\RNPCE_TakeYanasGhost\TakeYanasGhost_L2\Ch12_RNPCE_TakeYanasGhost_Yana_Reminder03_01_Sub.json,"Wait, is he alone?",
Impact\Content\Maps\Chapters\Chapter12\RNPCE_TakeYanasGhost\TakeYanasGhost_L2\Ch12_RNPCE_TakeYanasGhost_Yana_Reminder03_01_Sub.json,Maybe we should hurry along then...,
Impact\Content\Maps\Chapters\Chapter12\RNPCE_TakeYanasGhost\TakeYanasGhost_L2\Ch12_RNPCE_TakeYanasGhost_Yana_Reminder04_01_Sub.json,I've got to see him. Come on!,
Impact\Content\Maps\Chapters\Chapter12\RNPCE_TakeYanasGhost\TakeYanasGhost_L2\Ch12_RNPCE_TakeYanasGhost_Yana_Reminder05_01_Sub.json,This is all so unreal.,
Impact\Content\Maps\Chapters\Chapter12\RNPCE_TakeYanasGhost\TakeYanasGhost_L2\Ch12_RNPCE_TakeYanasGhost_Yana_Reminder05_01_Sub.json,I'm going to hold my son...!,
Impact\Content\Maps\Chapters\Chapter12\RNPCE_TakeYanasGhost\TakeYanasGhost_L2\Ch12_RNPCE_TakeYanasGhost_Yana_Serdar_Sub.json,Serdar?,
Impact\Content\Maps\Chapters\Chapter12\RNPCE_TakeYanasGhost\TakeYanasGhost_L2\Ch12_RNPCE_TakeYanasGhost_Yana_WhereAreYou_Sub.json,Where are you?,
Impact\Content\Maps\Chapters\Chapter12\TRAV_EnterHellsMouth\FirstLook\Ch12_TRAV_EnterHellsMouth_Serdar_TheVictoryPark_Sub.json,The Victory Park station!,
Impact\Content\Maps\Chapters\Chapter12\TRAV_EnterHellsMouth\FirstLook\Ch12_TRAV_EnterHellsMouth_Serdar_TheVictoryPark_Sub.json,I'd heard it collapsed during the bombings.,
Impact\Content\Maps\Chapters\Chapter12\TRAV_EnterHellsMouth\FirstLook\Ch12_TRAV_EnterHellsMouth_Serdar_TheVictoryPark_Sub.json,"Given how far underground it is I should have known better, but still -",
Impact\Content\Maps\Chapters\Chapter12\TRAV_EnterHellsMouth\FirstLook\Ch12_TRAV_EnterHellsMouth_Serdar_TheVictoryPark_Sub.json,how could the worm people keep this little Hell's Mouth of theirs a secret?,
Impact\Content\Maps\Chapters\Chapter12\TRAV_EnterHellsMouth\WithoutPetya\Ch12_TRAV_EnterHellsMouth_Serdar_WithoutPetyaAs_Sub.json,"Without Petya, I might as well be walking into Hell's Mouth blind.",
Impact\Content\Maps\Chapters\Chapter12\TRAV_EnterHellsMouth\WithoutPetya\Ch12_TRAV_EnterHellsMouth_Serdar_WithoutPetyaAs_Sub.json,And perhaps that is simply how it was always supposed to end.,
Impact\Content\Maps\Chapters\Chapter12\TRAV_EnterHellsMouth\WithoutPetya\Ch12_TRAV_EnterHellsMouth_Serdar_WithoutPetyaAs_Sub.json,"A wolf, at the mercy of a worm...",
Impact\Content\Maps\Chapters\Chapter12\TRAV_ReturnToTerminus\CheckIn\Ch12_TRAV_ReturnToTerminus_Serdar_EvenForVicious_Sub.json,"Even for vicious, Mongolian warlords.",
Impact\Content\Maps\Chapters\Chapter12\TRAV_ReturnToTerminus\CheckIn\Ch12_TRAV_ReturnToTerminus_Serdar_IJustSentenced_Sub.json,"I just sentenced countless men to death in there the name of ""helping people"".",
Impact\Content\Maps\Chapters\Chapter12\TRAV_ReturnToTerminus\CheckIn\Ch12_TRAV_ReturnToTerminus_Serdar_IJustSentenced_Sub.json,THAT'S who I am.,
Impact\Content\Maps\Chapters\Chapter12\TRAV_ReturnToTerminus\CheckIn\Ch12_TRAV_ReturnToTerminus_Serdar_IJustSentenced_Sub.json,"A destroyer of worlds, in this life or any other.",
Impact\Content\Maps\Chapters\Chapter12\TRAV_ReturnToTerminus\CheckIn\Ch12_TRAV_ReturnToTerminus_Serdar_IJustSentenced_Sub.json,The reincarnation of Genghis Khan.,
Impact\Content\Maps\Chapters\Chapter12\TRAV_ReturnToTerminus\CheckIn\Ch12_TRAV_ReturnToTerminus_Serdar_ThePeopleOf_Sub.json,The People of the Great Worm and all they unleashed are no longer our concern.,
Impact\Content\Maps\Chapters\Chapter12\TRAV_ReturnToTerminus\CheckIn\Ch12_TRAV_ReturnToTerminus_Serdar_YanaAmSo_Sub.json,"Yana. I am so, so sorry.",
Impact\Content\Maps\Chapters\Chapter12\TRAV_ReturnToTerminus\CheckIn\Ch12_TRAV_ReturnToTerminus_Serdar_YanaAmSo_Sub.json,For every injustice.,
Impact\Content\Maps\Chapters\Chapter12\TRAV_ReturnToTerminus\CheckIn\Ch12_TRAV_ReturnToTerminus_Serdar_YanaAmSo_Sub.json,For every shade of doubt.,
Impact\Content\Maps\Chapters\Chapter12\TRAV_ReturnToTerminus\CheckIn\Ch12_TRAV_ReturnToTerminus_Serdar_YanaAmSo_Sub.json,For every pill I made you take.,
Impact\Content\Maps\Chapters\Chapter12\TRAV_ReturnToTerminus\CheckIn\Ch12_TRAV_ReturnToTerminus_Serdar_YanaYouWith_Sub.json,Yana?? Are you with me?,
Impact\Content\Maps\Chapters\Chapter12\TRAV_ReturnToTerminus\CheckIn\Ch12_TRAV_ReturnToTerminus_Yana_AndYesVicious_Sub.json,"And yes - even for vicious, Mongolian warlords.",
Impact\Content\Maps\Chapters\Chapter12\TRAV_ReturnToTerminus\CheckIn\Ch12_TRAV_ReturnToTerminus_Yana_DoingTheRight_Sub.json,Doing the right thing has a cost.,
Impact\Content\Maps\Chapters\Chapter12\TRAV_ReturnToTerminus\CheckIn\Ch12_TRAV_ReturnToTerminus_Yana_DoingTheRight_Sub.json,You wanted me to be happy.,
Impact\Content\Maps\Chapters\Chapter12\TRAV_ReturnToTerminus\CheckIn\Ch12_TRAV_ReturnToTerminus_Yana_DoingTheRight_Sub.json,You saw the cult needed to be stopped and you stopped them.,
Impact\Content\Maps\Chapters\Chapter12\TRAV_ReturnToTerminus\CheckIn\Ch12_TRAV_ReturnToTerminus_Yana_DoingTheRight_Sub.json,Sometimes we have to become the thing we fear in order to prevent something worse.,
Impact\Content\Maps\Chapters\Chapter12\TRAV_ReturnToTerminus\CheckIn\Ch12_TRAV_ReturnToTerminus_Yana_DoingTheRight_Sub.json,Or to make something better.,
Impact\Content\Maps\Chapters\Chapter12\TRAV_ReturnToTerminus\CheckIn\Ch12_TRAV_ReturnToTerminus_Yana_DoingTheRight_Sub.json,"My love, look around you - if 'life' and 'death' aren't absolutes -",
Impact\Content\Maps\Chapters\Chapter12\TRAV_ReturnToTerminus\CheckIn\Ch12_TRAV_ReturnToTerminus_Yana_DoingTheRight_Sub.json,then maybe 'good' and 'evil' aren't either.,
Impact\Content\Maps\Chapters\Chapter12\TRAV_ReturnToTerminus\CheckIn\Ch12_TRAV_ReturnToTerminus_Yana_IHere_Sub.json,"I'm here. The danger's passed, hasn't it?",
Impact\Content\Maps\Chapters\Chapter12\TRAV_ReturnToTerminus\CheckIn\Ch12_TRAV_ReturnToTerminus_Yana_WhatDidYou_Sub.json,What did you say once?,
Impact\Content\Maps\Chapters\Chapter12\TRAV_ReturnToTerminus\CheckIn\Ch12_TRAV_ReturnToTerminus_Yana_WhatDidYou_Sub.json,'You never have to apologize for loving me'?,
Impact\Content\Maps\Chapters\Chapter12\TRAV_ReturnToTerminus\CheckIn\Ch12_TRAV_ReturnToTerminus_Yana_WhatDidYou_Sub.json,"My husband, you help people, that's who you are.",
Impact\Content\Maps\Chapters\Chapter12\TTR_EvadeCultists1\Sequences\CultistShadow\Ch12_TTR_EvadeCultists1_HunterShadow_ButSoTasty_Sub.json,But it is tempting.,
Impact\Content\Maps\Chapters\Chapter12\TTR_EvadeCultists1\Sequences\CultistShadow\Ch12_TTR_EvadeCultists1_HunterShadow_ButSoTasty_Sub.json,So tempting...,
Impact\Content\Maps\Chapters\Chapter12\TTR_EvadeCultists1\Sequences\CultistShadow\Ch12_TTR_EvadeCultists1_HunterShadow_DeliciousMorsel_Sub.json,Delicious looking meat...,
Impact\Content\Maps\Chapters\Chapter12\TTR_EvadeCultists1\Sequences\CultistShadow\Ch12_TTR_EvadeCultists1_HunterShadow_NotSupposedTo_Sub.json,Arrrrr... No! Not supposed to!,
Impact\Content\Maps\Chapters\Chapter12\TTR_EvadeCultists1\Sequences\CultistShadow\Ch12_TTR_EvadeCultists1_HunterShadow_NotSupposedTo_Sub.json,Not while the great worm still punishes us!,
Impact\Content\Maps\Chapters\Chapter12\TTR_EvadeCultists1\Sequences\CultistShadow\Ch12_TTR_EvadeCultists1_HunterShadow_TinyTaste_Sub.json,I want to take a bite.,
Impact\Content\Maps\Chapters\Chapter12\TTR_EvadeCultists1\Sequences\CultistShadow\Ch12_TTR_EvadeCultists1_HunterShadow_TinyTaste_Sub.json,To eat.,
Impact\Content\Maps\Chapters\Chapter12\TTR_EvadeCultists1\Sequences\DrumPrayer\Ch12_TTR_EvadeCultists1_DrumPrayer_GrantUsFavor_Sub.json,Oh great worm.,
Impact\Content\Maps\Chapters\Chapter12\TTR_EvadeCultists1\Sequences\DrumPrayer\Ch12_TTR_EvadeCultists1_DrumPrayer_GrantUsFavor_Sub.json,Oh great worm.,
Impact\Content\Maps\Chapters\Chapter12\TTR_EvadeCultists1\Sequences\DrumPrayer\Ch12_TTR_EvadeCultists1_DrumPrayer_GrantUsFavor_Sub.json,Grant us your favor.,
Impact\Content\Maps\Chapters\Chapter12\TTR_EvadeCultists1\Sequences\DrumPrayer\Ch12_TTR_EvadeCultists1_DrumPrayer_OhGreatWorm_Sub.json,Oh great worm.,
Impact\Content\Maps\Chapters\Chapter12\TTR_EvadeCultists1\Sequences\DrumPrayer\Ch12_TTR_EvadeCultists1_DrumPrayer_OhGreatWorm_Sub.json,Oh great worm.,
Impact\Content\Maps\Chapters\Chapter12\TTR_EvadeCultists1\Sequences\DrumPrayer\Ch12_TTR_EvadeCultists1_DrumPrayer_OhGreatWorm_Sub.json,Hear my prayer.,
Impact\Content\Maps\Chapters\Chapter12\TTR_EvadeCultists1\Sequences\DrumPrayer\Ch12_TTR_EvadeCultists1_DrumPrayer_PunishTheUnworthy_Sub.json,Please. Do not punish your servants.,
Impact\Content\Maps\Chapters\Chapter12\TTR_EvadeCultists1\Sequences\DrumPrayer\Ch12_TTR_EvadeCultists1_DrumPrayer_PunishTheUnworthy_Sub.json,Punish the unworthy instead.,
Impact\Content\Maps\Chapters\Chapter12\TTR_EvadeCultists1\Sequences\DrumPrayer\Ch12_TTR_EvadeCultists1_DrumPrayer_WhyDoYouPunish_Sub.json,Why do you punish us so?,
Impact\Content\Maps\Chapters\Chapter12\TTR_EvadeCultists1\Sequences\DrumPrayer\Ch12_TTR_EvadeCultists1_DrumPrayer_WhyDoYouPunish_Sub.json,We are your loyal servants.,
Impact\Content\Maps\Chapters\Chapter12\TTR_EvadeCultists1\Sequences\ExitConversation\Ch12_TTR_EvadeCultists1_Guard01_IndestructibleLamps_Sub.json,Except those indestructible platform lamps.,
Impact\Content\Maps\Chapters\Chapter12\TTR_EvadeCultists1\Sequences\ExitConversation\Ch12_TTR_EvadeCultists1_Guard01_IndestructibleLamps_Sub.json,Curse them!,
Impact\Content\Maps\Chapters\Chapter12\TTR_EvadeCultists1\Sequences\ExitConversation\Ch12_TTR_EvadeCultists1_Guard01_ShouldWeHex_Sub.json,Perhaps we should learn how to cast a hex like our brother over here?,
Impact\Content\Maps\Chapters\Chapter12\TTR_EvadeCultists1\Sequences\ExitConversation\Ch12_TTR_EvadeCultists1_Guard01_TechnologyPlague_Sub.json,Technology is a plague that should be erradicated.,
Impact\Content\Maps\Chapters\Chapter12\TTR_EvadeCultists1\Sequences\ExitConversation\Ch12_TTR_EvadeCultists1_Guard02_EyesHurting_Sub.json,Yes. My eyes still hurt...,
Impact\Content\Maps\Chapters\Chapter12\TTR_EvadeCultists1\Sequences\ExitConversation\Ch12_TTR_EvadeCultists1_Guard02_EyesHurting_Sub.json,I can't look. Not even at fire.,
Impact\Content\Maps\Chapters\Chapter12\TTR_EvadeCultists1\Sequences\ExitConversation\Ch12_TTR_EvadeCultists1_Guard02_EyesHurting_Sub.json,The true source of light.,
Impact\Content\Maps\Chapters\Chapter12\TTR_EvadeCultists1\Sequences\ExitConversation\Ch12_TTR_EvadeCultists1_Guard02_GoodProgress_Sub.json,We make good progress!,
Impact\Content\Maps\Chapters\Chapter12\TTR_EvadeCultists1\Sequences\ExitConversation\Ch12_TTR_EvadeCultists1_Guard02_GoodProgress_Sub.json,Every smashed piece is another piece smashed.,
Impact\Content\Maps\Chapters\Chapter12\TTR_EvadeCultists1\Sequences\ExitConversation\Ch12_TTR_Evadecultists1_HunterHexer_BeQuiet_Sub.json,Quiet you two! I need focus!,
Impact\Content\Maps\Chapters\Chapter12\TTR_EvadeCultists1\Sequences\ExitConversation\Ch12_TTR_Evadecultists1_HunterHexer_BeQuiet_Sub.json,I need concentration.,
Impact\Content\Maps\Chapters\Chapter12\TTR_EvadeCultists1\Sequences\FakeSermon\Ch12_TTR_EvadeCultists1_FakePreacher_ButSeriously_Sub.json,You don't know the ways.,
Impact\Content\Maps\Chapters\Chapter12\TTR_EvadeCultists1\Sequences\FakeSermon\Ch12_TTR_EvadeCultists1_FakePreacher_TheGroundForms_Sub.json,I am not our priest.,
Impact\Content\Maps\Chapters\Chapter12\TTR_EvadeCultists1\Sequences\FakeSermon\Ch12_TTR_EvadeCultists1_FakePreacher_TheGroundForms_Sub.json,But I am wise.,
Impact\Content\Maps\Chapters\Chapter12\TTR_EvadeCultists1\Sequences\FakeSermon\Ch12_TTR_EvadeCultists1_FakePreacher_TheGroundForms_Sub.json,Like our priest.,
Impact\Content\Maps\Chapters\Chapter12\TTR_EvadeCultists1\Sequences\FakeSermon\Ch12_TTR_EvadeCultists1_FakePreacher_ThePathConnects_Sub.json,Rats are good.,
Impact\Content\Maps\Chapters\Chapter12\TTR_EvadeCultists1\Sequences\FakeSermon\Ch12_TTR_EvadeCultists1_FakePreacher_ThePathConnects_Sub.json,I am no rat.,
Impact\Content\Maps\Chapters\Chapter12\TTR_EvadeCultists1\Sequences\FakeSermon\Ch12_TTR_EvadeCultists1_FakePreacher_ThePathConnects_Sub.json,But I am good.,
Impact\Content\Maps\Chapters\Chapter12\TTR_EvadeCultists1\Sequences\FakeSermon\Ch12_TTR_EvadeCultists1_FakePreacher_TheWormGnaws_Sub.json,The Great Worm will return.,
Impact\Content\Maps\Chapters\Chapter12\TTR_EvadeCultists1\Sequences\FakeSermon\Ch12_TTR_EvadeCultists1_FakePreacher_TheWormGnaws_Sub.json,And it is happy that we are here.,
Impact\Content\Maps\Chapters\Chapter12\TTR_EvadeCultists1\Sequences\FakeSermon\Ch12_TTR_EvadeCultists1_FakePreacher_TheWormGnaws_Sub.json,We do good work.,
Impact\Content\Maps\Chapters\Chapter12\TTR_EvadeCultists1\Sequences\FakeSermon\Ch12_TTR_EvadeCultists1_Spectator01_FullOfShit_Sub.json,You are full of shit.,
Impact\Content\Maps\Chapters\Chapter12\TTR_EvadeCultists1\Sequences\FakeSermon\Ch12_TTR_EvadeCultists1_Spectator01_StopIt_Sub.json,Stop. You are not our priest.,
Impact\Content\Maps\Chapters\Chapter12\TTR_EvadeCultists1\Sequences\FakeSermon\Ch12_TTR_EvadeCultists1_Spectator02_HowDareYou_Sub.json,You are not wise!,
Impact\Content\Maps\Chapters\Chapter12\TTR_EvadeCultists1\Sequences\FakeSermon\Ch12_TTR_EvadeCultists1_Spectator02_HowDareYou_Sub.json,You are small. Small like a rat!,
Impact\Content\Maps\Chapters\Chapter12\TTR_EvadeCultists1\Sequences\FakeSermon\Ch12_TTR_EvadeCultists1_Spectator02_WordForWord_Sub.json,Just shut up and stop.,
Impact\Content\Maps\Chapters\Chapter12\TTR_EvadeCultists1\Sequences\Hexing\Ch12_TTR_EvadeCultists1_Guard01_SmashIt_Sub.json,What do we do? We smash it!,
Impact\Content\Maps\Chapters\Chapter12\TTR_EvadeCultists1\Sequences\Hexing\Ch12_TTR_EvadeCultists1_Guard02_DestroyIt_Sub.json,Yes! Destroy this hunk of junk!,
Impact\Content\Maps\Chapters\Chapter12\TTR_EvadeCultists1\Sequences\Hexing\Ch12_TTR_EvadeCultists1_HunterHexer_FocusYourEnergy_Sub.json,No! Fools!,
Impact\Content\Maps\Chapters\Chapter12\TTR_EvadeCultists1\Sequences\Hexing\Ch12_TTR_EvadeCultists1_HunterHexer_FocusYourEnergy_Sub.json,Do as I do.,
Impact\Content\Maps\Chapters\Chapter12\TTR_EvadeCultists1\Sequences\Hexing\Ch12_TTR_EvadeCultists1_HunterHexer_FocusYourEnergy_Sub.json,Focus... Concentrate...,
Impact\Content\Maps\Chapters\Chapter12\TTR_EvadeCultists1\Sequences\Hexing\Ch12_TTR_EvadeCultists1_HunterHexer_Submit_Sub.json,Foul Machine!,
Impact\Content\Maps\Chapters\Chapter12\TTR_EvadeCultists1\Sequences\Hexing\Ch12_TTR_EvadeCultists1_HunterHexer_Submit_Sub.json,Submit to my power!,
Impact\Content\Maps\Chapters\Chapter12\TTR_EvadeCultists1\Sequences\Hexing\Ch12_TTR_EvadeCultists1_HunterHexer_WhatHeresy_Sub.json,What heresy is this?,
Impact\Content\Maps\Chapters\Chapter12\TTR_EvadeCultists1\Sequences\Hexing\Ch12_TTR_EvadeCultists1_HunterHexer_WhatHeresy_Sub.json,The object resists my spell!,
Impact\Content\Maps\Chapters\Chapter12\TTR_EvadeCultists1\Sequences\Hexing\Ch12_TTR_EvadeCultists1_HunterHexer_YouTwo_Sub.json,You two! Come here!,
Impact\Content\Maps\Chapters\Chapter12\TTR_EvadeCultists1\Sequences\MyGod\Ch12_TTR_EvadeCultists1_Serdar_AndIfMy_Sub.json,And if my visions make sense after all...,
Impact\Content\Maps\Chapters\Chapter12\TTR_EvadeCultists1\Sequences\MyGod\Ch12_TTR_EvadeCultists1_Serdar_AndIfMy_Sub.json,And all the parallels hold up...,
Impact\Content\Maps\Chapters\Chapter12\TTR_EvadeCultists1\Sequences\MyGod\Ch12_TTR_EvadeCultists1_Serdar_AndIfMy_Sub.json,My path to Yana will be the same here as it was back in Polyanka.,
Impact\Content\Maps\Chapters\Chapter12\TTR_EvadeCultists1\Sequences\MyGod\Ch12_TTR_EvadeCultists1_Serdar_AndIfMy_Sub.json,I should just follow the same route I took under hypnosis.,
Impact\Content\Maps\Chapters\Chapter12\TTR_EvadeCultists1\Sequences\MyGod\Ch12_TTR_EvadeCultists1_Serdar_MyGod_Sub.json,My God...,
Impact\Content\Maps\Chapters\Chapter12\TTR_EvadeCultists1\Sequences\MyGod\Ch12_TTR_EvadeCultists1_Serdar_NoWorldHasn_Sub.json,"No, Max. The world hasn’t turned inside out.",
Impact\Content\Maps\Chapters\Chapter12\TTR_EvadeCultists1\Sequences\MyGod\Ch12_TTR_EvadeCultists1_Serdar_NoWorldHasn_Sub.json,The Hell is down here alright.,
Impact\Content\Maps\Chapters\Chapter12\TTR_EvadeCultists1\Sequences\MyGod\Ch12_TTR_EvadeCultists1_Serdar_NoWorldHasn_Sub.json,"You just tried to make it cozy, my old friend.",
Impact\Content\Maps\Chapters\Chapter12\TTR_EvadeCultists1\Sequences\PlatformConversation\C12_TTR_EvadeCultists1_HunterPlatform01_ComplaintConfirm_Sub.json,"You are right, there have been a lot.",
Impact\Content\Maps\Chapters\Chapter12\TTR_EvadeCultists1\Sequences\PlatformConversation\C12_TTR_EvadeCultists1_HunterPlatform01_Perhaps_Sub.json,"Hmm, perhaps it is.",
Impact\Content\Maps\Chapters\Chapter12\TTR_EvadeCultists1\Sequences\PlatformConversation\C12_TTR_EvadeCultists1_HunterPlatform01_SignOfWhat_Sub.json,A sign of what?,
Impact\Content\Maps\Chapters\Chapter12\TTR_EvadeCultists1\Sequences\PlatformConversation\C12_TTR_EvadeCultists1_HunterPlatform02_AngryWorm_Sub.json,The great worm.,
Impact\Content\Maps\Chapters\Chapter12\TTR_EvadeCultists1\Sequences\PlatformConversation\C12_TTR_EvadeCultists1_HunterPlatform02_AngryWorm_Sub.json,It is angry with us.,
Impact\Content\Maps\Chapters\Chapter12\TTR_EvadeCultists1\Sequences\PlatformConversation\C12_TTR_EvadeCultists1_HunterPlatform02_ItsaSign_Sub.json,It has to be a sign.,
Impact\Content\Maps\Chapters\Chapter12\TTR_EvadeCultists1\Sequences\PlatformConversation\C12_TTR_EvadeCultists1_HunterPlatform02_IwillKeepAnEyeOut_Sub.json,Perhaps. I'm sure.,
Impact\Content\Maps\Chapters\Chapter12\TTR_EvadeCultists1\Sequences\PlatformConversation\C12_TTR_EvadeCultists1_HunterPlatform02_IwillKeepAnEyeOut_Sub.json,I'll keep watch.,
Impact\Content\Maps\Chapters\Chapter12\TTR_EvadeCultists1\Sequences\PlatformConversation\C12_TTR_EvadeCultists1_HunterPlatform02_IwillKeepAnEyeOut_Sub.json,You go check on the others.,
Impact\Content\Maps\Chapters\Chapter12\TTR_EvadeCultists1\Sequences\PlatformConversation\C12_TTR_EvadeCultists1_HunterPlatform02_NosalisComplain_Sub.json,The Nosalis attacks are getting more frequent.,
Impact\Content\Maps\Chapters\Chapter12\TTR_EvadeCultists2\Foreshadowing\Ch12_TTR_EvadeCultists2_ForeshadowHunter1_BadDima_Sub.json,"Bad! Don't touch barrels, barrels explode.",
Impact\Content\Maps\Chapters\Chapter12\TTR_EvadeCultists2\Foreshadowing\Ch12_TTR_EvadeCultists2_ForeshadowHunter1_BigBadaBoom_Sub.json,Big explode.,
Impact\Content\Maps\Chapters\Chapter12\TTR_EvadeCultists2\Foreshadowing\Ch12_TTR_EvadeCultists2_ForeshadowHunter1_HeyYouDima_Sub.json,Hey you! Dima!,
Impact\Content\Maps\Chapters\Chapter12\TTR_EvadeCultists2\Foreshadowing\Ch12_TTR_EvadeCultists2_ForeshadowHunter1_HeyYouDima_Sub.json,Don't touch the barrels at the gate!,
Impact\Content\Maps\Chapters\Chapter12\TTR_EvadeCultists2\Foreshadowing\Ch12_TTR_EvadeCultists2_ForeshadowHunter2_BadaBoom_Sub.json,Big explode?,
Impact\Content\Maps\Chapters\Chapter12\TTR_EvadeCultists2\Foreshadowing\Ch12_TTR_EvadeCultists2_ForeshadowHunter2_MaybeJustLittle_Sub.json,No. It was not me...,
Impact\Content\Maps\Chapters\Chapter12\TTR_EvadeCultists2\Foreshadowing\Ch12_TTR_EvadeCultists2_ForeshadowHunter2_MaybeJustLittle_Sub.json,Well... I moved them close to gate.,
Impact\Content\Maps\Chapters\Chapter12\TTR_EvadeCultists2\InspectionPatrol\Ch12_TTR_EvadeCultists2_FireHunter1_AllSacrifice_Sub.json,All sacrifice screaming and squirming sacrifice...,
Impact\Content\Maps\Chapters\Chapter12\TTR_EvadeCultists2\InspectionPatrol\Ch12_TTR_EvadeCultists2_FireHunter1_AllSacrifice_Sub.json,That is what makes it sacrifice.,
Impact\Content\Maps\Chapters\Chapter12\TTR_EvadeCultists2\InspectionPatrol\Ch12_TTR_EvadeCultists2_FireHunter1_HaveLittleNibble_Sub.json,"Dont be afraid, just let me have little bite!",
Impact\Content\Maps\Chapters\Chapter12\TTR_EvadeCultists2\InspectionPatrol\Ch12_TTR_EvadeCultists2_FireHunter1_HelloTastyOne_Sub.json,"Hello tasty one, just a bit longer to wait.",
Impact\Content\Maps\Chapters\Chapter12\TTR_EvadeCultists2\InspectionPatrol\Ch12_TTR_EvadeCultists2_FireHunter1_HelloTastyOne_Sub.json,Almost ready now!,
Impact\Content\Maps\Chapters\Chapter12\TTR_EvadeCultists2\InspectionPatrol\Ch12_TTR_EvadeCultists2_FireHunter1_OkEnough_Sub.json,Ok enough. Soon it is time for sacrifice.,
Impact\Content\Maps\Chapters\Chapter12\TTR_EvadeCultists2\InspectionPatrol\Ch12_TTR_EvadeCultists2_FireHunter1_StopCry_Sub.json,Stop crying. Stop crying!,
Impact\Content\Maps\Chapters\Chapter12\TTR_EvadeCultists2\InspectionPatrol\Ch12_TTR_EvadeCultists2_FireHunter1_StopCry_Sub.json,You will let out all juices.,
Impact\Content\Maps\Chapters\Chapter12\TTR_EvadeCultists2\InspectionPatrol\Ch12_TTR_EvadeCultists2_FireHunter1_WeHaveVolunteer_Sub.json,You can go first!,
Impact\Content\Maps\Chapters\Chapter12\TTR_EvadeCultists2\InspectionPatrol\Ch12_TTR_EvadeCultists2_FireHunter1_WhoElseOn_Sub.json,Who else on menu today?,
Impact\Content\Maps\Chapters\Chapter12\TTR_EvadeCultists2\InspectionPatrol\Ch12_TTR_EvadeCultists2_FireHunter2_Hehehe_Sub.json,Hehehe,
Impact\Content\Maps\Chapters\Chapter12\TTR_EvadeCultists2\InspectionPatrol\Ch12_TTR_EvadeCultists2_FireHunter2_MoreDeliciousFresh_Sub.json,"Mmmmm, more delicious when they are still fresh!",
Impact\Content\Maps\Chapters\Chapter12\TTR_EvadeCultists2\InspectionPatrol\Ch12_TTR_EvadeCultists2_FireHunter2_ThisTrue_Sub.json,"This is true, I eat once before sacrifice and worm punish me with bad pain.",
Impact\Content\Maps\Chapters\Chapter12\TTR_EvadeCultists2\InspectionPatrol\Ch12_TTR_EvadeCultists2_FireHunter2_ThisTrue_Sub.json,It stayed many nights.,
Impact\Content\Maps\Chapters\Chapter12\TTR_EvadeCultists2\InspectionPatrol\Ch12_TTR_EvadeCultists2_FireHunter2_WorstKind_Sub.json,Worst kind of sacrifice?,
Impact\Content\Maps\Chapters\Chapter12\TTR_EvadeCultists2\InspectionPatrol\Ch12_TTR_EvadeCultists2_FireHunter2_WorstKind_Sub.json,"No, screaming and squirming sacrifice is the worst kind!",
Impact\Content\Maps\Chapters\Chapter12\TTR_EvadeCultists2\InspectionPatrol\Ch12_TTR_EvadeCultists2_FireHunter2_WorstKind_Sub.json,Hurts in my ears!,
Impact\Content\Maps\Chapters\Chapter12\TTR_EvadeCultists2\InspectionPatrol\Ch12_TTR_EvadeCultists2_FireHunter3_Hahaha_Sub.json,Hahaha,
Impact\Content\Maps\Chapters\Chapter12\TTR_EvadeCultists2\InspectionPatrol\Ch12_TTR_EvadeCultists2_FireHunter3_NoJuiceWorst_Sub.json,No more juices is the worst kind of sacrifice.,
Impact\Content\Maps\Chapters\Chapter12\TTR_EvadeCultists2\InspectionPatrol\Ch12_TTR_EvadeCultists2_FireHunter3_SoTender_Sub.json,"So tender, I can already taste her!",
Impact\Content\Maps\Chapters\Chapter12\TTR_EvadeCultists2\InspectionPatrol\Ch12_TTR_EvadeCultists2_FireHunter3_SpoilAppetite_Sub.json,Careful! You spoil our appetite!,
Impact\Content\Maps\Chapters\Chapter12\TTR_EvadeCultists2\InspectionPatrol\Ch12_TTR_EvadeCultists2_FireHunter3_StartingSoon_Sub.json,Speak of sacrifice!,
Impact\Content\Maps\Chapters\Chapter12\TTR_EvadeCultists2\InspectionPatrol\Ch12_TTR_EvadeCultists2_FireHunter3_StartingSoon_Sub.json,We must go. It must start.,
Impact\Content\Maps\Chapters\Chapter12\TTR_EvadeCultists2\JealousHunters\Ch12_TTR_EvadeCultists2_JealousHunter1_LuckyToBeSlave_Sub.json,Lucky to be slave I think.,
Impact\Content\Maps\Chapters\Chapter12\TTR_EvadeCultists2\JealousHunters\Ch12_TTR_EvadeCultists2_JealousHunter1_NoiseWhereHear_Sub.json,Noise? What noise?,
Impact\Content\Maps\Chapters\Chapter12\TTR_EvadeCultists2\JealousHunters\Ch12_TTR_EvadeCultists2_JealousHunter1_NoNoise_Sub.json,No noise.,
Impact\Content\Maps\Chapters\Chapter12\TTR_EvadeCultists2\JealousHunters\Ch12_TTR_EvadeCultists2_JealousHunter1_NoNotEaten_Sub.json,No. Not eaten.,
Impact\Content\Maps\Chapters\Chapter12\TTR_EvadeCultists2\JealousHunters\Ch12_TTR_EvadeCultists2_JealousHunter1_NoNotEaten_Sub.json,But think. Slaves chosen by the worm!,
Impact\Content\Maps\Chapters\Chapter12\TTR_EvadeCultists2\JealousHunters\Ch12_TTR_EvadeCultists2_JealousHunter1_NoNotEaten_Sub.json,Rebirth awaits them soon!,
Impact\Content\Maps\Chapters\Chapter12\TTR_EvadeCultists2\JealousHunters\Ch12_TTR_EvadeCultists2_JealousHunter1_SoWhat_Sub.json,So what?,
Impact\Content\Maps\Chapters\Chapter12\TTR_EvadeCultists2\JealousHunters\Ch12_TTR_EvadeCultists2_JealousHunter1_WeGoodPeople_Sub.json,Yes good thing.,
Impact\Content\Maps\Chapters\Chapter12\TTR_EvadeCultists2\JealousHunters\Ch12_TTR_EvadeCultists2_JealousHunter1_WeGoodPeople_Sub.json,Set them on the right path.,
Impact\Content\Maps\Chapters\Chapter12\TTR_EvadeCultists2\JealousHunters\Ch12_TTR_EvadeCultists2_JealousHunter1_WeGoodPeople_Sub.json,We are good people.,
Impact\Content\Maps\Chapters\Chapter12\TTR_EvadeCultists2\JealousHunters\Ch12_TTR_EvadeCultists2_JealousHunter1_WhatWhat_Sub.json,What is what?,
Impact\Content\Maps\Chapters\Chapter12\TTR_EvadeCultists2\JealousHunters\Ch12_TTR_EvadeCultists2_JealousHunter2_NoiseHearNoise_Sub.json,Noise. I hear noise.,
Impact\Content\Maps\Chapters\Chapter12\TTR_EvadeCultists2\JealousHunters\Ch12_TTR_EvadeCultists2_JealousHunter2_NoiseThereNoise_Sub.json,Noise. There noise.,
Impact\Content\Maps\Chapters\Chapter12\TTR_EvadeCultists2\JealousHunters\Ch12_TTR_EvadeCultists2_JealousHunter2_OhOkOk_Sub.json,Oh. Ok.,
Impact\Content\Maps\Chapters\Chapter12\TTR_EvadeCultists2\JealousHunters\Ch12_TTR_EvadeCultists2_JealousHunter2_OhOkOk_Sub.json,Ok.,
Impact\Content\Maps\Chapters\Chapter12\TTR_EvadeCultists2\JealousHunters\Ch12_TTR_EvadeCultists2_JealousHunter2_RightAboutThat_Sub.json,You are right...,
Impact\Content\Maps\Chapters\Chapter12\TTR_EvadeCultists2\JealousHunters\Ch12_TTR_EvadeCultists2_JealousHunter2_RightAboutThat_Sub.json,And to the world of less suffering.,
Impact\Content\Maps\Chapters\Chapter12\TTR_EvadeCultists2\JealousHunters\Ch12_TTR_EvadeCultists2_JealousHunter2_RightAboutThat_Sub.json,Good thing we sacrifice them!,
Impact\Content\Maps\Chapters\Chapter12\TTR_EvadeCultists2\JealousHunters\Ch12_TTR_EvadeCultists2_JealousHunter2_So_Sub.json,So?,
Impact\Content\Maps\Chapters\Chapter12\TTR_EvadeCultists2\JealousHunters\Ch12_TTR_EvadeCultists2_JealousHunter2_WhatNoise_Sub.json,What noise?,
Impact\Content\Maps\Chapters\Chapter12\TTR_EvadeCultists2\JealousHunters\Ch12_TTR_EvadeCultists2_JealousHunter2_WhatThat_Sub.json,What is that?,
Impact\Content\Maps\Chapters\Chapter12\TTR_EvadeCultists2\JealousHunters\Ch12_TTR_EvadeCultists2_JealousHunter2_WhyLucky_Sub.json,Why lucky? You want to be eaten?,
Impact\Content\Maps\Chapters\Chapter12\TTR_EvadeCultists2\JealousHunters\Ch12_TTR_EvadeCultists2_JealousHunter2_WhyLucky_Sub.json,"Hmmm you look tasty, not bad idea...",
Impact\Content\Maps\Chapters\Chapter12\TTR_EvadeCultists2\OfficeSpace\Ch12_TTR_EvadeCultists2_FireHunter1_YouBothWrong_Sub.json,Ha! You are both wrong.,
Impact\Content\Maps\Chapters\Chapter12\TTR_EvadeCultists2\OfficeSpace\Ch12_TTR_EvadeCultists2_FireHunter1_YouBothWrong_Sub.json,This how you do it.,
Impact\Content\Maps\Chapters\Chapter12\TTR_EvadeCultists2\OfficeSpace\Ch12_TTR_EvadeCultists2_FireHunter2_DoItWrong_Sub.json,No! You do it wrong.,
Impact\Content\Maps\Chapters\Chapter12\TTR_EvadeCultists2\OfficeSpace\Ch12_TTR_EvadeCultists2_FireHunter2_DoLikeThis_Sub.json,Do like this!,
Impact\Content\Maps\Chapters\Chapter12\TTR_EvadeCultists2\OfficeSpace\Ch12_TTR_EvadeCultists2_FireHunter2_SeeMuchBetter_Sub.json,See? Much better.,
Impact\Content\Maps\Chapters\Chapter12\TTR_EvadeCultists2\OfficeSpace\Ch12_TTR_EvadeCultists2_FireHunter3_MyWayBest_Sub.json,Look how I do it.,
Impact\Content\Maps\Chapters\Chapter12\TTR_EvadeCultists2\OfficeSpace\Ch12_TTR_EvadeCultists2_FireHunter3_MyWayBest_Sub.json,This is the best way.,
Impact\Content\Maps\Chapters\Chapter12\TTR_EvadeCultists2\OfficeSpace\Ch12_TTR_EvadeCultists2_FireHunter3_NotWrongProve_Sub.json,I don't do it wrong!,
Impact\Content\Maps\Chapters\Chapter12\TTR_EvadeCultists2\OfficeSpace\Ch12_TTR_EvadeCultists2_FireHunter3_NotWrongProve_Sub.json,Prove it.,
Impact\Content\Maps\Chapters\Chapter12\TTR_EvadeCultists2\PriestDistant\Ch12_TTR_EvadeCultists2_Priest_AndTheGreat_Sub.json,And the Great Worm ate through the rock to create these holes we call tunnels.,
Impact\Content\Maps\Chapters\Chapter12\TTR_EvadeCultists2\PriestDistant\Ch12_TTR_EvadeCultists2_Priest_AndTheGreat_Sub.json,And the Great Worm opened his womb and people came out of it.,
Impact\Content\Maps\Chapters\Chapter12\TTR_EvadeCultists2\PriestDistant\Ch12_TTR_EvadeCultists2_Priest_AndTheGreatLeft_Sub.json,And the Great Worm left them and hid from them in incredible depths.,
Impact\Content\Maps\Chapters\Chapter12\TTR_EvadeCultists2\PriestDistant\Ch12_TTR_EvadeCultists2_Priest_AndTheGreatLeft_Sub.json,And so they did.,
Impact\Content\Maps\Chapters\Chapter12\TTR_EvadeCultists2\PriestDistant\Ch12_TTR_EvadeCultists2_Priest_AndTheGreatLeft_Sub.json,And they forgot their roots and they forgot who gave them birth.,
Impact\Content\Maps\Chapters\Chapter12\TTR_EvadeCultists2\PriestDistant\Ch12_TTR_EvadeCultists2_Priest_AndTheGreatLeft_Sub.json,"They said: we have always been here, and this Earth is ours.",
Impact\Content\Maps\Chapters\Chapter12\TTR_EvadeCultists2\PriestDistant\Ch12_TTR_EvadeCultists2_Priest_AndTheGreatLeft_Sub.json,"But people are weak, and they created machines to become stronger.",
Impact\Content\Maps\Chapters\Chapter12\TTR_EvadeCultists2\PriestDistant\Ch12_TTR_EvadeCultists2_Priest_AndTheirPower_Sub.json,And their power they can’t handle.,
Impact\Content\Maps\Chapters\Chapter12\TTR_EvadeCultists2\PriestDistant\Ch12_TTR_EvadeCultists2_Priest_AndTheirPower_Sub.json,And their pride they can’t limit.,
Impact\Content\Maps\Chapters\Chapter12\TTR_EvadeCultists2\PriestDistant\Ch12_TTR_EvadeCultists2_Priest_AndTheirPower_Sub.json,"But we, the faithful Children of the Worm,",
Impact\Content\Maps\Chapters\Chapter12\TTR_EvadeCultists2\PriestDistant\Ch12_TTR_EvadeCultists2_Priest_AndTheirPower_Sub.json,we have always been here.,
Impact\Content\Maps\Chapters\Chapter12\TTR_EvadeCultists2\PriestDistant\Ch12_TTR_EvadeCultists2_Priest_AndTheirPower_Sub.json,We must defend our sacred Earth from the Machine people.,
Impact\Content\Maps\Chapters\Chapter12\TTR_EvadeCultists2\PriestDistant\Ch12_TTR_EvadeCultists2_Priest_AndWithThat_Sub.json,And with that power they burned the Earth.,
Impact\Content\Maps\Chapters\Chapter12\TTR_EvadeCultists2\PriestDistant\Ch12_TTR_EvadeCultists2_Priest_AndWithThat_Sub.json,And with that power they killed themselves.,
Impact\Content\Maps\Chapters\Chapter12\TTR_EvadeCultists2\PriestDistant\Ch12_TTR_EvadeCultists2_Priest_AndWithThat_Sub.json,"And then those who lived ran back to the wormholes of the Great Worm,",
Impact\Content\Maps\Chapters\Chapter12\TTR_EvadeCultists2\PriestDistant\Ch12_TTR_EvadeCultists2_Priest_AndWithThat_Sub.json,where we have lived since.,
Impact\Content\Maps\Chapters\Chapter12\TTR_EvadeCultists2\PriestDistant\Ch12_TTR_EvadeCultists2_Priest_AndWithThat_Sub.json,And they brought their murderous machines.,
Impact\Content\Maps\Chapters\Chapter12\TTR_EvadeCultists2\PriestDistant\Ch12_TTR_EvadeCultists2_Priest_AtFirstOnly_Sub.json,"At first, there was only earth, as solid as rock, and it was everywhere.",
Impact\Content\Maps\Chapters\Chapter12\TTR_EvadeCultists2\PriestDistant\Ch12_TTR_EvadeCultists2_Priest_AtFirstOnly_Sub.json,And there was nothing in this rock but the Great Worm.,
Impact\Content\Maps\Chapters\Chapter12\TTR_EvadeCultists2\PriestDistant\Ch12_TTR_EvadeCultists2_Priest_ButWasnEither_Sub.json,"But wasn’t enough either, so they created atom power, to become even stronger.",
Impact\Content\Maps\Chapters\Chapter12\TTR_EvadeCultists2\PriestDistant\Ch12_TTR_EvadeCultists2_Priest_ButWasnEither_Sub.json,"And this wasn’t enough either, so they made machines think, so that they grow ever stronger.",
Impact\Content\Maps\Chapters\Chapter12\TTR_EvadeCultists2\PriestDistant\Ch12_TTR_EvadeCultists2_Priest_ButWasnEither_Sub.json,And this was too much power for them to hold.,
Impact\Content\Maps\Chapters\Chapter12\TTR_EvadeCultists2\PriestDistant\Ch12_TTR_EvadeCultists2_Priest_ButWasnEither_Sub.json,This was too much power for them to answer for.,
Impact\Content\Maps\Chapters\Chapter12\TTR_EvadeCultists2\PriestDistant\Ch12_TTR_EvadeCultists2_Priest_ButWasnEither_Sub.json,Because they remained small.,
Impact\Content\Maps\Chapters\Chapter12\TTR_EvadeCultists2\PriestDistant\Ch12_TTR_EvadeCultists2_Priest_ThoseWhoWill_Sub.json,"Those who will turn to our faith, we will pardon.",
Impact\Content\Maps\Chapters\Chapter12\TTR_EvadeCultists2\PriestDistant\Ch12_TTR_EvadeCultists2_Priest_ThoseWhoWill_Sub.json,"Those who are too old to change, we will sacrifice.",
Impact\Content\Maps\Chapters\Chapter12\TTR_EvadeCultists2\PriestDistant\Ch12_TTR_EvadeCultists2_Priest_ThoseWhoWill_Sub.json,Those who betrayed the Worm must feed those who pray to him.,
Impact\Content\Maps\Chapters\Chapter12\TTR_EvadeCultists2\PriestDistant\Ch12_TTR_EvadeCultists2_Priest_ThoseWhoWill_Sub.json,"Their flesh is sweet, and we merit it.",
Impact\Content\Maps\Chapters\Chapter12\TTR_EvadeCultists2\PriestDistant\Ch12_TTR_EvadeCultists2_Priest_ThoseWhoWill_Sub.json,And so will be until the last machine man is gone from this Earth.,
Impact\Content\Maps\Chapters\Chapter12\TTR_EvadeCultists2\PriestDistant\Ch12_TTR_EvadeCultists2_Priest_ThoseWhoWill_Sub.json,And then the Great Worm will return!,
Impact\Content\Maps\Chapters\Chapter12\TTR_EvadeCultists2\PriestDistant\Ch12_TTR_EvadeCultists2_Priest_YesAreAll_Sub.json,"Yes, we are all Children of the Worm.",
Impact\Content\Maps\Chapters\Chapter12\TTR_EvadeCultists2\PriestDistant\Ch12_TTR_EvadeCultists2_Priest_YesAreAll_Sub.json,"And the Great Worm gave us food, and there was plenty.",
Impact\Content\Maps\Chapters\Chapter12\TTR_EvadeCultists2\PriestDistant\Ch12_TTR_EvadeCultists2_Priest_YesAreAll_Sub.json,But some people became too proud.,
Impact\Content\Maps\Chapters\Chapter12\TTR_EvadeCultists2\PriestDistant\Ch12_TTR_EvadeCultists2_Priest_YesAreAll_Sub.json,"They said: this Earth is dark, we will come out and live on the upside.",
Impact\Content\Maps\Chapters\Chapter12\TTR_EvadeCultists3\AfterMath\Ch12_TTR_EvadeCultists3_Yana_SerdarWakeUp_Sub.json,"Serdar, are you alright?",
Impact\Content\Maps\Chapters\Chapter12\TTR_EvadeCultists3\AfterMath\Ch12_TTR_EvadeCultists3_Yana_ThankGoodness_Sub.json,Oh thank goodness.,
Impact\Content\Maps\Chapters\Chapter12\TTR_EvadeCultists3\AfterMath\Ch12_TTR_EvadeCultists3_Yana_WakeUp_Sub.json,Wake up!,
Impact\Content\Maps\Chapters\Chapter12\TTR_EvadeCultists3\PrayerPatrol\Ch12_TTR_EvadeCultists3_PrayerPatrol_Cultist03_PleaseStop_Sub.json,"Oh great worm, please stop shaking our home.",
Impact\Content\Maps\Chapters\Chapter12\TTR_EvadeCultists3\PrayerPatrol\Ch12_TTR_EvadeCultists3_PrayerPatrol_Cultist03_PleaseStop_Sub.json,We promise to be better...,
Impact\Content\Maps\Chapters\Chapter12\TTR_EvadeCultists3\PrayerPatrol\Ch12_TTR_EvadeCultists3_PrayerPatrol_Cultist03_SoScrewed_Sub.json,The station is doomed.,
Impact\Content\Maps\Chapters\Chapter12\TTR_EvadeCultists3\PrayerPatrol\Ch12_TTR_EvadeCultists3_PrayerPatrol_Cultist03_SoScrewed_Sub.json,The sacrifices aren't working...,
Impact\Content\Maps\Chapters\Chapter12\TTR_EvadeCultists3\VortexPatrol\CH12_TTR_EvadeCultists3_VortexPatrol_Hunter04_ThereItIs_Sub.json,Shit! Shit! It is here!,
Impact\Content\Maps\Chapters\Chapter12\TTR_EvadeCultists3\VortexPatrol\CH12_TTR_EvadeCultists3_VortexPatrol_Hunter04_ThereItIs_Sub.json,Did you see it?,
